GeoFIPS,GeoName,Region,TableName,LineCode,IndustryClassification,Description,Unit,2005:Q2,2005:Q3,2005:Q4,2006:Q1,2006:Q2,2006:Q3,2006:Q4,2007:Q1,2007:Q2,2007:Q3,2007:Q4,2008:Q1,2008:Q2,2008:Q3,2008:Q4,2009:Q1,2009:Q2,2009:Q3,2009:Q4,2010:Q1,2010:Q2,2010:Q3,2010:Q4,2011:Q1,2011:Q2,2011:Q3,2011:Q4,2012:Q1,2012:Q2,2012:Q3,2012:Q4,2013:Q1,2013:Q2,2013:Q3,2013:Q4,2014:Q1,2014:Q2,2014:Q3,2014:Q4,2015:Q1,2015:Q2,2015:Q3,2015:Q4,2016:Q1,2016:Q2,2016:Q3,2016:Q4,2017:Q1,2017:Q2,2017:Q3,2017:Q4,2018:Q1,2018:Q2,2018:Q3,2018:Q4,2019:Q1,2019:Q2,2019:Q3,2019:Q4,2020:Q1,2020:Q2,2020:Q3,2020:Q4,2021:Q1,2021:Q2,2021:Q3,2021:Q4,2022:Q1,2022:Q2,2022:Q3,2022:Q4,2023:Q1
 "00000","United States *", ,SQGDP11,1,"...","All industry total (percent change) ","Percent change",0.4,1.7,0.4,3.3,-1.0,-1.3,1.4,-0.8,0.8,0.9,1.2,-2.9,1.7,-2.5,-8.7,-5.0,-1.2,0.8,3.6,1.2,3.6,3.0,2.1,-0.9,2.8,-0.3,4.4,3.0,1.7,0.7,0.5,3.6,0.6,3.3,3.0,-1.6,4.7,3.9,0.8,1.8,0.3,-1.1,-1.9,-0.2,-1.3,-0.1,-0.3,1.7,2.0,3.4,4.1,2.8,2.8,2.9,0.7,2.2,2.7,3.6,1.8,-4.6,-29.9,35.3,3.9,6.3,7.0,2.7,7.0,-1.6,-0.6,3.2,2.6,2.0
 "00000","United States *", ,SQGDP11,2,"..."," Private industries ","Percentage points",2.66,2.93,2.11,5.95,0.99,0.20,2.62,0.72,2.21,2.05,2.23,-2.01,1.59,-2.49,-8.13,-4.23,-1.02,1.17,3.45,1.23,4.18,3.06,2.51,-1.47,2.40,-0.09,5.11,2.95,1.60,0.34,0.13,3.06,0.44,3.32,3.26,-1.52,5.03,4.83,1.87,3.46,2.11,1.25,0.57,2.23,1.06,2.16,1.94,1.52,1.91,3.14,3.85,2.65,2.65,2.82,0.78,2.55,2.27,3.29,1.13,-4.80,-28.34,34.25,3.88,6.47,6.59,2.14,6.90,-1.80,-0.57,3.17,2.34,1.69
 "00000","United States *", ,SQGDP11,3,"11","   Agriculture, forestry, fishing and hunting ","Percentage points",0.14,0.05,0.11,0.02,0.28,-0.29,-0.24,-0.11,-0.35,-0.22,-0.01,0.19,-0.11,-0.14,0.34,0.24,-0.03,0.27,-0.13,-0.19,0.14,-0.04,-0.12,-0.03,-0.28,0.02,0.23,-0.10,-0.08,-0.20,-0.13,0.62,0.42,0.14,-0.08,-0.01,0.08,0.03,0.04,0.20,0.00,0.11,0.03,0.13,-0.05,0.02,-0.01,0.10,-0.07,-0.10,0.01,0.13,0.16,-0.04,0.05,-0.21,0.03,-0.02,0.00,0.37,-0.31,0.30,-0.01,-0.29,-0.14,-0.07,0.03,0.00,-0.15,-0.02,0.02,0.40
 "00000","United States *", ,SQGDP11,6,"21","   Mining, quarrying, and oil and gas extraction ","Percentage points",-0.10,-0.57,-0.36,0.98,-0.11,0.06,0.40,0.11,0.22,-0.17,-0.43,-0.47,-0.44,0.47,2.31,0.03,-0.85,-0.36,-0.37,-0.26,0.39,0.10,0.22,-0.29,0.03,0.26,0.48,0.06,0.32,-0.12,0.13,-0.05,0.08,0.09,0.28,-0.32,0.45,0.52,0.52,0.28,-0.73,0.19,0.06,0.35,-0.54,-0.10,0.00,0.08,0.34,0.22,-0.01,-0.16,0.20,0.00,0.22,0.47,0.16,0.19,-0.12,0.17,-0.33,0.09,0.14,0.34,-0.11,0.12,-0.03,-0.25,0.00,0.50,0.36,0.03
 "00000","United States *", ,SQGDP11,10,"22","   Utilities ","Percentage points",-0.03,0.09,0.01,-0.03,0.51,0.08,-0.13,-0.03,0.27,-0.04,0.12,0.07,0.45,-0.02,-0.94,-0.21,0.09,0.18,0.37,0.43,-0.04,0.12,0.11,-0.22,0.48,-0.11,0.49,-0.37,0.22,-0.02,-0.12,0.18,-0.15,-0.04,-0.13,-0.19,0.13,0.12,-0.10,-0.61,0.30,0.09,-0.02,0.11,0.08,0.17,-0.03,-0.10,0.11,-0.06,0.15,-0.14,0.18,-0.24,0.00,-0.11,0.32,-0.15,0.37,0.03,0.04,0.10,-0.15,-0.10,0.17,-0.15,-0.12,0.13,0.02,-0.31,0.03,-0.07
 "00000","United States *", ,SQGDP11,11,"23","   Construction ","Percentage points",-0.16,-0.14,-0.14,0.40,-0.37,-0.36,-0.53,0.14,0.30,-0.22,-0.61,-0.86,-0.19,-0.16,-0.88,-1.42,-0.28,0.21,-0.58,-0.35,0.28,-0.11,-0.10,-0.30,0.21,0.02,0.01,0.31,-0.07,-0.06,0.26,0.10,-0.01,0.19,-0.10,-0.01,0.22,-0.01,0.22,0.14,0.28,0.09,0.08,0.33,-0.09,0.12,0.23,0.30,-0.09,0.04,0.33,0.15,-0.14,0.08,-0.05,0.24,-0.01,0.05,-0.09,-0.16,-1.24,1.20,0.40,0.22,0.15,-0.53,-0.57,-0.06,-0.84,-0.77,-0.14,0.05
 "00000","United States *", ,SQGDP11,12,"31-33","   Manufacturing ","Percentage points",0.08,0.46,1.14,1.65,-0.05,-0.04,0.93,-0.34,1.03,1.00,1.07,-1.55,1.05,-1.22,-3.10,-2.79,0.11,0.61,1.77,0.66,0.42,0.63,0.32,-0.35,0.39,-0.51,0.65,0.39,-0.32,-0.74,-0.22,1.63,0.16,0.64,0.05,-0.74,0.96,0.63,0.23,0.70,0.00,0.06,-0.58,0.03,-0.12,0.14,-0.29,0.46,0.81,0.30,1.01,0.28,0.31,0.17,0.36,-0.63,0.33,0.46,-0.34,-1.14,-4.47,5.77,0.04,0.96,0.69,-0.47,1.47,-0.34,-0.97,0.06,0.49,-0.60
 "00000","United States *", ,SQGDP11,13,"321,327-339","     Durable goods manufacturing ","Percentage points",0.17,0.55,0.96,0.88,0.10,-0.04,0.47,0.05,0.76,0.88,0.16,-0.19,0.34,-0.12,-1.67,-2.44,-0.65,0.16,0.92,0.79,1.35,0.99,0.65,0.04,0.22,0.13,0.67,0.18,0.13,-0.10,0.19,0.46,-0.15,0.25,0.07,-0.38,0.43,0.61,-0.09,0.08,-0.05,0.09,-0.12,0.10,-0.15,0.22,0.02,0.27,0.27,0.44,0.59,0.24,0.05,0.10,0.22,-0.06,0.00,-0.01,-0.09,-0.38,-2.80,4.04,0.20,0.67,0.40,-0.54,0.86,0.07,-0.25,-0.03,0.44,-0.38
 "00000","United States *", ,SQGDP11,25,"311-316,322-326","     Nondurable goods manufacturing ","Percentage points",-0.09,-0.09,0.18,0.77,-0.16,0.00,0.45,-0.38,0.27,0.11,0.91,-1.36,0.71,-1.10,-1.43,-0.35,0.76,0.45,0.85,-0.14,-0.92,-0.37,-0.33,-0.38,0.16,-0.64,-0.02,0.21,-0.45,-0.64,-0.41,1.17,0.31,0.39,-0.02,-0.37,0.54,0.02,0.32,0.62,0.05,-0.03,-0.46,-0.07,0.03,-0.07,-0.31,0.20,0.55,-0.14,0.41,0.04,0.26,0.07,0.14,-0.58,0.32,0.47,-0.25,-0.76,-1.68,1.74,-0.16,0.29,0.29,0.07,0.61,-0.41,-0.72,0.08,0.04,-0.23
 "00000","United States *", ,SQGDP11,34,"42","   Wholesale trade ","Percentage points",0.15,0.13,0.41,0.02,-0.15,-0.01,0.06,-0.12,0.56,-0.13,0.19,-0.19,-0.12,-0.28,-1.11,-1.66,-0.87,-0.03,0.88,-0.23,0.78,0.69,0.00,-0.09,-0.25,-0.10,1.17,-0.37,0.61,0.12,-0.20,0.28,-0.12,0.36,0.28,-0.28,0.49,0.80,0.03,0.19,0.19,-0.01,-0.29,-0.33,0.15,0.28,-0.14,-0.03,-0.11,0.09,0.17,0.20,-0.17,0.32,0.00,0.28,-0.40,0.16,-0.03,0.17,-1.93,2.61,0.04,0.48,0.32,-0.45,0.40,0.01,-0.45,0.38,0.20,-0.11
 "00000","United States *", ,SQGDP11,35,"44-45","   Retail trade ","Percentage points",0.69,0.62,-0.60,0.44,0.24,-0.61,0.20,-0.51,-0.75,-0.03,0.06,-0.42,-0.17,-0.25,-0.55,-0.13,-0.04,-0.22,0.51,-0.24,0.29,0.01,0.06,0.00,-0.06,-0.15,0.39,0.21,-0.43,0.50,-0.11,0.61,-0.23,-0.07,0.10,0.05,0.32,0.16,-0.17,0.40,0.42,0.26,0.10,0.41,0.05,0.28,0.19,0.04,0.17,0.50,0.02,0.33,-0.13,0.36,-0.29,0.34,0.04,0.30,-0.06,-0.40,-1.77,2.81,0.00,1.00,-0.74,-0.86,0.43,-0.93,0.08,0.39,0.46,0.57
 "00000","United States *", ,SQGDP11,36,"48-49","   Transportation and warehousing ","Percentage points",0.22,0.63,0.16,-0.02,0.29,-0.01,-0.03,-0.24,0.40,-0.22,0.31,-0.11,0.02,-0.15,-0.30,-0.73,0.16,-0.02,0.21,-0.05,0.23,0.37,0.24,-0.24,0.10,-0.15,0.11,0.11,-0.06,-0.02,-0.02,0.17,-0.10,0.10,0.26,-0.01,0.08,0.28,0.00,-0.14,0.26,0.22,0.04,-0.21,0.28,0.01,0.27,0.09,0.09,0.06,0.09,0.28,-0.08,0.12,0.10,-0.01,0.06,0.14,-0.16,-0.27,-2.29,1.68,0.18,0.36,-0.23,0.45,0.23,-0.35,0.07,0.33,0.16,0.11
 "00000","United States *", ,SQGDP11,45,"51","   Information ","Percentage points",0.41,-0.09,0.08,-0.01,0.42,0.72,-0.05,0.62,0.67,0.61,0.50,-0.10,0.62,0.04,-0.98,-0.28,0.01,0.10,0.79,-0.04,0.22,0.64,0.01,-0.17,0.13,-0.11,0.02,-0.10,0.25,-0.26,-0.11,1.46,0.20,0.39,0.61,-0.46,0.28,0.15,0.19,0.76,0.46,0.56,0.66,0.56,0.15,0.34,0.11,0.35,0.29,0.54,0.50,0.26,0.67,0.31,0.10,0.25,0.48,0.34,0.24,-0.04,-0.24,1.50,0.10,0.87,1.23,0.50,0.86,-0.13,0.08,0.88,0.34,0.24
 "00000","United States *", ,SQGDP11,51,"52","   Finance and insurance ","Percentage points",0.35,0.54,0.36,0.71,-0.68,0.24,0.11,0.38,-1.01,-0.60,-1.49,0.63,-1.20,-1.69,-2.66,6.51,2.72,0.54,-0.63,-0.61,-1.01,-1.07,0.15,0.68,-0.48,0.69,0.48,1.18,0.57,0.45,-0.36,-2.23,0.10,-0.07,0.85,0.19,0.89,0.01,0.43,0.56,0.65,-1.15,0.11,-0.13,0.73,0.71,0.39,-0.76,-1.01,0.44,0.05,-0.22,0.18,0.54,-0.99,0.93,0.36,0.15,1.25,-1.27,1.12,1.16,1.25,0.01,0.46,0.13,0.73,-0.48,0.17,-0.21,-0.46,-0.43
 "00000","United States *", ,SQGDP11,56,"53","   Real estate and rental and leasing ","Percentage points",0.66,0.17,0.38,-0.12,0.25,0.45,1.21,0.48,0.46,0.83,1.13,0.27,0.41,-0.16,-0.07,-0.64,-0.84,0.03,0.28,1.03,1.14,0.33,0.64,-0.65,0.96,-0.16,0.88,-0.46,0.33,0.44,-0.22,0.54,0.09,0.83,0.13,-0.16,0.10,0.26,-0.14,-0.11,-0.25,0.11,0.02,0.16,0.28,-0.05,-0.03,0.38,0.33,0.10,0.30,0.57,0.35,0.26,0.32,0.21,0.24,0.47,-0.10,-0.20,-1.73,1.48,-0.30,0.69,0.35,0.56,0.89,0.25,0.22,0.43,-0.29,0.31
 "00000","United States *", ,SQGDP11,60,"54","   Professional, scientific, and technical services ","Percentage points",-0.11,0.19,0.20,0.65,0.12,0.15,0.31,0.11,0.20,0.78,0.85,0.49,0.74,0.48,-0.12,-1.23,-0.83,-0.13,-0.18,0.51,0.37,0.60,0.35,0.07,0.53,0.10,0.21,0.60,0.37,0.01,0.26,-0.18,-0.18,0.29,0.34,0.03,0.41,0.87,0.14,0.28,0.25,0.32,0.15,0.45,0.01,-0.01,0.34,0.12,0.45,0.39,0.48,0.57,0.52,0.29,0.19,0.38,0.27,0.51,0.15,0.08,-1.79,2.17,0.40,0.81,1.22,1.04,0.78,0.03,0.26,0.59,0.62,0.15
 "00000","United States *", ,SQGDP11,64,"55","   Management of companies and enterprises ","Percentage points",-0.12,0.01,0.04,0.18,0.04,-0.03,0.15,0.22,-0.02,0.06,0.03,-0.12,0.03,0.06,-0.06,-0.68,0.08,0.19,0.04,0.16,0.09,0.11,0.20,0.09,0.03,-0.10,0.04,0.34,0.03,0.16,0.40,-0.29,0.18,0.22,0.13,0.29,-0.12,0.10,0.08,0.16,0.03,0.03,0.01,-0.04,0.01,0.06,0.13,0.11,0.15,0.15,0.40,-0.12,0.05,0.26,0.10,0.24,0.06,0.00,0.06,-0.04,-0.13,0.16,0.56,0.07,0.29,-0.07,0.36,0.02,0.15,0.08,0.20,-0.05
 "00000","United States *", ,SQGDP11,65,"56","   Administrative and support and waste management and remediation services ","Percentage points",0.20,0.11,0.09,0.14,-0.04,-0.01,0.10,0.16,0.24,0.19,0.15,-0.20,0.03,-0.01,-0.23,-0.62,-0.27,-0.08,0.22,0.45,0.17,0.15,0.19,0.02,0.12,0.06,0.00,0.30,-0.03,0.04,0.04,-0.03,0.09,0.14,0.08,0.08,0.20,0.09,0.06,0.03,-0.03,0.06,-0.04,-0.05,-0.03,0.10,0.24,0.28,0.18,0.17,0.18,0.05,0.07,0.18,0.22,-0.02,0.03,0.06,-0.02,-0.10,-1.58,1.45,0.48,0.62,0.25,0.47,0.54,0.38,0.14,0.05,-0.02,0.06
 "00000","United States *", ,SQGDP11,69,"61","   Educational services ","Percentage points",-0.02,0.04,-0.01,0.07,0.04,0.00,0.01,0.00,0.02,0.05,0.06,0.05,0.09,0.13,0.08,0.21,0.00,0.01,0.04,0.06,0.06,0.02,0.03,0.01,0.01,-0.05,-0.02,0.06,0.02,-0.04,-0.05,-0.05,0.00,0.01,0.05,-0.06,0.03,0.04,0.00,0.01,-0.01,0.02,0.08,0.07,0.03,-0.03,0.02,-0.06,-0.03,0.00,0.00,0.07,0.04,0.04,0.07,0.04,0.04,0.00,-0.06,-0.10,-0.51,0.25,-0.15,0.13,0.12,0.12,0.06,0.06,-0.05,0.06,0.06,0.00
 "00000","United States *", ,SQGDP11,70,"62","   Health care and social assistance ","Percentage points",0.22,0.47,0.15,0.54,0.21,-0.04,0.18,-0.12,0.15,0.27,0.36,0.58,0.46,0.49,0.44,-0.03,0.13,-0.01,0.22,-0.20,0.28,0.24,0.10,0.01,0.26,0.12,0.09,0.34,-0.11,0.07,0.33,0.21,0.04,0.06,0.11,-0.04,0.16,0.40,0.27,0.47,0.20,0.26,0.14,0.34,0.17,-0.05,0.31,0.16,0.18,0.10,0.16,0.39,0.05,0.18,0.19,0.29,0.22,0.23,0.20,-0.09,-3.59,5.28,0.58,-0.40,0.17,0.14,0.41,0.20,0.27,0.39,0.34,0.61
 "00000","United States *", ,SQGDP11,76,"71","   Arts, entertainment, and recreation ","Percentage points",0.04,0.05,0.00,0.08,0.03,-0.04,0.03,0.01,-0.01,0.06,-0.02,0.00,0.03,0.02,0.06,-0.10,-0.02,0.01,0.00,0.07,0.06,0.02,0.11,-0.05,0.07,0.06,-0.08,0.18,0.02,0.00,0.07,-0.02,0.00,0.00,0.11,0.05,0.04,0.04,-0.02,-0.08,-0.03,0.02,0.03,0.04,0.02,0.06,0.13,-0.09,0.07,0.16,-0.02,0.00,0.17,-0.03,-0.02,-0.03,0.00,0.12,0.03,-0.50,-1.96,1.01,0.40,0.41,0.23,0.45,0.30,-0.01,0.18,0.25,0.06,0.16
 "00000","United States *", ,SQGDP11,79,"72","   Accommodation and food services ","Percentage points",0.02,0.10,0.07,0.18,-0.04,0.03,-0.03,0.02,-0.10,-0.10,0.04,-0.17,-0.02,-0.08,-0.29,-0.41,-0.17,-0.02,0.05,0.16,0.22,0.17,0.03,0.12,0.16,0.04,-0.05,0.18,-0.06,-0.01,0.16,0.17,-0.09,0.02,0.10,0.08,0.15,0.20,0.06,0.24,0.12,0.09,0.01,0.00,-0.05,0.10,0.10,0.13,0.02,-0.03,-0.03,-0.07,0.17,0.02,0.20,-0.02,0.07,0.16,-0.23,-1.06,-4.19,3.95,-0.15,0.45,1.83,0.53,0.08,-0.37,0.23,0.04,-0.08,0.26
 "00000","United States *", ,SQGDP11,82,"81","   Other services (except government and government enterprises) ","Percentage points",0.00,0.05,0.00,0.05,0.01,-0.06,-0.04,-0.05,-0.07,-0.06,-0.07,-0.11,-0.09,-0.03,-0.07,-0.28,-0.13,-0.13,-0.05,-0.12,0.08,0.08,-0.02,-0.10,0.00,-0.03,0.00,0.11,0.03,0.03,0.00,-0.08,-0.05,0.01,0.06,-0.01,0.15,0.14,0.01,-0.01,0.00,-0.07,-0.03,0.00,-0.04,0.01,-0.03,-0.02,0.02,0.10,0.06,0.08,0.06,0.00,0.02,-0.09,-0.02,0.11,0.01,-0.25,-1.43,1.28,0.08,-0.14,0.32,0.20,0.06,0.04,0.03,0.05,0.00,-0.01
 "00000","United States *", ,SQGDP11,83,"..."," Government and government enterprises ","Percentage points",0.05,0.14,0.20,-0.12,0.11,0.18,0.08,0.11,0.12,0.14,0.34,0.38,0.33,0.27,-0.31,-0.13,0.21,0.06,0.14,0.18,0.04,-0.22,-0.08,0.14,0.01,-0.28,0.01,-0.04,-0.24,-0.02,-0.03,-0.03,-0.11,-0.19,-0.23,0.19,0.18,-0.10,-0.05,-0.22,0.16,0.06,0.07,0.16,0.11,0.32,0.09,0.11,0.04,0.15,0.16,0.08,0.18,0.06,-0.06,-0.30,0.45,0.25,0.71,0.24,-1.66,0.92,0.05,-0.13,0.30,0.51,-0.02,0.21,-0.03,0.08,0.24,0.31
 "00000","United States *", ,SQGDP11,84,"...","  Federal civilian ","Percentage points",-0.03,-0.01,0.03,-0.02,0.01,0.00,0.01,0.01,0.00,0.05,0.01,0.04,0.02,0.05,0.01,0.05,0.15,0.05,0.05,0.13,0.19,-0.05,-0.05,0.04,-0.02,-0.06,0.00,0.01,-0.03,-0.02,-0.04,-0.02,-0.09,-0.15,-0.03,0.20,0.03,0.04,0.05,0.10,0.06,0.03,0.05,0.08,0.05,0.07,0.05,0.08,0.01,0.05,0.04,0.02,0.03,0.01,-0.04,-0.10,0.17,0.05,0.05,0.08,0.08,0.22,-0.07,-0.02,0.01,0.00,-0.04,-0.04,-0.02,-0.02,0.08,0.10
 "00000","United States *", ,SQGDP11,85,"...","  Military ","Percentage points",0.00,0.02,0.08,-0.06,0.02,0.07,0.00,0.01,-0.01,0.07,0.07,0.09,0.10,0.11,0.07,0.03,0.05,0.06,0.03,0.06,-0.01,-0.03,0.00,0.06,0.01,0.00,0.01,0.00,-0.02,-0.01,-0.03,-0.07,-0.03,-0.03,-0.17,0.03,-0.08,-0.09,-0.08,-0.03,-0.05,-0.03,-0.03,-0.03,0.00,-0.02,-0.04,-0.02,-0.02,0.00,0.00,0.00,0.01,0.02,-0.02,-0.04,0.11,0.03,0.03,0.01,0.07,0.00,0.02,0.05,0.02,0.00,0.00,0.04,0.01,-0.03,-0.02,0.00
 "00000","United States *", ,SQGDP11,86,"...","  State and local ","Percentage points",0.08,0.13,0.08,-0.05,0.08,0.11,0.07,0.09,0.14,0.01,0.26,0.25,0.20,0.11,-0.39,-0.21,0.02,-0.04,0.06,0.00,-0.13,-0.15,-0.03,0.03,0.02,-0.23,0.00,-0.05,-0.20,0.02,0.05,0.06,0.01,-0.02,-0.05,-0.07,0.22,-0.05,-0.01,-0.28,0.16,0.06,0.05,0.10,0.05,0.26,0.07,0.08,0.05,0.11,0.12,0.06,0.14,0.02,0.00,-0.16,0.15,0.15,0.62,0.12,-1.82,0.67,0.10,-0.18,0.27,0.51,0.02,0.20,-0.01,0.13,0.12,0.21
 "01000","Alabama",5,SQGDP11,1,"...","All industry total (percent change) ","Percent change",4.5,-1.1,4.4,0.9,2.1,-0.1,0.4,-0.5,3.0,2.5,0.0,-2.1,0.8,-3.7,-11.2,-4.2,0.7,1.3,0.8,-0.2,5.3,7.5,-0.3,-2.4,2.2,2.0,5.7,-0.4,1.0,-4.4,-1.0,8.7,-1.8,2.5,-4.1,-5.7,5.3,2.4,-0.2,-2.3,3.5,1.3,-0.8,2.8,2.3,0.3,2.1,1.9,-0.2,1.1,3.6,2.5,0.8,0.3,2.0,1.7,1.6,2.6,0.5,-0.9,-29.5,42.5,0.4,5.2,5.6,0.3,5.8,-0.4,-0.9,1.2,3.9,0.1
 "01000","Alabama",5,SQGDP11,2,"..."," Private industries ","Percentage points",4.39,-1.01,3.89,1.94,0.83,0.87,-1.41,-1.31,2.76,2.66,-1.04,-1.16,0.18,-4.05,-11.12,-4.42,-0.69,1.19,1.64,-0.08,5.29,7.87,0.60,-3.21,2.05,2.03,5.49,0.00,2.06,-3.64,-1.35,9.22,-1.40,2.93,-3.55,-5.99,5.08,2.16,-0.07,-1.74,3.20,0.96,-0.42,2.67,2.09,-0.21,1.68,1.84,-0.52,1.89,2.90,2.69,0.77,0.99,1.56,2.24,0.64,1.70,-0.13,-1.17,-27.86,40.80,0.57,5.50,5.04,0.04,6.16,-0.49,-0.80,1.17,3.38,-0.31
 "01000","Alabama",5,SQGDP11,3,"11","   Agriculture, forestry, fishing and hunting ","Percentage points",0.18,0.05,0.35,-1.51,0.52,-0.33,-0.39,-0.73,-0.25,-0.23,-0.70,0.96,-0.46,-0.44,0.42,1.03,-0.15,0.30,-0.51,-1.09,0.71,0.44,0.08,-1.61,-0.49,-0.16,-0.33,2.14,-0.96,-0.97,-0.57,2.85,0.36,2.87,-2.21,-0.76,0.14,0.27,-0.01,1.07,-0.11,0.04,-0.31,-0.17,-0.10,-0.14,-0.23,0.81,-0.11,-0.22,0.09,0.30,0.20,-0.38,0.02,-0.66,0.06,0.05,0.18,0.55,-2.00,0.89,0.33,1.18,-0.88,0.72,0.08,0.62,0.48,-0.04,0.97,-0.96
 "01000","Alabama",5,SQGDP11,6,"21","   Mining, quarrying, and oil and gas extraction ","Percentage points",0.14,-0.81,-0.21,0.47,-0.32,0.16,0.42,0.44,0.17,-0.05,-0.74,-0.60,-0.41,0.01,1.58,0.09,-0.79,-0.45,-0.36,0.22,-0.22,0.37,-0.42,-0.39,-0.37,-0.40,0.72,-0.21,0.50,-0.21,-0.21,0.26,-0.27,-0.22,-0.26,-0.10,-0.13,-0.27,-0.02,-0.13,-0.05,0.31,0.00,-0.02,-0.32,0.08,0.16,0.34,0.62,0.12,0.03,-0.30,-0.19,-0.15,0.07,0.01,-0.23,0.00,-0.30,0.20,0.01,-0.01,-0.32,0.08,-0.20,0.06,0.30,0.13,-0.09,0.16,0.05,-0.02
 "01000","Alabama",5,SQGDP11,10,"22","   Utilities ","Percentage points",0.48,0.34,-0.58,0.53,0.25,0.41,-0.56,0.15,0.66,-0.01,-0.10,-0.04,0.65,0.56,-1.68,-0.18,-0.11,0.59,0.70,-0.46,0.95,1.12,0.45,-1.38,0.71,0.30,0.98,-1.08,1.16,-0.81,-0.62,0.60,0.01,-0.72,-0.27,-1.89,2.09,0.07,1.30,-2.55,1.65,-0.08,0.18,-0.18,0.78,0.36,-0.63,-0.49,-0.34,0.88,-0.19,-0.38,-0.06,-0.02,-0.02,0.12,0.47,-0.55,0.50,-0.13,-0.14,0.30,0.36,-1.31,0.67,-0.51,0.00,-0.26,0.23,-0.45,-0.06,-0.24
 "01000","Alabama",5,SQGDP11,11,"23","   Construction ","Percentage points",-0.17,-0.37,0.58,0.14,0.05,-0.16,-0.88,1.01,0.33,-0.01,-0.06,-1.26,-0.45,-0.02,-1.46,-0.95,0.02,-0.16,-0.96,0.20,-0.22,-0.08,-0.81,0.13,0.03,-0.30,0.24,0.29,-0.10,-0.26,0.26,-0.30,-0.07,-0.20,-0.46,-0.10,-0.09,-0.06,0.16,-0.38,0.32,0.08,-0.06,1.05,-0.47,-0.31,0.36,0.86,-0.80,0.24,0.19,0.20,0.03,0.45,0.25,0.19,0.47,0.07,-0.06,-0.29,-0.29,0.69,0.70,-0.09,0.30,-0.39,-0.65,0.02,-0.84,-0.75,-0.15,0.04
 "01000","Alabama",5,SQGDP11,12,"31-33","   Manufacturing ","Percentage points",-0.24,-0.07,3.24,1.29,0.03,-1.02,-0.75,-1.53,0.86,1.03,1.23,-0.53,1.31,-1.59,-5.45,-5.84,-0.26,0.99,1.68,0.61,0.72,3.27,0.72,3.04,0.60,0.20,1.63,-0.84,-0.63,-1.65,0.95,3.31,0.80,0.61,-0.87,-1.37,-0.31,-0.41,-0.68,-0.86,0.56,0.11,0.22,1.71,1.04,-0.64,0.05,0.75,0.30,0.62,1.35,0.62,-0.22,0.13,0.40,-0.21,-0.01,0.38,-0.30,0.28,-8.91,11.84,-0.29,1.01,1.33,-1.21,1.37,0.44,-0.98,-0.41,0.91,-0.76
 "01000","Alabama",5,SQGDP11,13,"321,327-339","     Durable goods manufacturing ","Percentage points",0.59,0.46,3.15,0.64,0.20,-0.47,-0.69,-1.44,0.76,0.81,0.98,2.01,1.13,-0.75,-4.14,-5.08,-2.89,0.05,0.84,2.97,1.95,2.65,0.06,1.21,-0.26,0.78,1.65,0.50,0.91,-0.38,1.38,1.23,0.38,-0.14,-0.43,-1.74,0.30,0.90,0.04,-0.21,0.72,0.78,0.06,0.98,-0.04,-0.71,0.69,0.71,-0.06,0.75,0.94,0.36,-0.17,0.13,0.95,0.49,-0.08,-0.06,-0.09,0.17,-5.97,8.89,-0.14,1.43,0.73,-1.03,0.50,1.56,-0.18,-0.22,1.09,-0.40
 "01000","Alabama",5,SQGDP11,25,"311-316,322-326","     Nondurable goods manufacturing ","Percentage points",-0.84,-0.52,0.09,0.65,-0.17,-0.55,-0.06,-0.09,0.10,0.22,0.24,-2.55,0.18,-0.85,-1.31,-0.76,2.63,0.94,0.84,-2.37,-1.23,0.62,0.66,1.83,0.86,-0.58,-0.02,-1.34,-1.53,-1.27,-0.43,2.09,0.43,0.75,-0.44,0.37,-0.62,-1.31,-0.72,-0.65,-0.16,-0.67,0.16,0.73,1.08,0.07,-0.64,0.05,0.36,-0.12,0.41,0.26,-0.05,0.00,-0.54,-0.69,0.07,0.44,-0.21,0.11,-2.94,2.95,-0.15,-0.42,0.60,-0.18,0.87,-1.12,-0.80,-0.19,-0.18,-0.36
 "01000","Alabama",5,SQGDP11,34,"42","   Wholesale trade ","Percentage points",0.32,0.15,0.89,-0.41,-0.14,0.31,-0.06,-0.19,0.61,-0.09,0.24,0.35,0.12,-0.12,-1.13,-1.52,-0.85,-0.30,0.71,-0.38,0.89,0.41,-0.12,-0.59,-0.34,0.40,0.67,-1.04,0.71,-0.16,-0.63,0.94,-0.32,0.45,0.39,-0.61,0.29,0.70,-0.35,0.11,0.01,0.14,0.00,-0.10,0.69,0.29,0.36,-0.23,-0.07,0.22,-0.12,0.46,-0.36,0.21,-0.13,0.03,-0.56,0.15,0.26,0.76,-1.37,2.60,-0.11,0.26,0.54,-0.22,1.07,-0.69,-0.58,0.31,0.29,-0.01
 "01000","Alabama",5,SQGDP11,35,"44-45","   Retail trade ","Percentage points",0.97,0.24,-0.23,0.40,0.32,-0.86,0.18,-0.20,-0.44,0.01,0.19,-0.62,-0.21,-0.09,-0.75,-0.54,-0.21,-0.40,0.74,-0.26,0.43,0.07,-0.44,0.49,-0.63,-0.05,0.10,0.47,-0.63,0.30,-0.20,0.63,-0.14,-0.11,-0.13,-0.06,0.21,0.33,-0.36,-0.05,0.56,0.45,0.09,0.55,0.45,-0.26,0.62,-0.04,0.12,0.31,-0.08,0.35,-0.14,0.34,-0.19,0.74,-0.07,0.39,0.05,-0.69,-0.81,2.42,-0.35,0.87,-1.20,-0.92,0.16,-0.32,-0.05,0.45,0.75,0.79
 "01000","Alabama",5,SQGDP11,36,"48-49","   Transportation and warehousing ","Percentage points",0.32,0.45,0.22,-0.04,0.18,-0.01,-0.09,-0.33,0.37,-0.13,0.51,-0.39,0.11,-0.15,-0.21,-0.75,0.12,0.17,0.21,-0.16,0.18,0.31,0.12,-0.11,-0.07,-0.02,0.10,-0.40,0.14,-0.15,0.07,-0.11,-0.18,0.03,0.16,-0.24,0.07,0.27,0.06,-0.57,0.24,0.17,-0.08,-0.05,0.32,-0.13,0.01,0.67,-0.12,-0.03,0.06,0.54,-0.18,0.08,0.23,-0.92,0.14,0.24,-0.03,-0.07,-1.68,2.27,-0.24,0.63,-0.62,0.27,0.17,-0.50,0.04,0.25,0.07,0.00
 "01000","Alabama",5,SQGDP11,45,"51","   Information ","Percentage points",0.50,-0.12,-0.09,0.40,0.16,0.19,-0.42,-0.41,-0.22,0.58,-0.68,0.69,0.30,-0.08,-0.43,-0.59,-0.12,0.09,0.12,-0.24,0.05,0.15,0.09,-0.42,0.29,-0.01,-0.35,-0.21,0.12,-0.22,-0.20,0.53,-0.04,0.14,-0.31,0.00,-0.07,-0.09,0.36,0.27,0.12,0.07,0.08,-0.04,-0.09,0.07,-0.03,0.04,0.17,0.18,0.15,-0.22,0.40,0.21,0.01,0.57,-0.10,-0.05,-0.22,0.07,0.12,0.56,-0.17,-0.06,0.94,0.25,0.41,0.80,0.02,0.40,0.18,0.09
 "01000","Alabama",5,SQGDP11,51,"52","   Finance and insurance ","Percentage points",0.90,-1.89,-0.50,-0.89,-0.37,0.77,0.22,-1.71,-0.11,1.00,-2.26,1.10,-1.55,-2.65,-2.39,6.58,2.15,0.09,-0.93,-0.01,-0.12,-0.08,-0.28,-2.35,0.60,1.24,1.41,0.43,1.63,1.05,-0.50,-0.27,-1.08,-0.24,-0.31,1.41,1.37,-0.49,-0.17,0.67,0.15,-1.31,-0.47,-1.41,0.04,0.53,0.68,-2.06,-0.90,-0.31,0.13,0.36,0.28,-0.02,-0.80,0.57,0.08,-0.69,0.11,-1.23,0.69,1.70,0.49,0.92,0.94,0.43,0.78,-0.32,0.20,-0.10,-0.33,-0.27
 "01000","Alabama",5,SQGDP11,56,"53","   Real estate and rental and leasing ","Percentage points",0.27,-0.25,-0.42,0.04,0.03,0.86,1.48,1.79,0.56,0.64,0.30,-0.95,-0.33,-0.62,-0.07,0.47,-0.52,0.39,-0.19,1.04,0.77,0.26,1.11,0.01,1.41,0.04,0.85,-0.51,0.15,0.21,0.01,0.16,0.02,0.44,-0.07,-0.99,-0.08,0.40,-0.39,0.60,-0.29,0.06,-0.12,0.29,-0.08,-0.29,-0.41,0.14,-0.13,-0.38,0.20,-0.09,0.21,0.17,0.53,0.80,0.31,0.29,-0.26,-0.44,-1.02,1.48,-0.22,0.66,0.48,0.44,0.86,0.11,0.12,0.33,-0.30,0.16
 "01000","Alabama",5,SQGDP11,60,"54","   Professional, scientific, and technical services ","Percentage points",0.10,0.53,-0.20,0.73,0.29,0.24,-0.24,0.39,-0.03,0.16,0.38,0.41,0.73,0.55,0.82,-1.39,0.13,0.09,0.29,-0.80,0.36,0.55,0.17,-0.54,0.33,0.34,-0.06,-0.33,0.40,-0.08,-0.55,0.66,-0.34,-0.01,-0.01,-0.21,0.26,0.47,-0.19,0.05,0.12,0.26,0.29,0.26,-0.09,0.25,0.27,0.42,0.30,0.26,0.66,0.15,0.61,-0.03,-0.04,0.20,0.06,0.68,-0.08,1.02,-1.97,1.60,0.56,-0.14,1.31,0.55,0.54,-0.14,0.23,0.50,0.72,0.15
 "01000","Alabama",5,SQGDP11,64,"55","   Management of companies and enterprises ","Percentage points",0.24,0.08,-0.03,0.14,-0.22,0.13,0.00,0.14,0.01,-0.37,0.25,-0.16,0.03,0.25,-0.28,0.10,0.16,-0.02,-0.15,0.29,0.16,-0.06,0.20,0.00,-0.09,0.19,-0.08,0.10,0.11,-0.15,0.29,-0.18,-0.20,0.06,0.20,-0.56,0.34,0.27,-0.12,-0.16,0.08,0.06,0.00,0.34,-0.07,-0.04,0.32,0.02,0.39,-0.48,0.33,0.02,-0.21,-0.08,0.27,0.18,0.01,-0.01,-0.08,-0.03,0.00,-0.11,0.24,0.15,0.00,0.08,0.26,-0.17,0.06,0.03,0.12,-0.01
 "01000","Alabama",5,SQGDP11,65,"56","   Administrative and support and waste management and remediation services ","Percentage points",0.30,0.19,0.25,-0.03,-0.21,-0.04,0.04,0.33,0.20,0.22,0.09,0.11,0.05,-0.12,-0.31,-0.37,-0.11,-0.02,0.29,0.47,0.53,0.71,-0.27,0.01,-0.09,0.04,-0.15,0.34,-0.08,-0.16,0.04,-0.02,0.05,-0.03,0.11,-0.16,0.30,0.13,0.09,-0.39,0.13,0.05,-0.01,-0.20,0.06,-0.07,0.10,0.42,0.10,0.20,0.08,0.05,0.02,0.20,0.27,0.06,0.08,-0.01,-0.07,0.01,-1.67,2.02,0.24,0.67,0.24,0.18,0.24,0.17,0.11,-0.02,0.02,0.08
 "01000","Alabama",5,SQGDP11,69,"61","   Educational services ","Percentage points",0.00,-0.03,0.04,-0.01,0.06,-0.01,0.00,0.04,0.06,0.06,-0.08,-0.01,-0.03,0.04,0.10,0.10,0.00,0.04,0.07,-0.03,0.04,0.04,-0.04,0.01,0.00,0.00,-0.05,0.01,0.03,-0.03,-0.03,0.01,-0.04,0.01,0.00,0.04,-0.02,0.03,0.01,-0.03,-0.03,0.03,0.03,0.08,0.01,-0.02,-0.02,-0.07,-0.05,-0.01,-0.07,-0.03,0.03,-0.03,0.07,0.01,0.04,-0.03,-0.07,-0.12,-0.22,0.06,0.00,0.07,0.02,0.05,-0.01,0.09,-0.03,0.04,0.01,0.02
 "01000","Alabama",5,SQGDP11,70,"62","   Health care and social assistance ","Percentage points",0.13,0.38,0.42,0.38,0.31,0.21,-0.24,-0.43,0.08,0.04,0.37,0.26,0.40,0.47,0.36,-0.23,0.13,-0.16,-0.01,0.18,-0.15,0.37,0.02,0.26,0.14,0.20,-0.02,0.28,-0.28,-0.23,0.47,0.13,0.23,-0.19,0.34,-0.30,0.35,0.21,0.27,0.73,-0.23,0.42,-0.30,0.57,0.18,-0.03,-0.07,0.45,-0.10,0.07,0.01,0.97,0.04,-0.14,0.05,1.24,0.03,0.27,0.18,0.33,-4.58,7.39,-0.12,-0.47,-0.12,-0.04,0.93,-0.21,0.22,0.38,0.17,0.57
 "01000","Alabama",5,SQGDP11,76,"71","   Arts, entertainment, and recreation ","Percentage points",-0.05,0.00,0.01,0.02,0.01,-0.02,0.01,0.00,0.02,0.01,0.00,-0.03,0.00,0.03,0.04,-0.05,-0.01,0.04,-0.01,0.04,0.00,-0.07,-0.01,0.05,0.03,-0.04,-0.04,0.12,-0.01,-0.02,-0.04,0.03,-0.03,0.00,0.06,-0.01,0.02,0.02,-0.02,0.03,-0.14,0.05,0.00,0.02,0.01,0.05,0.06,-0.13,0.07,0.03,0.06,-0.08,0.06,-0.04,0.01,0.05,-0.06,0.00,0.02,-0.19,-0.53,0.36,0.05,0.19,0.04,0.14,0.02,-0.10,0.05,0.06,0.07,-0.02
 "01000","Alabama",5,SQGDP11,79,"72","   Accommodation and food services ","Percentage points",0.00,0.02,0.21,0.16,-0.07,0.10,-0.06,-0.05,0.03,-0.12,0.07,-0.34,0.05,-0.06,-0.20,-0.13,-0.16,0.00,-0.10,0.37,0.06,0.03,0.00,0.42,0.00,0.02,-0.12,0.45,-0.12,-0.06,0.12,0.13,-0.09,-0.03,0.03,0.15,0.13,0.16,0.00,0.09,0.08,0.15,-0.03,0.15,-0.17,0.00,0.18,0.09,-0.07,0.04,-0.10,-0.22,0.10,0.05,0.36,-0.25,-0.01,0.22,0.04,-0.96,-2.33,3.42,-0.71,1.16,0.85,0.02,-0.36,-0.08,0.03,-0.03,-0.16,0.10
 "01000","Alabama",5,SQGDP11,82,"81","   Other services (except government and government enterprises) ","Percentage points",-0.03,0.10,-0.06,0.14,-0.03,-0.05,-0.06,-0.03,-0.16,-0.08,-0.06,-0.10,-0.13,-0.01,-0.11,-0.25,-0.09,-0.09,0.08,-0.09,0.15,0.07,0.02,-0.25,-0.01,0.03,-0.03,-0.01,-0.09,-0.03,-0.03,-0.15,-0.10,0.06,0.07,-0.22,0.23,0.16,-0.02,-0.24,0.04,-0.09,0.05,-0.18,-0.10,0.08,-0.09,-0.16,0.10,0.14,0.11,0.00,0.14,0.01,0.20,-0.48,-0.06,0.29,-0.01,-0.25,-1.18,1.33,0.11,-0.31,0.42,0.10,-0.02,-0.08,-0.02,0.08,0.06,-0.03
 "01000","Alabama",5,SQGDP11,83,"..."," Government and government enterprises ","Percentage points",0.12,-0.04,0.48,-1.03,1.22,-0.96,1.77,0.81,0.20,-0.12,1.08,-0.97,0.58,0.40,-0.12,0.19,1.43,0.11,-0.82,-0.10,0.05,-0.36,-0.87,0.79,0.13,-0.03,0.16,-0.40,-1.09,-0.74,0.36,-0.53,-0.36,-0.38,-0.53,0.34,0.25,0.19,-0.12,-0.56,0.34,0.33,-0.35,0.14,0.24,0.53,0.46,0.07,0.30,-0.76,0.73,-0.21,0.01,-0.72,0.46,-0.58,0.95,0.91,0.60,0.28,-1.67,1.67,-0.19,-0.31,0.59,0.29,-0.32,0.04,-0.10,0.03,0.56,0.44
 "01000","Alabama",5,SQGDP11,84,"...","  Federal civilian ","Percentage points",0.03,0.03,0.12,-0.12,0.10,-0.02,0.04,0.09,-0.06,-0.01,-0.19,-0.24,-0.06,0.07,0.21,0.33,0.37,0.11,-0.07,0.05,0.27,-0.18,0.00,0.33,0.19,0.01,-0.08,-0.29,-0.11,-0.04,-0.01,0.08,-0.11,-0.23,0.02,0.49,0.01,0.01,0.02,-0.05,0.08,-0.08,0.02,0.08,-0.01,0.10,0.03,0.09,-0.05,0.00,-0.07,-0.10,0.01,0.00,-0.02,-0.17,0.31,0.10,-0.06,0.06,0.10,0.04,-0.07,-0.01,-0.11,-0.13,-0.10,-0.08,0.01,-0.01,0.17,0.25
 "01000","Alabama",5,SQGDP11,85,"...","  Military ","Percentage points",0.05,0.10,0.17,-0.27,0.11,0.18,0.04,0.01,0.03,0.08,0.17,-0.09,0.22,0.17,0.18,0.13,0.13,0.16,-0.08,0.01,-0.15,-0.19,0.01,-0.02,0.00,0.05,-0.02,-0.11,-0.03,-0.08,-0.03,-0.03,-0.12,-0.01,-0.18,-0.15,0.11,0.00,-0.02,-0.24,-0.01,-0.09,0.19,-0.10,0.08,0.01,0.00,-0.01,0.26,0.08,0.15,-0.02,0.11,-0.10,0.10,-0.23,0.13,0.10,-0.02,-0.02,0.15,-0.04,0.02,0.26,-0.01,0.06,-0.14,-0.19,-0.15,-0.15,0.14,0.11
 "01000","Alabama",5,SQGDP11,86,"...","  State and local ","Percentage points",0.04,-0.17,0.20,-0.64,1.01,-1.13,1.70,0.71,0.24,-0.19,1.10,-0.63,0.41,0.16,-0.51,-0.28,0.93,-0.16,-0.67,-0.17,-0.07,0.02,-0.88,0.48,-0.05,-0.09,0.27,0.00,-0.96,-0.62,0.41,-0.58,-0.13,-0.15,-0.37,0.00,0.14,0.18,-0.11,-0.27,0.27,0.50,-0.56,0.17,0.16,0.41,0.43,-0.01,0.09,-0.83,0.65,-0.09,-0.12,-0.61,0.37,-0.19,0.51,0.71,0.67,0.24,-1.93,1.66,-0.14,-0.55,0.70,0.36,-0.09,0.32,0.04,0.18,0.24,0.08
 "02000","Alaska",8,SQGDP11,1,"...","All industry total (percent change) ","Percent change",5.4,-2.4,6.0,10.6,13.9,4.8,12.9,2.9,7.1,-1.3,-7.4,-9.3,-8.6,18.0,42.2,15.5,-3.9,-9.8,-5.4,-9.1,10.2,2.8,-1.5,-10.8,9.5,5.3,18.1,-0.2,11.1,-3.2,-8.4,-4.8,-13.2,2.8,-3.6,-6.4,1.7,1.9,3.1,3.9,-4.0,-0.7,-0.1,3.9,-6.2,-2.5,0.2,1.3,0.6,4.8,-4.4,-4.2,-3.1,0.6,0.4,-1.2,-0.5,6.7,-2.6,-4.1,-29.8,14.2,7.3,-2.9,0.1,1.8,1.6,-15.3,-0.9,8.7,4.1,1.6
 "02000","Alaska",8,SQGDP11,2,"..."," Private industries ","Percentage points",5.55,-1.87,4.50,11.86,13.16,4.35,12.65,3.24,6.94,-0.69,-7.11,-9.63,-9.46,17.49,42.42,14.45,-4.09,-10.32,-5.30,-9.36,10.10,3.01,-1.16,-12.32,8.51,5.05,16.21,-0.40,11.33,-3.79,-6.76,-3.86,-11.89,2.38,-2.67,-7.73,1.78,2.82,3.82,4.78,-3.74,-0.95,0.08,1.90,-6.37,-1.53,-0.27,1.79,0.61,4.55,-5.62,-3.54,-3.79,0.27,1.17,-0.42,-0.68,7.39,-1.89,-3.39,-27.30,13.02,5.38,-1.17,-2.14,3.04,1.90,-14.12,-0.28,9.39,3.95,0.82
 "02000","Alaska",8,SQGDP11,3,"11","   Agriculture, forestry, fishing and hunting ","Percentage points",0.47,1.16,1.57,-1.28,-0.40,-0.29,0.19,-0.51,0.30,0.09,-0.35,0.36,-0.38,0.35,1.53,-0.96,0.06,0.02,-0.84,1.60,-0.58,-0.10,0.23,-0.38,0.70,0.71,0.31,-0.73,-0.33,-0.24,-0.34,-0.05,0.34,0.19,0.56,-0.38,-0.48,-0.02,-0.56,0.91,-0.73,-0.11,-0.12,-0.31,-0.25,0.17,0.36,-0.50,0.05,0.28,-0.28,-0.15,-0.06,0.45,-0.03,0.18,-0.08,-0.33,-0.14,(D),0.82,-0.12,-0.26,(D),0.10,-0.01,-0.13,-0.61,-0.60,0.14,0.06,0.75
 "02000","Alaska",8,SQGDP11,6,"21","   Mining, quarrying, and oil and gas extraction ","Percentage points",4.11,-8.66,6.12,15.41,11.31,6.56,9.40,4.14,1.73,-2.05,-10.83,-9.90,-12.25,17.78,41.95,19.22,-7.25,-10.51,-7.38,-13.44,9.39,-0.26,-1.82,-7.82,6.45,5.72,13.11,-0.56,11.72,-4.09,-4.52,-6.19,-10.72,-2.76,-3.04,-6.04,-0.98,1.85,3.96,0.97,-4.53,-0.88,0.51,3.45,-5.19,-1.82,0.58,2.82,2.48,2.88,-4.60,-1.13,-5.17,-2.24,1.52,4.58,-3.30,1.04,0.92,3.76,-1.39,-2.42,-6.03,-0.62,-3.60,2.00,-2.31,-7.74,-0.05,6.39,1.55,-2.05
 "02000","Alaska",8,SQGDP11,10,"22","   Utilities ","Percentage points",0.09,-0.04,0.04,-0.14,0.44,0.09,-0.19,-0.11,0.07,0.11,0.05,-0.03,0.40,0.07,-0.49,0.21,-0.03,0.25,0.04,0.36,-0.14,0.10,0.21,0.10,0.34,0.00,0.70,-0.44,0.14,0.01,-0.23,0.12,-0.02,-0.15,-0.06,-0.12,0.04,0.06,-0.08,-0.53,0.51,-0.17,0.13,0.11,0.02,0.25,0.09,-0.22,-0.04,-0.04,-0.07,0.23,0.01,-0.29,-0.08,-0.32,0.49,0.00,0.50,-0.26,0.03,0.16,0.10,-0.49,0.37,-0.32,-0.12,-0.30,0.25,-0.20,-0.14,0.05
 "02000","Alaska",8,SQGDP11,11,"23","   Construction ","Percentage points",0.12,-0.41,-1.00,-0.17,-0.25,-0.91,0.11,-0.13,0.56,-0.29,0.26,-0.46,-0.21,0.30,-0.64,0.23,0.72,0.30,0.13,-0.60,0.29,-0.03,0.17,-1.36,0.49,0.06,-0.12,-0.50,-0.01,-0.30,-0.12,-0.72,-0.17,1.01,0.17,0.46,-0.41,-0.46,0.27,1.44,0.08,-0.86,0.07,-0.28,-0.56,0.03,-0.73,-0.03,-0.07,-0.11,-0.51,0.45,-0.28,0.74,0.43,-0.14,0.05,-0.87,0.30,0.36,-2.29,0.93,0.93,-0.94,0.36,-0.01,-1.05,-1.28,-0.74,-0.57,0.16,0.47
 "02000","Alaska",8,SQGDP11,12,"31-33","   Manufacturing ","Percentage points",-1.23,0.52,0.00,0.68,-0.02,-0.48,0.81,-0.35,0.85,0.28,0.74,-1.29,0.09,-0.33,0.35,-0.79,1.71,-0.97,-1.20,-1.07,-1.22,-0.66,-0.66,-0.07,-0.34,-0.62,-0.07,0.54,-0.55,-0.30,0.51,1.39,0.67,1.21,-0.21,0.61,0.76,-0.07,0.70,0.62,0.33,0.81,-0.67,-0.29,-0.45,-0.73,0.59,1.87,-1.00,0.42,-1.30,-1.47,-1.36,-0.73,0.14,0.19,0.81,1.17,-0.39,(D),-1.12,0.26,1.31,(D),1.25,-0.06,-0.17,-0.02,-0.63,-0.10,0.01,-0.16
 "02000","Alaska",8,SQGDP11,13,"321,327-339","     Durable goods manufacturing ","Percentage points",0.02,-0.04,-0.04,0.05,-0.02,0.01,0.04,0.08,0.04,0.07,0.02,0.05,-0.03,-0.04,0.03,-0.02,-0.01,0.06,-0.10,0.00,-0.06,0.00,-0.06,0.00,-0.04,-0.01,0.06,0.11,0.09,0.04,-0.03,0.10,-0.09,-0.05,0.01,-0.07,0.10,0.09,0.14,-0.05,0.08,0.12,-0.11,0.13,-0.24,-0.11,0.00,-0.06,-0.02,0.00,0.04,-0.13,-0.02,-0.02,0.03,0.05,-0.03,0.01,-0.05,(D),-0.23,0.26,-0.12,(D),-0.07,-0.02,0.06,0.11,0.02,0.04,0.08,-0.05
 "02000","Alaska",8,SQGDP11,25,"311-316,322-326","     Nondurable goods manufacturing ","Percentage points",-1.25,0.56,0.04,0.63,0.00,-0.49,0.77,-0.44,0.81,0.21,0.73,-1.35,0.12,-0.29,0.32,-0.77,1.72,-1.03,-1.10,-1.07,-1.16,-0.66,-0.60,-0.07,-0.31,-0.61,-0.13,0.43,-0.64,-0.34,0.55,1.28,0.76,1.26,-0.23,0.68,0.66,-0.16,0.55,0.68,0.25,0.69,-0.57,-0.42,-0.21,-0.62,0.59,1.92,-0.98,0.42,-1.34,-1.34,-1.34,-0.71,0.10,0.13,0.84,1.16,-0.34,-0.23,-0.89,0.00,1.43,-1.13,1.32,-0.04,-0.23,-0.12,-0.65,-0.14,-0.08,-0.11
 "02000","Alaska",8,SQGDP11,34,"42","   Wholesale trade ","Percentage points",-0.05,0.53,-0.26,0.18,0.10,0.00,0.21,-0.05,0.22,0.32,0.11,0.04,-0.02,-0.26,-0.12,-0.92,-0.06,-0.13,0.27,-0.02,0.48,0.35,0.09,-0.21,-0.27,0.15,0.16,-0.14,-0.08,-0.02,-0.06,0.40,0.00,0.06,0.13,-0.45,0.39,0.20,0.01,-0.13,-0.11,0.11,-0.16,-0.05,0.23,-0.12,-0.15,-0.04,-0.08,0.06,0.10,0.09,-0.01,0.39,0.30,-0.04,0.12,0.09,-0.02,-0.59,-0.49,0.61,0.04,0.04,0.19,-0.21,0.14,-0.33,-0.19,0.00,-0.04,0.04
 "02000","Alaska",8,SQGDP11,35,"44-45","   Retail trade ","Percentage points",0.32,0.52,-0.76,-0.11,0.08,-0.40,0.25,-0.15,-0.36,0.09,0.06,-0.17,-0.18,-0.02,0.49,-0.35,0.21,0.01,0.43,-0.21,0.16,-0.01,-0.05,-0.07,-0.12,-0.17,0.13,-0.22,-0.18,0.23,0.08,0.00,-0.12,0.04,-0.01,-0.12,0.20,0.30,-0.03,0.07,0.29,0.38,-0.05,-0.07,0.03,-0.28,0.02,0.03,0.07,0.32,-0.14,0.36,-0.01,0.20,-0.18,0.37,-0.04,0.36,-0.13,-0.35,-0.96,0.87,0.89,0.69,-1.25,-0.83,0.36,-0.16,0.13,0.60,0.76,0.35
 "02000","Alaska",8,SQGDP11,36,"48-49","   Transportation and warehousing ","Percentage points",-0.33,1.72,0.12,-1.54,1.96,-0.63,1.03,0.18,1.92,0.14,2.51,1.17,1.23,-0.30,-1.31,-3.49,0.16,0.00,1.54,2.61,0.61,1.71,-1.64,-2.00,-2.06,-1.37,0.98,1.31,1.05,0.24,-0.81,-0.70,-1.35,1.04,-0.69,-0.19,0.55,0.56,0.05,-0.18,1.60,0.55,0.76,0.65,0.41,0.93,-1.08,2.12,-1.36,0.16,0.36,1.04,0.61,0.38,-0.60,-3.92,1.08,4.00,-0.79,-0.31,-9.72,1.16,6.44,2.25,-4.91,-0.16,2.42,-1.05,0.86,1.33,0.95,0.32
 "02000","Alaska",8,SQGDP11,45,"51","   Information ","Percentage points",1.10,0.16,-0.26,0.09,-0.07,0.43,0.02,0.01,0.17,0.21,0.18,-0.41,0.78,0.00,0.36,-1.73,0.90,-0.15,0.04,0.32,-0.34,0.37,-0.24,0.32,0.45,-0.45,-0.13,0.66,-0.44,0.19,-0.19,0.66,-0.01,0.37,-0.08,-0.18,0.47,-0.13,0.32,0.92,0.11,-0.13,0.26,-0.30,0.08,0.09,-0.33,-0.51,0.21,0.12,0.87,-2.48,0.65,0.78,-0.24,0.22,-0.32,-0.07,-0.47,0.02,-0.10,0.91,0.34,-0.92,1.01,-0.04,0.42,0.43,-0.07,0.38,0.09,0.31
 "02000","Alaska",8,SQGDP11,51,"52","   Finance and insurance ","Percentage points",-0.14,0.59,-0.32,-1.13,-0.54,-0.17,-0.02,-0.11,0.15,-0.34,-0.40,0.59,-0.12,-0.52,-0.88,2.47,0.39,-0.12,-0.46,-0.14,-0.80,-0.19,0.58,-0.20,0.52,0.08,-0.14,0.26,-0.60,0.34,-0.36,-0.01,-0.15,0.22,0.14,0.17,0.51,-0.36,-0.38,0.43,-0.49,-0.35,-0.36,-0.55,-0.28,0.48,0.63,-0.66,0.23,-0.18,0.16,-0.32,0.21,-0.07,-0.46,0.26,-0.25,0.50,-0.39,-0.77,0.24,-0.06,-0.10,0.50,-0.31,0.14,0.44,-0.70,0.13,-0.02,0.02,-0.06
 "02000","Alaska",8,SQGDP11,56,"53","   Real estate and rental and leasing ","Percentage points",0.72,0.91,-0.09,-0.88,0.13,0.30,0.49,-0.01,0.82,0.40,-0.15,-0.60,-0.50,-0.40,0.71,0.72,0.09,0.88,0.88,0.82,1.05,0.70,1.10,0.05,0.95,0.22,0.56,-0.30,-0.16,-0.01,-0.54,0.53,-0.10,0.49,0.18,-0.36,0.13,0.04,-0.41,-0.24,-0.63,-0.02,-0.03,1.07,-0.12,-0.28,-0.59,-2.57,0.03,0.15,0.22,0.20,0.51,0.14,0.40,-1.60,0.34,0.26,-0.57,-1.31,-1.25,1.29,0.30,-0.50,0.83,0.32,0.85,0.09,-0.02,0.22,-0.32,0.01
 "02000","Alaska",8,SQGDP11,60,"54","   Professional, scientific, and technical services ","Percentage points",0.00,0.14,-0.15,-0.16,0.24,0.00,0.23,0.05,0.20,0.35,0.56,0.33,0.73,0.28,0.21,0.27,-0.59,0.01,-0.01,0.54,0.19,0.46,0.15,-0.11,0.50,0.30,0.10,-0.40,0.47,-0.04,-0.44,0.28,-0.27,0.37,0.08,-0.51,0.28,0.26,-0.12,-0.14,-0.32,-0.17,-0.35,-0.94,-0.25,-0.42,-0.07,0.16,-0.04,-0.04,-0.20,-0.19,-0.13,0.05,-0.04,-0.09,0.28,0.05,0.14,-0.54,-0.94,0.43,0.03,-0.15,0.81,0.48,0.16,-0.50,0.09,0.30,0.20,-0.07
 "02000","Alaska",8,SQGDP11,64,"55","   Management of companies and enterprises ","Percentage points",0.08,0.02,0.00,0.46,-0.18,0.00,-0.01,-0.03,-0.01,0.02,-0.11,0.06,0.07,0.11,0.05,-0.12,-0.02,0.10,0.10,-0.10,0.16,0.04,0.04,-0.01,-0.21,0.23,-0.01,0.04,0.07,-0.10,0.17,-0.15,0.08,0.05,-0.04,0.06,0.01,-0.02,0.04,0.03,0.02,-0.07,0.10,-0.14,-0.18,0.13,-0.07,0.16,-0.20,0.21,-0.06,-0.09,0.11,0.11,-0.11,0.52,-0.37,0.03,-0.10,-0.12,0.09,-0.16,0.31,0.04,0.20,-0.02,0.15,0.03,0.08,0.02,0.18,0.00
 "02000","Alaska",8,SQGDP11,65,"56","   Administrative and support and waste management and remediation services ","Percentage points",0.38,0.01,-0.33,-0.01,0.09,0.06,0.28,0.11,0.31,0.06,0.13,0.07,0.11,0.10,0.21,0.04,-0.03,0.10,0.07,0.39,0.27,-0.01,0.02,-0.12,0.14,-0.05,0.09,-0.02,0.12,-0.02,-0.08,0.04,-0.18,0.17,0.02,-0.24,0.04,0.06,-0.06,-0.11,0.20,-0.11,-0.16,-0.69,0.21,-0.20,0.10,-0.31,0.07,0.09,0.01,-0.31,-0.18,0.13,0.18,-0.19,0.13,0.04,0.10,0.15,-0.97,0.34,-0.01,-0.31,0.30,0.26,0.12,-0.16,0.01,0.13,0.26,0.04
 "02000","Alaska",8,SQGDP11,69,"61","   Educational services ","Percentage points",0.00,0.05,0.06,-0.06,-0.01,0.00,-0.02,0.02,0.01,-0.03,-0.05,0.02,-0.01,0.04,0.05,-0.03,-0.03,0.04,0.03,0.05,-0.02,-0.02,0.05,-0.01,0.01,-0.06,0.04,0.00,0.01,0.00,-0.03,0.05,-0.03,0.02,-0.02,-0.05,0.01,0.02,-0.02,0.00,0.00,-0.04,0.04,-0.02,0.02,0.02,-0.05,0.03,-0.02,-0.01,-0.02,-0.03,0.01,0.00,0.01,0.04,-0.01,-0.01,-0.07,-0.12,-0.18,0.12,-0.02,-0.04,0.09,0.03,-0.02,0.08,-0.02,0.01,0.02,0.01
 "02000","Alaska",8,SQGDP11,70,"62","   Health care and social assistance ","Percentage points",-0.13,0.94,-0.22,0.35,0.06,-0.10,-0.04,0.02,0.08,-0.01,0.24,0.15,0.52,0.35,0.40,0.03,0.36,-0.13,0.79,-0.13,0.25,0.34,0.31,0.39,0.64,0.34,0.11,0.22,-0.01,0.35,0.02,0.30,0.25,0.13,0.08,-0.61,0.10,0.32,0.15,0.70,-0.08,0.24,0.02,0.62,0.01,0.53,0.40,-0.03,0.29,0.05,0.20,0.48,0.71,0.02,0.05,-0.03,0.11,0.49,0.39,-0.37,-3.81,5.78,0.30,-0.90,-0.28,0.22,1.13,-1.07,0.27,0.30,0.04,0.63
 "02000","Alaska",8,SQGDP11,76,"71","   Arts, entertainment, and recreation ","Percentage points",0.01,0.04,-0.03,-0.05,0.07,-0.07,0.01,0.09,0.05,0.00,0.01,-0.02,0.03,0.03,-0.04,-0.08,0.08,-0.01,-0.01,-0.01,0.04,0.01,0.13,-0.04,0.11,0.00,0.08,-0.01,0.00,0.02,-0.04,0.17,0.01,-0.01,-0.01,0.01,-0.03,0.01,0.00,-0.01,-0.08,0.01,0.05,-0.01,0.02,-0.03,0.08,-0.05,0.03,0.03,0.00,-0.10,0.15,0.05,-0.12,0.11,0.08,0.08,-0.17,-0.53,-1.19,0.33,0.34,0.33,0.13,0.30,0.26,-0.12,0.24,0.31,0.04,0.14
 "02000","Alaska",8,SQGDP11,79,"72","   Accommodation and food services ","Percentage points",0.05,-0.02,0.04,0.18,0.18,-0.03,-0.07,0.12,-0.06,0.04,-0.02,0.60,0.30,-0.08,-0.49,-0.22,-0.70,-0.02,0.33,-0.29,0.20,0.17,0.12,-0.53,0.17,0.00,0.23,-0.14,0.11,-0.09,0.27,-0.06,-0.12,-0.06,0.12,0.15,0.09,0.12,0.02,0.20,-0.02,0.00,0.04,-0.22,-0.07,-0.23,-0.02,-0.44,-0.06,0.09,-0.31,-0.13,0.40,0.19,-0.08,-0.41,0.27,0.44,-0.91,-1.83,-2.91,1.68,0.26,1.14,2.44,0.68,-0.93,-0.77,-0.08,-0.04,-0.07,0.11
 "02000","Alaska",8,SQGDP11,82,"81","   Other services (except government and government enterprises) ","Percentage points",-0.03,-0.05,-0.02,0.02,-0.03,-0.01,-0.02,-0.05,-0.07,-0.08,-0.06,-0.12,-0.05,0.01,0.08,-0.05,-0.05,0.00,-0.07,-0.05,0.10,0.05,0.02,-0.25,0.05,-0.03,0.10,0.04,0.01,0.04,-0.05,0.07,-0.01,-0.02,0.01,0.05,0.08,0.06,-0.02,-0.17,0.11,-0.14,0.02,-0.13,-0.06,-0.05,-0.04,-0.04,0.00,0.07,-0.02,0.00,0.03,-0.05,0.06,-0.15,-0.07,0.11,-0.09,0.02,-1.16,0.90,0.20,-0.14,0.14,0.26,0.18,0.07,0.08,0.18,0.18,-0.07
 "02000","Alaska",8,SQGDP11,83,"..."," Government and government enterprises ","Percentage points",-0.12,-0.51,1.54,-1.30,0.73,0.44,0.30,-0.31,0.18,-0.60,-0.28,0.34,0.86,0.47,-0.21,1.08,0.24,0.57,-0.15,0.23,0.11,-0.22,-0.38,1.52,1.03,0.28,1.92,0.22,-0.19,0.56,-1.59,-0.97,-1.29,0.41,-0.92,1.36,-0.03,-0.89,-0.73,-0.89,-0.25,0.30,-0.23,2.00,0.22,-1.01,0.46,-0.48,0.02,0.24,1.23,-0.62,0.72,0.30,-0.74,-0.82,0.21,-0.68,-0.72,-0.69,-2.51,1.20,1.89,-1.76,2.27,-1.23,-0.26,-1.13,-0.59,-0.65,0.13,0.76
 "02000","Alaska",8,SQGDP11,84,"...","  Federal civilian ","Percentage points",-0.20,-0.20,0.03,-0.12,-0.12,-0.05,-0.02,0.41,-0.22,0.06,0.11,-0.13,0.05,-0.09,-0.29,0.03,0.25,-0.08,0.06,0.19,0.43,-0.05,-0.21,0.18,0.02,-0.01,0.06,-0.03,-0.17,-0.13,0.00,-0.29,-0.27,-0.34,-0.08,0.37,-0.11,-0.15,-0.06,-0.05,0.25,0.17,0.00,0.19,0.05,0.04,0.04,0.04,-0.06,0.14,-0.10,-0.06,0.06,-0.05,-0.05,-0.18,0.31,0.01,0.08,0.20,0.02,-0.09,0.17,0.04,0.12,-0.12,0.07,-0.12,-0.09,-0.18,-0.10,0.09
 "02000","Alaska",8,SQGDP11,85,"...","  Military ","Percentage points",0.57,0.60,0.50,0.30,0.39,0.48,0.42,0.01,-0.52,-0.13,-0.03,0.28,0.49,0.00,0.40,0.04,0.30,0.42,-0.15,-0.11,-0.48,-0.37,-0.06,0.58,0.23,-0.01,0.17,0.17,-0.05,0.01,-0.37,-0.16,-0.37,-0.19,-0.50,-0.06,-0.11,-0.30,-0.20,0.16,-0.10,-0.02,-0.10,-0.15,0.16,0.10,0.02,-0.39,-0.04,0.10,-0.02,-0.38,-0.03,0.05,-0.24,-0.34,0.32,-0.11,0.15,0.08,0.53,0.28,-0.04,0.78,0.26,-0.02,0.15,-0.18,0.13,-0.23,-0.04,0.27
 "02000","Alaska",8,SQGDP11,86,"...","  State and local ","Percentage points",-0.48,-0.92,1.01,-1.48,0.47,0.02,-0.11,-0.73,0.93,-0.53,-0.36,0.20,0.31,0.56,-0.32,1.00,-0.31,0.23,-0.06,0.15,0.16,0.20,-0.11,0.76,0.78,0.30,1.69,0.07,0.03,0.68,-1.22,-0.52,-0.65,0.94,-0.34,1.04,0.18,-0.45,-0.46,-0.99,-0.40,0.15,-0.13,1.96,0.01,-1.16,0.40,-0.12,0.12,0.00,1.35,-0.18,0.69,0.30,-0.45,-0.31,-0.42,-0.59,-0.95,-0.97,-3.05,1.01,1.76,-2.58,1.89,-1.08,-0.48,-0.83,-0.62,-0.24,0.27,0.41
 "04000","Arizona",6,SQGDP11,1,"...","All industry total (percent change) ","Percent change",7.0,7.5,1.0,7.7,1.0,4.8,5.0,1.1,4.4,5.1,-0.3,-0.4,-0.5,-4.6,-14.0,-13.2,-7.6,-3.6,4.9,-3.5,6.7,4.4,4.6,-2.0,1.4,1.4,8.4,0.2,1.8,-1.5,0.5,1.7,-0.2,1.5,2.5,0.4,1.5,2.5,-0.9,5.3,1.7,-1.0,4.7,2.8,4.3,5.2,1.2,6.2,2.4,7.5,2.5,5.9,1.0,3.3,1.5,4.1,3.3,5.6,4.0,-2.5,-20.5,30.6,8.1,1.8,6.4,4.4,10.3,-2.2,-1.9,3.9,3.2,2.7
 "04000","Arizona",6,SQGDP11,2,"..."," Private industries ","Percentage points",5.43,6.62,1.58,6.84,1.59,2.66,6.28,0.89,4.15,3.94,-0.28,-1.74,-0.23,-4.28,-12.87,-11.92,-6.95,-3.21,2.92,-1.85,4.32,4.68,4.66,-1.20,1.70,0.52,8.29,0.70,1.22,-1.28,0.77,1.77,-0.22,2.23,2.83,1.02,1.29,3.26,-1.14,5.87,0.84,0.26,3.17,3.27,3.78,4.29,1.90,4.78,2.83,6.68,2.96,6.35,0.86,2.98,1.73,3.98,2.79,5.45,3.62,-3.46,-18.26,30.11,7.13,3.37,5.60,3.77,9.69,-1.21,-2.01,3.81,3.03,2.04
 "04000","Arizona",6,SQGDP11,3,"11","   Agriculture, forestry, fishing and hunting ","Percentage points",-0.01,-0.01,-0.08,-0.31,0.28,-0.06,-0.01,-0.06,-0.17,-0.20,0.01,-0.61,-0.04,-0.21,0.13,0.09,-0.17,0.14,-0.10,0.31,-0.02,-0.07,-0.03,0.55,-0.12,-0.01,0.29,-1.05,0.10,0.07,-0.14,0.26,0.44,0.11,-0.03,-0.22,0.00,0.02,-0.07,0.89,-0.09,-0.06,-0.06,0.70,0.01,0.13,0.16,-0.50,-0.05,0.14,0.16,-0.14,0.19,-0.06,-0.14,0.14,-0.12,-0.05,0.18,-0.37,0.53,0.10,-0.30,-0.43,-0.25,-0.14,0.52,-0.45,-0.37,-0.05,0.25,0.09
 "04000","Arizona",6,SQGDP11,6,"21","   Mining, quarrying, and oil and gas extraction ","Percentage points",0.38,-1.03,0.86,0.65,0.18,0.15,0.64,-0.35,0.19,-0.12,-0.37,0.43,-1.24,0.46,0.55,-0.98,-0.48,-0.50,0.47,0.45,1.33,0.26,-0.38,1.38,-1.21,-0.01,0.18,-0.04,-0.19,-1.09,-0.14,0.15,-0.18,0.29,0.51,0.03,-0.06,-0.29,-0.76,-0.02,-1.21,0.01,-0.18,0.03,-0.26,0.01,0.26,0.34,0.94,-0.05,0.30,-0.46,-0.13,0.01,-0.35,-0.07,0.12,-0.10,0.08,0.24,0.06,0.25,-0.08,1.70,-0.44,0.34,0.41,1.58,-1.64,0.38,0.43,0.17
 "04000","Arizona",6,SQGDP11,10,"22","   Utilities ","Percentage points",-0.59,0.12,0.27,-0.25,1.06,0.15,-0.06,0.07,0.24,0.31,-0.03,-0.05,0.54,0.07,-1.05,-0.10,0.60,-0.04,0.18,1.16,-0.92,0.07,0.33,0.52,-0.25,-0.12,0.72,-0.41,0.53,-0.50,0.35,0.24,-0.50,-0.31,0.00,-0.43,-0.14,0.70,-0.68,-0.48,0.78,-0.05,0.33,0.44,-0.14,0.11,0.06,-0.15,-0.17,0.15,-0.20,0.31,-0.38,-0.35,-0.20,0.47,0.16,-0.37,0.46,0.48,0.06,-0.12,-0.11,-0.51,0.26,-0.15,-0.22,-0.27,-0.04,-0.33,0.17,-0.01
 "04000","Arizona",6,SQGDP11,11,"23","   Construction ","Percentage points",1.38,1.00,0.38,2.68,-1.20,-0.04,-0.64,0.50,-0.17,-0.51,-1.81,-2.62,-1.23,-1.48,-3.13,-3.84,-1.74,-1.05,-1.04,-1.12,0.04,-0.26,0.27,-0.44,0.05,0.00,-0.66,-0.44,-0.17,0.14,0.49,0.02,0.54,0.46,0.04,-0.05,-0.59,-0.56,0.54,0.12,0.27,-0.11,0.49,0.24,0.31,0.68,-0.03,0.55,0.31,0.73,0.71,0.32,-0.06,0.64,0.40,0.25,0.47,0.30,0.03,0.15,0.62,0.74,0.90,-0.85,0.13,-0.26,0.35,-0.52,-1.20,-0.80,-0.27,-0.11
 "04000","Arizona",6,SQGDP11,12,"31-33","   Manufacturing ","Percentage points",-0.77,0.70,1.47,1.52,0.78,1.11,3.07,-0.79,2.17,1.44,0.22,-0.79,-0.15,-0.13,-2.10,-3.09,-0.71,0.37,1.52,0.41,0.99,1.63,0.42,0.22,0.51,-0.48,0.96,2.17,-0.48,-1.17,-1.58,-0.61,-1.54,0.06,0.51,0.69,1.50,0.89,0.53,0.42,0.18,-0.10,0.84,0.15,0.26,0.29,-0.39,1.23,0.79,2.22,0.92,0.99,0.27,-0.35,1.12,1.10,-0.11,0.45,1.02,-0.90,-2.31,3.13,2.11,-0.19,0.42,1.18,0.31,-2.02,-0.03,0.59,0.66,-0.64
 "04000","Arizona",6,SQGDP11,13,"321,327-339","     Durable goods manufacturing ","Percentage points",-1.00,0.57,1.38,1.34,0.73,0.79,2.67,-1.20,1.89,1.20,-0.12,-0.02,-0.24,0.23,-1.74,-3.23,-1.18,0.25,1.39,0.89,1.12,1.66,0.50,0.10,0.52,-0.40,1.02,2.18,-0.18,-0.68,-1.08,-0.57,-1.25,0.06,0.59,0.23,1.38,0.83,0.50,0.00,0.10,-0.04,0.96,-0.07,0.33,0.23,-0.32,1.27,0.60,2.28,0.88,0.92,0.13,-0.40,1.04,0.88,-0.40,0.16,0.38,-0.24,-1.90,2.59,2.13,-0.51,0.32,1.10,0.23,-2.19,0.14,0.54,0.66,-0.54
 "04000","Arizona",6,SQGDP11,25,"311-316,322-326","     Nondurable goods manufacturing ","Percentage points",0.23,0.13,0.09,0.19,0.05,0.32,0.40,0.42,0.28,0.25,0.34,-0.77,0.09,-0.36,-0.36,0.14,0.47,0.12,0.13,-0.48,-0.13,-0.03,-0.08,0.11,-0.01,-0.08,-0.07,-0.01,-0.30,-0.49,-0.50,-0.05,-0.29,0.00,-0.08,0.46,0.11,0.07,0.03,0.41,0.07,-0.06,-0.12,0.21,-0.07,0.06,-0.06,-0.04,0.19,-0.06,0.04,0.08,0.13,0.05,0.08,0.21,0.29,0.29,0.65,-0.67,-0.41,0.54,-0.01,0.32,0.10,0.08,0.08,0.17,-0.17,0.06,0.00,-0.10
 "04000","Arizona",6,SQGDP11,34,"42","   Wholesale trade ","Percentage points",0.61,0.64,0.33,-0.32,0.22,0.22,0.44,0.53,0.95,-0.23,0.08,-0.35,0.02,-0.13,-1.15,-1.18,-1.09,-0.20,1.04,-0.96,0.97,0.43,0.30,-0.71,0.09,-0.18,0.63,-0.14,0.80,-0.56,2.95,-3.26,0.39,0.26,0.04,-0.60,0.47,0.39,-0.30,0.12,0.35,0.15,-0.16,0.34,0.24,0.47,0.02,0.24,-0.34,-0.12,0.17,0.25,-0.12,0.16,-0.16,-0.35,-0.38,0.43,-0.05,0.69,-1.37,2.71,-0.02,0.65,0.32,-1.31,0.54,0.57,-0.48,0.36,0.51,-0.17
 "04000","Arizona",6,SQGDP11,35,"44-45","   Retail trade ","Percentage points",0.99,1.56,-1.13,1.79,0.39,-0.13,0.67,-0.83,-0.26,0.12,-0.35,-1.10,-0.67,-1.01,-1.20,-0.88,0.03,-0.62,0.12,0.54,0.11,-0.04,0.31,0.72,-0.09,-0.23,3.28,-1.47,-1.27,0.45,-0.50,0.59,-0.30,-0.08,-0.14,1.77,-0.11,0.20,-0.55,0.44,0.11,0.54,-0.04,0.73,0.22,-0.08,0.18,0.09,0.25,0.34,0.08,0.21,-0.28,0.63,-0.09,0.36,0.07,0.42,0.01,-0.37,-0.84,2.60,0.45,0.58,-0.85,-0.61,0.45,-0.11,-0.13,0.42,0.36,0.72
 "04000","Arizona",6,SQGDP11,36,"48-49","   Transportation and warehousing ","Percentage points",0.41,0.62,0.43,0.05,0.41,-0.30,0.08,-0.08,0.10,-0.16,-0.03,-0.14,0.00,-0.14,-0.52,-0.42,0.06,0.03,0.28,-0.05,0.45,0.41,0.30,-0.42,-0.02,-0.20,0.16,0.12,0.14,-0.04,-0.25,-0.30,-0.09,0.15,0.47,0.28,-0.25,0.22,-0.02,-0.11,0.27,0.16,-0.10,-0.12,0.45,-0.08,0.56,0.03,0.22,0.11,-0.23,0.81,-0.13,0.21,-0.08,0.43,0.05,-0.05,-0.19,-0.31,-2.20,1.28,0.55,0.51,-0.01,0.73,0.39,-0.67,0.09,0.33,0.15,0.03
 "04000","Arizona",6,SQGDP11,45,"51","   Information ","Percentage points",0.39,0.09,-0.55,0.72,-0.15,0.91,-0.21,-0.04,0.21,0.41,0.19,0.17,0.29,0.11,-0.53,-0.29,-0.09,0.19,0.87,-1.05,0.29,0.48,0.35,-1.03,0.22,0.23,0.34,-0.57,0.44,-0.32,-0.09,1.26,0.05,0.45,0.02,1.00,0.15,-0.08,0.35,1.01,-0.14,0.16,0.52,-0.08,0.59,1.26,-0.02,0.41,0.64,0.30,0.06,0.76,-0.58,0.15,0.02,1.69,0.06,0.34,0.40,-0.11,-0.06,0.42,0.28,0.41,0.87,0.25,1.28,0.31,0.32,0.61,0.23,0.18
 "04000","Arizona",6,SQGDP11,51,"52","   Finance and insurance ","Percentage points",0.40,0.01,-1.71,-3.10,-2.63,-0.21,-0.15,0.20,1.10,-0.23,-0.95,0.20,0.24,-2.51,-2.92,4.63,0.88,0.08,-0.02,-0.13,-0.28,0.43,1.19,-0.10,0.75,1.04,1.09,1.34,0.37,1.33,-1.32,0.77,-0.99,-0.76,-0.22,0.56,-0.64,0.07,0.27,1.60,1.03,-0.95,0.38,-1.39,1.28,0.46,0.47,-0.85,-0.73,1.05,-0.17,1.00,0.36,0.14,-1.08,0.27,0.05,1.63,1.61,-0.82,2.75,1.51,2.30,-0.02,-1.06,-0.52,0.28,0.52,0.20,-0.32,-0.41,-0.47
 "04000","Arizona",6,SQGDP11,56,"53","   Real estate and rental and leasing ","Percentage points",0.50,0.16,0.46,0.63,0.03,1.04,0.99,1.20,0.21,1.16,1.35,4.30,1.13,0.17,-0.61,-1.87,-3.13,-1.15,-0.92,0.26,0.31,-0.23,0.12,-1.51,0.59,-0.36,1.38,-0.35,0.77,0.68,0.24,1.84,1.05,1.28,0.27,-0.94,-0.36,0.09,-0.65,0.16,-0.33,0.13,0.26,0.92,0.39,0.15,-0.17,-0.49,0.41,0.22,0.68,0.87,0.18,0.56,0.60,0.80,0.80,0.73,-0.18,-0.11,-2.14,1.99,-0.07,1.15,0.70,1.25,2.13,0.33,0.60,0.69,-0.23,0.89
 "04000","Arizona",6,SQGDP11,60,"54","   Professional, scientific, and technical services ","Percentage points",-0.12,0.37,0.32,0.84,0.61,0.14,0.20,0.04,0.16,0.85,0.46,-0.13,0.22,0.22,-0.17,-0.98,-0.82,-0.28,-0.13,-0.24,0.50,0.31,0.28,0.19,0.28,0.48,0.14,-0.42,0.34,0.05,-0.26,0.18,-0.15,0.14,0.39,-0.13,0.09,0.57,-0.10,0.28,-0.04,0.30,0.18,0.71,0.05,-0.15,-0.01,1.23,0.12,0.20,0.29,0.86,0.35,0.13,0.65,-0.08,-0.01,0.38,0.06,-0.13,-0.87,1.52,0.19,0.27,1.54,1.16,0.13,0.02,0.25,0.77,0.38,0.35
 "04000","Arizona",6,SQGDP11,64,"55","   Management of companies and enterprises ","Percentage points",0.46,-0.13,-0.06,0.19,0.07,-0.07,0.06,0.61,-0.77,0.41,0.03,-0.16,0.12,0.07,0.32,-0.77,0.08,0.44,-0.47,-0.27,0.13,0.11,0.10,-0.42,0.33,-0.15,0.17,0.12,0.19,-0.31,0.66,-0.23,0.48,-0.01,0.14,0.06,0.34,0.07,-0.12,0.13,-0.13,-0.11,0.07,-0.20,0.26,0.09,0.17,0.07,0.10,0.12,0.07,-0.81,0.13,0.30,0.27,-0.38,0.57,0.19,0.11,-0.06,0.11,0.07,0.43,0.25,0.74,-0.09,0.44,0.60,0.18,0.13,0.28,-0.05
 "04000","Arizona",6,SQGDP11,65,"56","   Administrative and support and waste management and remediation services ","Percentage points",0.64,0.41,0.21,0.35,0.28,0.15,0.47,-0.61,0.42,0.66,0.02,-0.16,-0.15,-0.41,-0.30,-1.07,-0.14,-0.50,0.12,-0.17,0.10,0.11,0.36,-0.24,0.07,-0.01,0.04,0.34,-0.31,0.24,-0.04,0.60,0.26,0.32,0.21,0.08,0.24,0.19,0.06,0.41,-0.31,0.08,-0.01,-0.21,0.18,0.37,0.31,0.32,0.41,0.34,0.29,0.14,0.34,0.19,0.35,-0.23,0.03,0.37,0.29,-0.22,-1.49,1.43,-0.04,1.04,-0.11,0.66,0.97,-0.23,-0.14,0.03,0.02,0.05
 "04000","Arizona",6,SQGDP11,69,"61","   Educational services ","Percentage points",0.01,0.11,-0.01,0.01,0.10,-0.03,-0.03,0.01,0.11,0.00,0.16,0.06,0.12,0.15,0.10,0.25,-0.01,0.12,0.27,0.02,0.13,0.17,0.03,-0.20,0.16,0.12,-0.14,0.14,0.14,-0.21,-0.05,-0.15,0.02,-0.08,0.05,-0.03,-0.02,0.11,0.04,-0.08,-0.02,0.03,0.14,-0.18,0.11,0.06,-0.08,0.11,-0.05,-0.03,-0.20,0.26,-0.08,0.02,0.15,0.14,0.08,-0.06,-0.10,-0.03,-0.49,0.41,-0.02,-0.21,0.32,0.03,0.09,-0.11,0.02,0.01,0.12,0.03
 "04000","Arizona",6,SQGDP11,70,"62","   Health care and social assistance ","Percentage points",0.50,1.14,0.14,0.94,0.66,0.04,0.51,0.14,0.05,0.51,0.50,0.77,0.85,0.60,0.32,-0.44,0.19,0.03,0.36,-0.37,-0.18,0.71,0.34,0.22,0.23,-0.02,0.14,0.29,-0.19,-0.13,0.31,0.02,0.45,-0.14,0.56,-0.50,0.57,0.34,0.27,0.44,0.47,0.06,0.18,1.27,-0.27,0.30,-0.05,1.62,-0.04,0.48,0.03,0.90,0.24,0.39,0.13,0.39,0.84,0.29,0.01,0.18,-3.38,5.70,0.32,-1.35,0.45,0.55,1.08,-0.32,0.50,0.83,0.48,0.86
 "04000","Arizona",6,SQGDP11,76,"71","   Arts, entertainment, and recreation ","Percentage points",0.21,0.23,-0.19,-0.22,0.37,-0.38,0.33,-0.27,-0.08,0.06,0.21,-0.34,-0.04,0.06,0.01,-0.12,-0.01,-0.06,0.05,0.05,-0.04,0.01,0.13,-0.05,-0.11,0.33,-0.15,0.39,0.14,0.04,-0.08,0.31,0.03,-0.02,0.02,0.23,0.12,-0.11,0.15,-0.11,-0.24,-0.02,0.30,0.00,0.08,0.04,0.12,0.01,0.06,0.37,-0.20,-0.21,0.24,0.16,-0.20,-0.42,0.06,0.25,-0.05,-0.66,-1.57,0.68,0.48,-0.13,0.39,0.06,0.07,-0.15,0.11,0.27,-0.02,0.05
 "04000","Arizona",6,SQGDP11,79,"72","   Accommodation and food services ","Percentage points",0.07,0.46,0.37,0.26,0.10,0.01,-0.08,0.58,-0.33,-0.45,0.08,-0.95,-0.17,-0.17,-0.42,-0.57,-0.25,-0.10,0.07,-0.16,0.30,0.12,0.11,0.18,0.24,0.16,-0.20,0.41,-0.17,0.05,0.20,0.16,-0.20,0.06,0.00,-0.89,-0.05,0.06,0.04,0.67,-0.11,0.14,0.01,-0.07,0.02,0.20,0.28,0.31,0.23,-0.11,0.11,0.21,0.20,-0.03,0.31,-0.47,-0.08,0.24,-0.04,-0.71,-4.40,4.34,-0.26,0.64,1.73,0.40,0.21,-0.08,-0.25,-0.07,-0.10,0.13
 "04000","Arizona",6,SQGDP11,82,"81","   Other services (except government and government enterprises) ","Percentage points",-0.04,0.18,0.07,0.40,0.05,-0.04,-0.01,0.03,0.03,-0.09,-0.08,-0.28,-0.08,-0.01,-0.21,-0.30,-0.15,-0.11,0.24,-0.53,0.12,0.03,0.12,-0.06,-0.01,-0.08,-0.07,0.26,0.02,0.00,0.02,-0.08,0.01,0.06,-0.02,0.12,0.03,0.39,-0.14,-0.03,0.00,-0.11,0.03,0.00,0.02,-0.02,0.05,0.21,-0.27,0.22,0.09,0.08,0.11,0.08,0.02,-0.07,0.13,0.05,-0.03,-0.38,-1.27,1.35,0.03,-0.16,0.45,0.23,0.25,-0.21,0.01,-0.01,0.04,-0.07
 "04000","Arizona",6,SQGDP11,83,"..."," Government and government enterprises ","Percentage points",1.55,0.84,-0.58,0.84,-0.63,2.12,-1.26,0.25,0.23,1.19,0.00,1.36,-0.25,-0.35,-1.17,-1.28,-0.67,-0.44,1.96,-1.69,2.42,-0.24,-0.07,-0.83,-0.33,0.85,0.06,-0.50,0.57,-0.19,-0.24,-0.07,0.00,-0.69,-0.35,-0.65,0.16,-0.72,0.26,-0.56,0.89,-1.30,1.57,-0.48,0.49,0.94,-0.73,1.47,-0.40,0.86,-0.50,-0.46,0.12,0.36,-0.19,0.08,0.53,0.16,0.41,0.92,-2.26,0.54,0.93,-1.61,0.76,0.67,0.57,-1.03,0.06,0.09,0.21,0.61
 "04000","Arizona",6,SQGDP11,84,"...","  Federal civilian ","Percentage points",0.18,0.05,0.00,-0.12,-0.04,-0.02,0.05,0.10,0.06,0.09,0.11,0.04,0.13,0.07,0.00,0.15,0.08,-0.03,-0.09,0.14,0.18,-0.19,-0.02,0.10,0.03,0.00,0.06,-0.07,-0.04,0.01,-0.09,0.01,-0.09,-0.21,-0.07,0.11,-0.03,0.05,0.12,0.17,0.15,0.04,0.06,0.04,0.02,0.04,0.04,0.05,0.07,0.12,0.02,0.06,0.02,-0.03,-0.05,-0.17,0.17,0.10,0.15,0.13,0.19,0.18,-0.09,0.05,-0.02,0.00,-0.09,0.04,-0.01,-0.05,0.10,0.14
 "04000","Arizona",6,SQGDP11,85,"...","  Military ","Percentage points",0.02,0.00,-0.03,-0.17,-0.03,0.06,-0.02,-0.01,0.00,0.05,0.08,0.11,0.10,0.14,0.15,0.15,0.13,0.14,0.06,0.15,0.03,-0.02,-0.04,-0.03,-0.08,-0.05,0.05,-0.02,-0.05,-0.06,-0.06,-0.08,0.03,-0.01,-0.19,0.04,-0.10,-0.16,-0.18,0.04,-0.04,-0.03,0.00,-0.08,0.04,0.03,-0.01,0.07,0.01,0.06,0.01,-0.11,0.02,0.03,-0.08,0.12,0.06,0.03,0.06,0.04,0.14,-0.03,0.03,0.13,0.02,-0.01,-0.03,-0.10,-0.03,-0.07,-0.04,0.00
 "04000","Arizona",6,SQGDP11,86,"...","  State and local ","Percentage points",1.35,0.78,-0.55,1.13,-0.56,2.08,-1.29,0.16,0.17,1.04,-0.18,1.20,-0.48,-0.56,-1.31,-1.59,-0.89,-0.54,1.98,-1.97,2.20,-0.03,-0.01,-0.90,-0.27,0.89,-0.04,-0.41,0.66,-0.14,-0.09,-0.01,0.06,-0.47,-0.10,-0.79,0.29,-0.61,0.31,-0.77,0.78,-1.31,1.51,-0.43,0.43,0.88,-0.77,1.35,-0.48,0.69,-0.53,-0.41,0.07,0.36,-0.05,0.13,0.29,0.03,0.21,0.76,-2.60,0.38,0.99,-1.79,0.76,0.69,0.68,-0.97,0.10,0.21,0.15,0.47
 "05000","Arkansas",5,SQGDP11,1,"...","All industry total (percent change) ","Percent change",2.2,2.3,8.6,0.1,4.9,-3.3,-2.7,-8.2,3.7,1.3,19.6,-17.2,5.3,-3.2,-8.2,2.5,-13.4,2.0,2.5,0.0,11.1,6.2,0.4,-0.8,2.3,0.7,5.8,-1.0,-0.2,-2.4,-2.7,11.4,-0.8,3.1,-0.7,-0.2,2.3,1.8,1.4,-3.0,2.3,2.3,-0.5,-1.1,0.4,-0.2,4.5,-1.8,0.7,1.4,4.0,1.9,-0.6,3.1,1.2,-0.2,-0.3,3.8,2.3,2.8,-24.1,33.6,1.1,7.5,3.8,2.2,3.8,6.5,-3.0,1.3,3.2,0.2
 "05000","Arkansas",5,SQGDP11,2,"..."," Private industries ","Percentage points",2.25,2.19,8.73,-0.99,4.68,-2.98,-2.40,-7.91,3.53,1.01,19.64,-17.60,5.30,-3.37,-7.34,1.92,-13.17,0.93,2.52,-0.09,11.52,5.34,0.71,-1.86,3.85,0.03,5.43,-0.37,-0.49,-1.78,-3.27,11.78,-0.87,3.76,-0.72,0.10,2.18,2.72,1.21,-2.51,2.49,2.94,-0.64,-1.68,0.13,0.17,5.24,-2.07,1.14,0.39,3.73,2.81,-0.28,2.48,1.48,-0.35,-0.76,3.17,1.84,2.09,-21.85,31.81,1.02,8.92,2.31,2.22,3.71,6.87,-2.93,1.30,2.98,0.10
 "05000","Arkansas",5,SQGDP11,3,"11","   Agriculture, forestry, fishing and hunting ","Percentage points",-0.04,-0.32,0.08,-0.48,1.30,-0.82,-0.34,-1.06,-0.04,-0.48,-0.18,-0.23,-0.04,0.04,0.90,-0.75,-0.36,0.50,-1.01,-1.69,0.57,0.10,-0.26,-1.18,-0.39,-0.08,0.07,1.32,-0.11,-0.37,-0.35,4.16,1.31,0.40,-0.63,-0.12,-0.66,-0.27,-0.04,0.16,0.01,-0.01,-0.37,0.27,-0.20,-0.06,0.10,1.33,-0.17,-0.15,-0.03,-0.22,0.44,-0.42,0.03,-2.19,-0.23,-0.15,-0.46,2.14,-2.29,0.87,0.72,0.74,0.17,1.74,-0.29,0.95,0.82,-0.37,0.82,-0.63
 "05000","Arkansas",5,SQGDP11,6,"21","   Mining, quarrying, and oil and gas extraction ","Percentage points",0.22,-0.36,0.30,0.62,0.28,0.46,0.56,1.12,0.49,0.67,0.06,-0.15,0.96,1.79,3.49,0.74,-0.99,-0.66,-0.43,-0.26,1.58,0.05,0.24,-0.45,1.01,0.34,0.18,-0.18,-0.31,-1.25,-0.69,0.14,-0.14,0.56,0.34,-0.73,-0.09,0.37,0.17,-0.05,-1.10,-0.05,-0.23,-0.01,-0.82,-0.38,-0.21,-0.17,0.06,-0.07,-0.13,-0.10,0.03,-0.15,-0.04,-0.03,-0.01,-0.02,-0.03,0.22,-0.09,-0.04,-0.06,-0.11,-0.02,0.06,-0.06,-0.17,-0.12,0.04,0.03,-0.04
 "05000","Arkansas",5,SQGDP11,10,"22","   Utilities ","Percentage points",-0.39,1.06,0.59,-1.68,1.95,-0.13,0.10,-0.62,0.18,0.01,0.00,0.30,1.02,-0.58,-1.19,0.06,-0.23,0.67,0.39,0.42,0.41,0.15,0.62,-1.14,1.30,-0.38,0.39,0.37,-0.38,1.01,-0.54,0.62,-0.37,0.01,-0.19,-0.09,-0.30,-0.31,-0.31,-0.27,0.25,0.87,-0.05,-0.14,-0.22,0.88,0.15,-1.04,1.13,-0.84,-0.17,0.04,0.45,-0.82,0.43,-0.40,0.69,-0.07,0.71,-0.27,0.06,0.20,-0.74,0.22,-0.16,-0.23,0.26,-0.19,0.22,-0.45,-0.19,-0.08
 "05000","Arkansas",5,SQGDP11,11,"23","   Construction ","Percentage points",-0.22,-0.57,0.66,-0.54,-0.32,-0.46,-0.76,0.24,0.14,-0.85,-0.14,-0.48,0.17,0.35,-0.42,-0.59,-0.43,0.79,-1.05,-0.61,1.64,-0.25,-0.78,-0.55,0.77,0.00,0.12,0.83,-0.15,-0.70,-0.28,-0.74,-0.46,-0.40,-0.47,0.14,-0.09,-0.44,0.48,-0.77,0.45,0.70,0.25,-0.32,-0.05,-0.07,0.08,0.36,-0.02,-0.28,0.15,-0.18,-0.14,0.16,0.02,0.04,-0.01,0.03,0.24,-0.15,-0.22,0.16,0.62,0.21,0.34,-0.25,-0.64,-0.05,-0.93,-0.82,-0.27,0.28
 "05000","Arkansas",5,SQGDP11,12,"31-33","   Manufacturing ","Percentage points",0.55,1.39,2.90,1.79,-0.45,-2.40,-1.19,-3.29,-1.26,-0.58,-0.07,-2.00,0.66,-2.06,-4.95,-6.89,0.52,1.17,2.64,0.16,1.79,1.53,0.33,0.99,0.32,-0.94,0.65,-2.59,-0.31,-1.02,-0.20,4.38,0.14,1.58,0.58,-0.02,1.33,-0.06,-0.37,-0.79,-0.14,-0.56,-0.63,0.83,-0.74,0.43,0.23,-0.46,0.35,0.10,0.53,1.51,0.59,0.54,0.61,-1.81,1.11,1.01,1.01,-1.46,-4.58,6.60,0.52,-0.15,1.46,0.40,2.12,-1.19,-1.10,-0.20,0.48,-0.60
 "05000","Arkansas",5,SQGDP11,13,"321,327-339","     Durable goods manufacturing ","Percentage points",0.52,0.74,2.00,0.35,0.19,-0.87,-0.36,-0.73,-0.24,0.58,-0.37,-0.25,-0.21,-1.04,-3.74,-5.80,-1.97,-0.34,0.57,0.83,2.47,1.30,0.89,1.32,0.69,0.05,1.02,-1.52,0.56,-0.39,-0.48,1.06,-0.55,-0.06,0.70,-1.40,0.61,0.62,-0.05,-0.06,0.00,0.34,-0.05,0.20,-0.79,0.29,0.29,0.33,0.35,0.70,0.31,1.12,0.19,0.18,-0.13,-1.11,-0.44,-0.32,0.91,-0.53,-2.05,4.90,0.27,0.38,0.78,-0.17,1.18,-0.40,-0.14,-0.03,0.59,-0.34
 "05000","Arkansas",5,SQGDP11,25,"311-316,322-326","     Nondurable goods manufacturing ","Percentage points",0.02,0.65,0.90,1.45,-0.64,-1.53,-0.83,-2.56,-1.02,-1.16,0.30,-1.75,0.87,-1.02,-1.21,-1.09,2.48,1.51,2.08,-0.67,-0.67,0.23,-0.56,-0.33,-0.37,-0.99,-0.37,-1.07,-0.87,-0.63,0.28,3.33,0.69,1.64,-0.11,1.38,0.73,-0.68,-0.32,-0.73,-0.14,-0.91,-0.58,0.64,0.05,0.14,-0.06,-0.79,0.00,-0.59,0.22,0.39,0.40,0.36,0.74,-0.70,1.55,1.33,0.10,-0.93,-2.53,1.70,0.25,-0.54,0.69,0.58,0.94,-0.79,-0.96,-0.17,-0.11,-0.26
 "05000","Arkansas",5,SQGDP11,34,"42","   Wholesale trade ","Percentage points",0.18,0.52,0.84,-0.21,-0.17,0.43,0.05,-0.11,0.85,0.39,0.30,0.31,0.38,-0.34,-0.55,-2.45,-0.67,0.00,1.29,-0.08,0.91,1.03,0.20,-1.46,-0.41,-0.17,1.55,-0.44,0.49,0.06,-0.87,1.52,-0.27,0.33,0.30,-0.60,0.48,0.77,-0.13,1.11,-0.16,0.25,-0.33,-0.73,0.95,0.05,-0.08,0.30,-0.52,0.38,0.08,-0.07,-0.04,0.09,-0.09,-0.30,-0.65,0.20,0.05,0.90,-1.32,3.20,0.05,1.45,-0.18,-0.63,0.19,0.17,-0.31,0.49,1.03,0.49
 "05000","Arkansas",5,SQGDP11,35,"44-45","   Retail trade ","Percentage points",0.73,0.13,-0.24,0.04,0.49,-0.59,0.16,-0.84,-0.56,0.08,0.20,0.52,-0.12,0.00,-0.72,-0.35,0.06,-0.47,0.84,0.19,0.88,-0.03,-0.31,-0.06,-0.37,-0.11,0.39,0.25,-0.53,0.65,0.03,0.67,-0.19,-0.13,-0.07,0.52,0.08,0.18,-0.08,-0.68,1.34,0.53,-0.08,0.54,0.45,-0.27,0.69,-0.61,0.02,0.52,0.18,0.14,-0.17,0.03,-0.08,0.34,-0.35,0.45,0.14,-0.19,-0.68,2.47,-0.58,1.82,-0.95,-1.13,-0.08,-0.18,-0.17,0.44,0.77,0.50
 "05000","Arkansas",5,SQGDP11,36,"48-49","   Transportation and warehousing ","Percentage points",0.30,0.52,0.24,-0.10,0.24,-0.21,-0.24,-0.95,0.31,-0.35,0.57,-0.62,0.32,-0.66,-0.90,-1.07,0.22,-0.66,0.19,0.02,0.73,0.73,-0.19,0.44,-0.29,-0.12,0.57,0.50,-0.69,0.18,-0.27,0.32,-0.55,-0.06,-0.02,-0.27,0.12,0.61,0.20,-1.00,0.53,0.10,-0.30,-0.70,0.43,-0.71,0.54,0.09,0.31,0.04,-0.05,0.32,-0.18,0.16,-0.12,0.04,-0.34,0.07,0.38,0.17,-2.36,2.73,-0.12,0.39,-0.85,0.71,0.16,0.35,0.14,0.32,0.44,0.19
 "05000","Arkansas",5,SQGDP11,45,"51","   Information ","Percentage points",0.02,-0.23,-0.08,-1.56,2.01,0.02,-1.70,-1.46,1.20,1.52,18.72,-15.57,1.25,-0.66,-0.65,9.27,-10.29,-1.15,-0.53,-1.13,1.24,-0.38,-0.20,-1.23,0.78,0.00,-0.63,-0.08,0.11,-0.43,-0.34,0.91,0.02,-0.03,-0.03,0.33,-0.28,-0.16,-0.17,0.42,-0.16,0.06,0.22,0.53,-0.15,-0.13,-0.02,0.29,-0.08,-0.24,0.16,-1.72,0.19,0.18,0.07,0.31,0.14,0.49,-0.76,1.17,0.06,0.20,0.06,0.70,-0.24,-0.10,0.36,0.53,0.13,0.46,0.14,0.07
 "05000","Arkansas",5,SQGDP11,51,"52","   Finance and insurance ","Percentage points",0.13,-0.07,0.13,0.49,-0.67,0.35,0.03,-0.05,0.53,-0.15,-0.40,1.67,0.08,-1.74,-2.38,3.73,0.12,0.22,-0.63,0.01,-0.49,1.00,1.03,2.29,0.16,0.10,-0.53,-0.62,-1.34,-0.73,-0.16,-0.92,0.75,0.07,0.85,-0.02,0.92,0.21,-0.60,0.26,0.94,-1.07,0.85,-0.46,-0.39,0.27,0.83,-1.66,-0.51,0.77,-0.02,0.08,0.09,0.15,-0.84,2.01,-0.44,0.33,0.63,0.30,1.31,1.34,0.15,0.52,-0.12,-0.05,0.42,0.64,0.56,0.05,-0.39,-0.33
 "05000","Arkansas",5,SQGDP11,56,"53","   Real estate and rental and leasing ","Percentage points",0.55,0.02,0.48,0.19,0.27,0.81,0.65,0.62,0.88,0.40,-0.28,-1.12,-1.38,-1.13,0.13,1.08,0.04,0.92,0.52,0.84,0.65,-0.07,0.54,-0.15,1.14,0.47,1.49,0.02,0.80,0.61,-0.72,-0.01,-0.27,0.28,-0.07,-0.87,0.11,0.44,0.33,0.69,-0.06,-0.04,-0.41,-0.61,-0.47,-0.34,-0.03,-1.37,0.65,0.36,0.34,1.20,0.59,0.15,0.51,0.10,0.13,0.27,-0.48,-1.11,-1.07,0.85,-0.33,0.61,0.24,0.16,0.32,0.10,-0.34,0.08,-0.50,-0.25
 "05000","Arkansas",5,SQGDP11,60,"54","   Professional, scientific, and technical services ","Percentage points",-0.24,0.00,0.18,0.26,-0.23,0.08,-0.04,-0.08,0.45,0.03,0.47,-0.33,0.29,0.36,-0.05,-0.71,-0.28,-0.21,-0.13,0.73,-0.19,0.44,-0.20,0.90,-0.46,0.39,-0.04,-0.53,0.32,-0.10,-0.42,0.46,0.22,-0.02,0.17,-0.12,0.14,0.08,0.61,-0.08,-0.31,0.25,-0.03,0.38,0.11,-0.10,0.13,0.21,0.23,-0.05,0.26,0.49,0.33,0.03,0.04,0.12,-0.35,0.49,-0.26,-0.06,-0.88,1.06,-0.31,0.55,0.57,0.29,0.38,0.30,0.03,0.24,0.14,0.05
 "05000","Arkansas",5,SQGDP11,64,"55","   Management of companies and enterprises ","Percentage points",0.53,-0.48,1.81,-0.83,-0.16,-0.31,0.23,-1.10,0.20,0.33,-0.17,-0.20,1.08,0.57,-0.09,0.33,-0.37,-0.28,0.22,0.27,0.96,0.32,-0.07,-0.86,0.08,0.37,0.53,0.53,1.35,0.56,0.99,0.41,-0.95,1.26,-1.62,1.49,-0.23,0.79,0.10,-1.00,0.37,1.42,-0.14,-1.24,0.97,0.41,1.47,0.68,-0.71,-0.63,1.47,0.67,-2.74,1.85,0.60,0.55,-0.03,-0.31,0.62,0.07,0.88,-1.00,1.60,0.73,0.66,0.13,-0.82,5.32,-2.31,0.32,0.81,-0.15
 "05000","Arkansas",5,SQGDP11,65,"56","   Administrative and support and waste management and remediation services ","Percentage points",0.10,0.09,0.37,0.07,-0.08,-0.07,-0.03,0.27,0.26,0.18,0.22,0.09,0.18,-0.02,-0.19,-0.11,-0.31,0.11,0.24,0.66,0.28,0.16,-0.10,0.50,0.02,-0.04,-0.06,-0.17,0.02,-0.03,-0.06,0.15,0.14,0.05,0.12,0.10,0.13,-0.09,0.57,-0.33,-0.20,0.31,0.03,-0.39,0.12,0.03,0.39,-0.05,0.42,0.01,0.18,0.51,-0.07,0.20,0.00,-0.05,-0.01,-0.05,0.09,0.34,-1.45,1.42,0.47,0.60,0.23,0.49,0.72,0.15,-0.09,0.02,-0.58,0.01
 "05000","Arkansas",5,SQGDP11,69,"61","   Educational services ","Percentage points",0.00,0.01,0.04,0.05,0.01,0.01,-0.03,0.02,0.00,-0.01,0.09,-0.07,0.09,0.13,0.07,0.15,-0.03,0.02,0.00,0.15,-0.02,0.01,-0.01,0.13,-0.05,-0.05,-0.01,0.00,0.01,-0.02,0.08,-0.11,0.11,-0.01,0.07,-0.07,0.01,-0.01,-0.07,-0.03,-0.02,0.05,0.02,0.12,-0.03,-0.04,-0.05,-0.02,-0.02,-0.02,0.04,0.03,0.06,0.03,0.03,0.07,-0.04,0.01,-0.11,-0.04,-0.31,0.11,-0.08,0.10,0.09,0.02,0.04,0.01,0.03,0.06,0.11,-0.04
 "05000","Arkansas",5,SQGDP11,70,"62","   Health care and social assistance ","Percentage points",-0.19,0.42,0.25,0.60,0.15,-0.10,0.06,-0.29,0.08,0.09,0.26,0.52,0.56,0.49,0.59,-0.39,0.28,-0.13,0.07,-0.26,0.10,0.38,-0.14,0.08,0.09,0.24,0.58,0.49,0.08,0.01,0.16,0.24,-0.09,-0.16,-0.05,0.36,0.04,0.34,0.40,0.06,0.46,0.09,0.52,0.24,0.34,0.08,0.61,0.28,0.06,0.21,0.43,0.19,0.12,0.12,0.03,0.65,0.06,-0.13,-0.09,0.84,-4.00,5.88,-0.64,-0.24,-0.31,0.58,0.20,0.91,0.33,0.51,0.24,0.48
 "05000","Arkansas",5,SQGDP11,76,"71","   Arts, entertainment, and recreation ","Percentage points",0.02,0.02,-0.01,0.01,0.03,-0.04,0.05,0.11,0.00,0.03,0.04,0.13,-0.22,0.11,-0.03,0.05,-0.01,0.01,0.00,0.00,0.05,0.03,-0.03,-0.03,0.07,0.02,0.20,-0.13,0.09,-0.06,-0.05,0.02,-0.02,0.00,0.02,0.04,0.04,0.04,-0.02,-0.09,-0.02,0.02,0.06,-0.09,0.09,0.00,0.11,-0.11,0.04,0.11,0.06,-0.03,0.05,-0.06,-0.03,0.08,-0.03,0.04,-0.03,0.12,-0.89,0.56,0.08,0.31,-0.05,0.16,0.05,-0.07,0.06,0.05,0.04,-0.01
 "05000","Arkansas",5,SQGDP11,79,"72","   Accommodation and food services ","Percentage points",0.07,0.04,0.14,0.20,-0.05,-0.01,0.12,-0.29,-0.09,-0.12,0.02,-0.24,-0.03,0.01,-0.24,-0.06,-0.18,0.08,-0.06,0.51,0.20,0.06,0.01,0.08,0.03,0.00,0.02,-0.04,0.05,-0.08,0.21,-0.15,-0.14,0.00,-0.06,0.11,0.27,0.04,0.15,-0.05,0.33,0.13,0.01,-0.01,-0.09,0.03,0.31,-0.04,-0.09,0.07,0.14,0.01,-0.01,0.14,0.27,0.24,-0.27,0.35,0.09,-0.78,-2.82,3.89,-0.53,0.72,1.10,-0.29,0.21,-0.24,0.16,0.02,-0.10,0.23
 "05000","Arkansas",5,SQGDP11,82,"81","   Other services (except government and government enterprises) ","Percentage points",-0.07,0.01,0.04,0.08,0.05,-0.01,-0.07,-0.16,-0.11,-0.19,-0.06,-0.12,0.04,-0.04,-0.18,-0.11,-0.26,-0.01,-0.05,0.00,0.23,0.09,0.02,-0.16,0.04,-0.02,-0.02,0.10,0.01,-0.07,0.19,-0.29,-0.12,0.03,0.04,-0.05,0.16,0.18,-0.02,-0.04,-0.03,-0.10,-0.01,0.13,-0.18,0.09,0.00,-0.09,0.00,0.10,0.11,-0.06,0.14,0.09,0.05,-0.14,-0.13,0.17,0.11,-0.14,-1.18,1.30,0.12,-0.24,0.32,0.14,0.16,-0.46,-0.06,0.04,-0.01,-0.06
 "05000","Arkansas",5,SQGDP11,83,"..."," Government and government enterprises ","Percentage points",-0.02,0.12,-0.12,1.14,0.22,-0.29,-0.28,-0.31,0.17,0.25,-0.06,0.36,-0.04,0.13,-0.83,0.57,-0.27,1.06,0.00,0.08,-0.44,0.81,-0.30,1.01,-1.51,0.67,0.34,-0.62,0.31,-0.64,0.52,-0.34,0.10,-0.62,-0.02,-0.27,0.08,-0.91,0.14,-0.44,-0.17,-0.65,0.18,0.59,0.32,-0.40,-0.72,0.27,-0.39,1.00,0.24,-0.89,-0.29,0.61,-0.28,0.16,0.41,0.63,0.48,0.71,-2.29,1.81,0.03,-1.47,1.54,-0.05,0.10,-0.42,-0.10,0.04,0.22,0.11
 "05000","Arkansas",5,SQGDP11,84,"...","  Federal civilian ","Percentage points",0.09,-0.06,0.06,0.03,-0.01,0.01,0.02,-0.08,0.08,0.09,0.00,0.07,-0.02,0.05,0.04,0.02,0.29,-0.25,-0.07,0.07,-0.21,-0.04,-0.29,-0.02,0.03,-0.16,0.06,-0.12,-0.07,0.02,-0.02,-0.02,-0.09,-0.16,-0.04,0.16,0.04,0.06,0.05,0.11,0.10,0.00,0.03,0.00,-0.06,-0.02,0.00,0.06,-0.01,0.02,0.08,0.04,0.02,0.01,-0.05,-0.19,0.09,0.05,0.01,0.16,0.01,0.57,-0.45,-0.14,-0.05,-0.07,0.03,-0.01,-0.03,-0.04,0.11,0.05
 "05000","Arkansas",5,SQGDP11,85,"...","  Military ","Percentage points",0.16,0.06,0.04,-0.29,-0.05,0.02,-0.03,-0.06,0.05,0.05,0.01,-0.16,0.01,0.00,0.00,0.12,0.05,0.03,0.00,-0.12,-0.08,-0.08,-0.06,-0.05,-0.03,0.04,0.03,-0.05,-0.01,0.03,0.01,0.00,-0.01,-0.01,-0.10,-0.08,-0.08,-0.10,-0.07,-0.16,-0.03,-0.01,-0.04,0.12,0.01,-0.01,-0.02,-0.25,-0.01,0.00,-0.02,-0.15,0.00,0.01,-0.01,-0.08,0.08,0.01,-0.01,0.02,0.06,-0.01,-0.03,0.16,0.02,-0.04,0.00,0.00,-0.01,-0.02,-0.03,0.05
 "05000","Arkansas",5,SQGDP11,86,"...","  State and local ","Percentage points",-0.27,0.11,-0.21,1.40,0.27,-0.32,-0.27,-0.17,0.04,0.11,-0.06,0.44,-0.04,0.07,-0.87,0.43,-0.62,1.28,0.06,0.13,-0.14,0.93,0.05,1.08,-1.51,0.79,0.25,-0.45,0.39,-0.69,0.54,-0.31,0.20,-0.45,0.12,-0.35,0.12,-0.87,0.16,-0.39,-0.24,-0.64,0.20,0.46,0.37,-0.37,-0.70,0.46,-0.38,0.98,0.17,-0.77,-0.30,0.59,-0.22,0.43,0.24,0.58,0.48,0.53,-2.36,1.25,0.50,-1.48,1.56,0.06,0.07,-0.41,-0.05,0.10,0.15,0.01
 "06000","California",8,SQGDP11,1,"...","All industry total (percent change) ","Percent change",3.7,5.6,3.5,8.9,-1.3,2.2,2.5,-1.0,3.7,3.7,6.3,-5.7,8.5,-0.3,-12.9,-0.8,-4.8,-1.2,2.0,4.3,1.7,1.4,9.0,-2.1,0.5,-1.7,2.1,5.8,0.6,2.3,5.7,-0.6,3.4,5.2,10.0,-3.7,4.6,7.3,0.8,8.4,5.3,0.6,0.7,6.4,0.0,5.9,2.5,3.7,6.1,6.7,6.7,0.5,5.0,4.2,1.8,1.2,5.8,3.0,4.7,-6.4,-29.7,36.4,7.3,8.4,8.2,5.2,6.8,-9.5,-0.5,3.8,2.4,1.2
 "06000","California",8,SQGDP11,2,"..."," Private industries ","Percentage points",4.03,5.17,3.87,7.93,-0.73,1.78,2.47,-1.86,3.32,3.89,5.29,-5.57,8.12,-0.63,-12.37,0.30,-4.43,-1.09,2.84,3.70,1.96,2.34,8.36,-2.72,0.80,-1.93,2.71,5.24,1.45,2.94,5.17,-0.51,3.22,4.53,9.86,-3.57,4.07,6.82,0.43,8.81,4.26,-0.24,0.88,5.52,0.16,5.40,3.01,3.40,6.24,6.82,6.47,0.27,5.09,4.54,0.93,2.03,5.21,3.13,3.54,-6.31,-27.73,34.87,7.99,7.64,8.27,4.48,7.07,-10.11,-0.49,3.74,2.33,0.89
 "06000","California",8,SQGDP11,3,"11","   Agriculture, forestry, fishing and hunting ","Percentage points",0.13,0.05,0.08,-0.12,0.03,-0.12,0.12,-0.33,-0.11,-0.21,0.14,-0.78,0.21,0.05,0.14,1.02,-0.36,0.18,-0.51,0.22,0.22,-0.10,-0.12,-0.59,-0.07,0.09,0.53,-0.50,0.23,0.30,-0.24,-0.19,0.66,0.26,0.00,1.02,-0.30,-0.12,-0.32,0.75,-0.12,0.10,0.32,0.17,-0.04,0.24,0.35,-0.46,-0.03,0.11,-0.11,-0.15,0.16,0.30,0.09,-0.11,-0.13,-0.33,-0.31,-0.13,1.26,-0.13,-0.26,-1.02,-0.59,0.29,0.96,-0.75,-0.82,0.15,0.59,-0.11
 "06000","California",8,SQGDP11,6,"21","   Mining, quarrying, and oil and gas extraction ","Percentage points",0.24,-0.18,-0.26,0.74,0.45,0.35,0.34,0.14,-0.05,0.04,-0.55,-0.62,-0.22,0.28,2.18,-0.33,0.56,-0.32,-0.26,-0.86,-0.30,0.14,0.98,-0.98,0.13,0.12,0.13,0.49,0.05,0.27,-0.23,-0.17,-0.18,-0.10,-0.40,0.03,-0.07,0.09,0.45,-0.05,-0.17,0.10,-0.03,0.12,-0.19,0.01,0.01,-0.09,0.13,0.01,0.05,-0.24,-0.06,-0.07,-0.04,0.12,0.05,-0.08,0.05,0.17,0.01,0.07,-0.12,-0.07,-0.11,-0.02,0.06,-0.21,-0.06,0.06,0.06,0.03
 "06000","California",8,SQGDP11,10,"22","   Utilities ","Percentage points",-0.24,0.21,0.02,0.20,0.47,0.03,-0.09,-0.33,0.33,-0.09,0.45,-0.52,0.47,-0.11,-0.65,-0.03,0.22,0.21,0.36,0.25,-0.49,0.03,0.59,-0.39,0.57,-0.13,0.18,-0.34,0.31,0.16,-0.17,0.38,-0.41,0.18,-0.34,-0.14,0.11,0.16,0.00,-0.17,0.09,0.35,-0.03,0.14,-0.10,0.26,-0.01,0.21,0.23,-0.17,0.31,-0.26,0.33,-0.21,0.01,-0.54,0.61,-0.15,0.40,-0.30,0.23,0.09,-0.19,-0.01,-0.11,-0.18,-0.05,0.26,0.00,-0.29,0.07,-0.06
 "06000","California",8,SQGDP11,11,"23","   Construction ","Percentage points",0.32,0.16,0.01,-0.04,-0.67,-0.17,-0.87,-0.09,-0.22,-0.70,-1.25,-1.61,-0.43,-0.57,-0.72,-1.75,0.09,0.04,-0.17,-0.46,0.31,-0.26,-0.09,-0.49,-0.16,0.05,0.02,0.25,0.25,0.27,0.43,0.27,0.34,0.24,0.00,-0.05,0.04,0.03,0.10,0.67,0.20,0.21,0.29,0.26,0.07,0.19,0.16,0.07,0.33,0.24,0.36,0.39,-0.37,0.16,0.02,0.20,0.21,0.03,-0.17,-0.30,-1.70,1.38,0.68,0.29,-0.02,-0.62,-0.44,0.22,-0.76,-0.69,-0.27,-0.16
 "06000","California",8,SQGDP11,12,"31-33","   Manufacturing ","Percentage points",1.69,1.41,0.97,3.26,-1.73,-0.36,1.07,-0.36,1.79,2.65,2.83,-0.98,4.39,0.60,-4.80,2.54,-4.19,-0.65,0.85,0.09,-0.60,-1.91,2.47,-2.23,-0.37,-0.39,-0.77,2.04,-0.51,1.04,-1.15,1.63,0.72,1.26,1.06,-0.54,0.54,2.10,-0.45,0.41,1.75,-0.98,-0.39,1.94,-0.83,1.36,0.13,1.74,1.61,1.01,1.41,-0.17,1.05,1.57,0.46,-0.60,1.14,0.81,0.66,-1.09,-3.34,6.48,-0.58,1.80,1.04,-1.32,1.49,-1.56,-0.91,-0.33,0.46,-0.74
 "06000","California",8,SQGDP11,13,"321,327-339","     Durable goods manufacturing ","Percentage points",0.30,1.20,0.79,2.67,-1.56,-0.52,0.93,0.44,1.45,1.58,0.59,-0.57,1.23,0.64,-1.58,-0.27,0.01,-0.27,0.79,0.29,0.61,-1.22,3.23,-0.15,-0.08,0.62,-0.75,0.98,-0.15,0.01,0.11,0.60,0.39,0.66,-0.05,-0.05,-0.05,2.10,-0.43,0.66,0.43,0.03,0.13,1.19,-0.72,1.22,0.10,1.61,0.53,0.89,0.59,0.67,-0.05,0.69,0.25,-0.57,0.26,0.23,0.36,-0.23,-1.71,5.23,-0.08,1.86,0.23,-1.36,1.21,-0.43,-0.17,-0.17,0.57,-0.58
 "06000","California",8,SQGDP11,25,"311-316,322-326","     Nondurable goods manufacturing ","Percentage points",1.39,0.21,0.17,0.59,-0.18,0.17,0.14,-0.80,0.34,1.07,2.24,-0.41,3.16,-0.04,-3.22,2.81,-4.19,-0.38,0.06,-0.21,-1.21,-0.69,-0.75,-2.08,-0.29,-1.01,-0.02,1.06,-0.36,1.04,-1.27,1.03,0.34,0.60,1.11,-0.49,0.58,0.00,-0.02,-0.25,1.31,-1.01,-0.51,0.75,-0.11,0.14,0.03,0.13,1.08,0.12,0.82,-0.84,1.10,0.88,0.22,-0.04,0.88,0.59,0.30,-0.86,-1.63,1.25,-0.50,-0.06,0.81,0.04,0.28,-1.13,-0.74,-0.15,-0.11,-0.16
 "06000","California",8,SQGDP11,34,"42","   Wholesale trade ","Percentage points",0.26,0.33,0.45,0.20,0.12,0.14,0.44,-0.16,0.66,0.05,0.36,-0.32,-0.10,-0.26,-1.32,-1.95,-0.74,-0.13,0.74,0.03,0.66,0.85,0.50,0.57,-0.25,-0.10,0.94,-1.10,0.36,0.15,-0.08,0.22,0.27,0.64,0.52,0.07,0.61,0.74,0.59,1.04,0.51,-0.15,-0.95,-0.18,-0.04,0.15,-0.09,0.09,0.06,0.28,0.77,-0.78,-0.18,0.46,0.18,0.08,-0.26,0.03,0.00,0.18,-1.98,2.64,0.22,0.32,0.51,-0.57,0.31,0.01,-0.36,0.32,-0.02,-0.35
 "06000","California",8,SQGDP11,35,"44-45","   Retail trade ","Percentage points",0.71,0.82,-0.53,0.43,0.00,-0.34,0.14,-0.71,-1.12,0.23,-0.11,-1.05,-0.23,-0.49,-0.95,-0.52,-0.27,-0.05,0.66,0.00,0.35,0.03,0.43,-0.05,-0.46,-0.10,0.07,0.64,-0.56,0.62,-0.03,0.87,0.03,-0.20,0.44,-0.20,0.46,0.19,-0.28,0.66,0.37,-0.18,0.17,0.25,-0.23,0.34,-0.10,0.36,0.09,0.70,-0.25,0.47,-0.22,0.46,-0.37,-0.06,0.08,0.49,0.23,-0.44,-2.28,2.77,0.06,0.75,-0.88,-0.98,0.31,-1.02,0.15,0.36,0.31,0.52
 "06000","California",8,SQGDP11,36,"48-49","   Transportation and warehousing ","Percentage points",0.09,0.54,0.24,0.34,0.25,0.16,-0.23,-0.29,0.19,-0.30,0.21,-0.21,0.01,-0.13,-0.34,-0.56,0.21,-0.04,0.25,-0.04,0.18,0.33,0.24,-0.31,0.16,-0.18,0.00,-0.12,-0.18,0.09,-0.01,0.23,0.00,0.14,0.22,-0.11,0.17,0.25,0.00,-0.23,0.38,0.29,0.12,0.04,0.39,0.18,0.38,-0.12,0.21,0.19,0.21,0.36,0.01,0.21,0.20,0.77,-0.05,0.31,-0.17,-0.63,-1.95,1.54,0.36,0.62,0.09,0.27,0.18,-0.40,0.08,0.31,0.12,0.17
 "06000","California",8,SQGDP11,45,"51","   Information ","Percentage points",0.29,-0.20,1.30,1.01,-0.18,1.11,-0.01,0.81,0.95,0.86,0.53,-0.51,2.17,-0.24,-2.47,-0.65,0.06,0.14,1.30,1.58,0.10,1.74,0.25,1.04,-0.66,-0.85,-0.22,1.40,0.10,-0.70,-0.37,4.08,0.17,0.67,6.16,-3.71,0.88,0.82,-0.27,2.59,1.45,1.14,2.24,1.09,-0.57,2.10,-0.17,1.82,1.26,1.39,1.33,-0.06,1.69,-0.35,-0.36,0.69,1.68,0.24,1.30,-0.48,-0.68,2.72,0.75,2.27,2.31,1.92,1.39,-3.43,0.47,1.79,0.17,0.11
 "06000","California",8,SQGDP11,51,"52","   Finance and insurance ","Percentage points",-0.27,0.87,0.38,0.23,0.37,0.53,-0.29,-1.23,0.32,-0.92,-1.19,-0.40,-0.38,-1.04,-2.76,6.01,2.20,-0.48,-0.20,-0.02,-1.48,-0.68,0.62,0.34,-0.26,0.64,0.59,0.65,-0.09,0.63,0.07,-1.53,0.50,-0.17,0.71,-0.88,0.61,0.23,0.21,0.25,0.29,-0.93,-0.82,0.13,-0.07,0.47,0.69,-0.52,-0.35,0.24,0.40,-0.48,0.33,0.19,-0.51,0.38,-0.14,-0.09,1.05,-0.48,0.02,0.94,1.30,0.56,1.03,0.02,-0.60,-1.00,0.21,-0.18,-0.35,-0.23
 "06000","California",8,SQGDP11,56,"53","   Real estate and rental and leasing ","Percentage points",0.48,0.28,0.38,-0.53,0.42,0.06,1.39,0.85,0.61,0.90,1.54,0.91,0.54,0.34,0.31,-0.01,-0.46,0.36,0.70,1.05,1.65,0.60,0.77,-1.10,0.91,-0.43,0.85,-0.44,0.41,0.46,0.00,0.40,0.05,0.80,-0.03,-0.59,-0.07,-0.19,-0.54,-0.03,-0.68,-0.17,-0.31,0.01,0.41,0.24,0.03,0.71,0.84,0.53,0.61,0.32,0.50,0.32,0.24,0.47,0.21,0.54,-0.20,-0.94,-2.07,1.61,-0.38,0.98,0.80,0.67,1.07,0.20,0.29,0.47,-0.29,0.38
 "06000","California",8,SQGDP11,60,"54","   Professional, scientific, and technical services ","Percentage points",-0.06,0.41,0.18,1.16,-0.16,0.14,0.59,0.29,0.10,1.09,1.39,1.01,1.08,0.34,-0.69,-1.25,-1.30,0.02,-0.90,1.25,0.35,0.70,0.84,0.63,0.90,-0.71,0.38,1.08,0.78,-0.55,5.38,-5.39,0.40,0.13,0.57,0.67,0.59,0.98,0.48,1.56,0.10,-0.19,-0.15,-0.02,0.66,0.01,0.48,-0.57,1.09,0.88,0.93,0.51,0.79,0.60,0.23,1.03,0.56,0.20,0.24,1.11,-2.29,3.12,1.44,1.72,0.45,1.75,0.88,-0.90,0.32,0.78,0.65,0.25
 "06000","California",8,SQGDP11,64,"55","   Management of companies and enterprises ","Percentage points",-0.32,0.04,-0.07,0.16,-0.26,-0.16,-0.05,-0.18,-0.06,-0.12,0.33,-0.37,0.02,0.15,-0.12,-0.40,0.11,-0.15,-0.16,0.16,0.13,0.13,0.23,0.12,0.03,-0.09,0.02,-0.03,0.20,-0.04,0.59,-0.13,0.17,0.40,0.14,0.21,-0.23,0.14,0.20,0.13,-0.12,0.04,-0.04,0.21,0.24,-0.31,0.35,-0.12,-0.01,0.15,0.50,0.25,0.14,0.24,0.09,-0.13,0.14,-0.02,0.11,-0.05,0.26,0.18,0.60,-0.09,0.13,0.05,0.38,-0.42,0.15,0.07,0.16,-0.07
 "06000","California",8,SQGDP11,65,"56","   Administrative and support and waste management and remediation services ","Percentage points",0.23,0.03,0.04,0.38,-0.03,0.03,0.14,0.37,0.17,0.26,0.20,-0.31,0.01,-0.02,-0.22,-0.86,-0.16,-0.10,0.15,0.32,0.23,0.15,0.30,0.05,0.11,-0.06,0.12,0.35,-0.05,0.14,0.02,-0.68,0.11,0.22,-0.07,0.17,0.15,0.16,0.03,0.20,-0.08,0.01,0.20,0.45,0.04,-0.01,0.16,0.44,0.15,0.25,0.05,-0.15,0.08,0.27,0.29,-0.14,0.11,0.19,0.02,0.12,-1.76,1.31,0.48,0.92,-0.02,0.51,0.66,0.67,0.15,0.05,0.08,0.03
 "06000","California",8,SQGDP11,69,"61","   Educational services ","Percentage points",-0.05,0.01,0.05,0.08,0.04,0.01,-0.02,-0.01,0.01,0.04,0.06,0.09,0.08,0.12,0.10,0.16,0.00,0.05,-0.01,0.17,0.01,0.05,0.01,0.10,0.02,-0.09,-0.05,0.15,0.02,-0.02,-0.04,-0.10,0.07,0.04,0.08,-0.03,0.06,0.09,0.05,-0.01,-0.06,0.02,0.01,0.14,-0.01,0.01,-0.02,0.01,0.02,-0.03,0.02,0.09,0.05,0.04,0.07,0.04,0.05,0.06,-0.06,-0.12,-0.48,0.20,-0.15,0.09,0.16,0.08,0.09,0.06,-0.05,0.07,0.10,0.01
 "06000","California",8,SQGDP11,70,"62","   Health care and social assistance ","Percentage points",0.40,0.26,0.25,0.37,0.07,0.15,0.00,-0.16,0.04,0.26,0.51,0.43,0.59,0.58,0.23,0.04,0.03,0.06,0.01,0.04,0.26,0.30,0.23,0.14,0.29,0.26,-0.15,0.73,-0.12,-0.09,0.56,-0.05,0.34,-0.03,0.29,-0.10,0.14,0.48,0.25,0.59,0.30,0.18,0.24,0.36,0.45,-0.03,0.21,0.26,0.15,0.34,0.11,0.58,-0.02,0.24,0.12,0.34,0.27,0.27,0.64,0.16,-3.24,4.74,0.89,0.13,-0.44,0.62,-0.15,0.14,0.25,0.34,0.36,0.60
 "06000","California",8,SQGDP11,76,"71","   Arts, entertainment, and recreation ","Percentage points",0.25,-0.11,0.13,-0.15,0.07,0.14,-0.10,-0.21,-0.04,0.09,-0.02,-0.05,0.03,0.01,0.20,-0.43,0.00,0.02,0.06,-0.05,0.18,0.11,0.09,0.22,-0.10,-0.04,0.00,0.20,0.11,0.09,0.36,-0.50,0.10,0.00,0.25,0.08,0.00,0.11,-0.11,-0.18,0.08,-0.03,-0.14,0.13,0.06,0.08,0.18,-0.18,-0.01,0.22,0.10,-0.04,0.26,-0.03,0.03,0.07,0.00,0.19,-0.02,-0.68,-2.72,1.02,0.65,0.50,0.40,0.83,0.49,0.19,0.21,0.39,0.19,0.31
 "06000","California",8,SQGDP11,79,"72","   Accommodation and food services ","Percentage points",-0.07,0.21,0.22,0.12,0.02,0.09,-0.04,-0.11,-0.19,-0.15,-0.08,-0.04,0.03,-0.12,-0.33,-0.51,-0.20,-0.10,0.04,0.04,0.15,0.12,0.09,0.24,0.10,0.02,-0.12,0.10,-0.07,0.01,0.10,0.21,-0.02,0.07,0.22,0.37,0.25,0.42,0.09,0.51,0.05,0.08,0.10,0.22,0.00,0.15,0.27,-0.22,0.36,0.15,-0.14,-0.46,0.47,0.19,0.10,-0.49,0.72,0.28,-0.23,-1.96,-3.57,3.32,1.96,-2.07,3.22,0.82,-0.07,-2.34,0.17,-0.01,-0.07,0.23
 "06000","California",8,SQGDP11,82,"81","   Other services (except government and government enterprises) ","Percentage points",-0.03,0.03,0.03,0.07,0.02,-0.02,-0.07,-0.16,-0.06,-0.07,-0.05,-0.25,-0.14,-0.11,-0.16,-0.23,-0.22,-0.16,-0.06,-0.05,0.05,0.01,-0.07,-0.04,-0.10,0.07,0.20,-0.31,0.23,0.11,-0.01,-0.06,-0.12,-0.02,0.06,0.16,0.14,0.15,-0.03,0.12,-0.07,-0.13,0.03,0.05,-0.08,-0.02,0.00,-0.02,0.11,0.32,-0.19,0.07,0.08,-0.07,0.08,-0.09,-0.05,0.16,-0.02,-0.46,-1.46,0.86,0.28,-0.03,0.31,0.33,0.13,0.18,0.03,0.07,0.00,-0.02
 "06000","California",8,SQGDP11,83,"..."," Government and government enterprises ","Percentage points",-0.32,0.47,-0.41,0.97,-0.62,0.43,0.03,0.82,0.41,-0.19,1.03,-0.14,0.40,0.32,-0.53,-1.05,-0.36,-0.09,-0.88,0.64,-0.21,-0.94,0.60,0.61,-0.33,0.21,-0.58,0.55,-0.86,-0.67,0.57,-0.06,0.16,0.70,0.09,-0.09,0.54,0.52,0.32,-0.44,1.04,0.83,-0.23,0.90,-0.15,0.46,-0.47,0.29,-0.10,-0.08,0.27,0.27,-0.05,-0.35,0.90,-0.84,0.59,-0.14,1.18,-0.12,-1.96,1.49,-0.71,0.81,-0.05,0.71,-0.26,0.61,-0.02,0.11,0.10,0.28
 "06000","California",8,SQGDP11,84,"...","  Federal civilian ","Percentage points",0.02,-0.02,-0.02,-0.07,0.00,-0.01,0.03,-0.06,0.00,0.08,0.03,0.07,0.04,-0.01,-0.05,0.05,0.08,0.00,-0.01,0.28,0.07,-0.08,-0.03,-0.04,-0.06,-0.06,0.00,0.02,0.02,0.01,-0.02,-0.01,-0.07,-0.12,0.00,0.14,0.02,0.03,0.02,0.08,0.07,0.01,0.03,0.06,0.02,0.05,0.05,0.06,0.04,0.05,0.03,0.01,0.01,0.00,-0.03,-0.07,0.11,0.02,0.04,0.07,0.09,0.42,-0.18,0.04,-0.02,-0.05,-0.04,0.01,-0.05,-0.05,0.05,0.06
 "06000","California",8,SQGDP11,85,"...","  Military ","Percentage points",0.01,-0.01,0.04,0.02,-0.02,0.05,-0.04,0.03,0.01,0.04,0.06,0.06,0.11,0.07,0.07,0.00,0.01,0.05,-0.02,0.11,-0.03,-0.02,-0.01,-0.03,0.00,-0.01,0.04,0.01,-0.03,-0.02,-0.07,-0.05,-0.02,-0.04,-0.13,0.03,-0.07,-0.09,-0.09,0.04,-0.05,-0.03,-0.02,0.03,-0.01,-0.02,-0.03,0.12,-0.08,-0.06,-0.08,-0.15,-0.04,-0.01,-0.05,-0.06,0.08,0.02,0.03,-0.01,0.08,-0.02,0.00,0.15,0.01,-0.01,0.01,-0.02,0.01,0.00,-0.09,-0.04
 "06000","California",8,SQGDP11,86,"...","  State and local ","Percentage points",-0.34,0.50,-0.43,1.02,-0.59,0.39,0.04,0.85,0.40,-0.31,0.94,-0.26,0.25,0.26,-0.55,-1.10,-0.45,-0.14,-0.85,0.25,-0.25,-0.85,0.64,0.67,-0.27,0.28,-0.62,0.52,-0.86,-0.65,0.66,-0.01,0.24,0.85,0.21,-0.26,0.59,0.58,0.40,-0.56,1.01,0.85,-0.25,0.81,-0.16,0.42,-0.48,0.12,-0.05,-0.06,0.32,0.41,-0.02,-0.35,0.97,-0.71,0.40,-0.18,1.10,-0.18,-2.13,1.10,-0.53,0.62,-0.03,0.77,-0.23,0.62,0.02,0.15,0.14,0.27
 "08000","Colorado",7,SQGDP11,1,"...","All industry total (percent change) ","Percent change",1.9,1.8,-4.0,10.6,-2.1,5.8,-1.4,4.9,6.2,3.7,8.4,-4.0,3.4,-0.6,-5.3,-1.6,-6.8,2.5,1.0,-1.3,1.8,4.5,7.4,-4.0,0.9,0.5,3.8,1.9,2.6,-0.7,3.4,7.0,0.7,4.8,4.3,2.5,5.1,6.5,8.1,4.4,2.0,2.8,2.6,-0.6,1.5,5.7,4.7,0.7,2.8,6.0,5.0,3.7,2.7,2.7,4.2,3.9,6.3,8.9,0.6,0.4,-29.4,30.6,1.2,10.0,5.7,2.8,8.8,2.9,-2.0,3.5,2.7,1.9
 "08000","Colorado",7,SQGDP11,2,"..."," Private industries ","Percentage points",1.92,3.09,-4.31,10.78,-1.45,4.93,-0.60,5.62,6.11,3.85,7.52,-4.66,2.84,-1.55,-4.50,-1.45,-6.82,2.10,1.45,-2.23,2.19,4.78,8.10,-4.58,1.15,0.94,3.17,2.05,2.54,-0.74,3.87,6.70,0.63,5.02,4.24,2.07,4.66,6.43,7.78,3.75,1.75,2.37,2.63,-1.45,1.41,5.51,4.09,0.50,2.69,5.19,4.57,3.94,2.44,2.64,4.20,3.91,5.64,8.25,0.07,-0.13,-28.43,29.87,1.36,9.36,5.44,2.25,8.34,3.15,-1.82,3.25,2.67,1.47
 "08000","Colorado",7,SQGDP11,3,"11","   Agriculture, forestry, fishing and hunting ","Percentage points",0.12,-0.19,-0.28,0.32,0.51,-0.57,-0.90,1.34,-0.71,-0.05,-0.22,0.19,-0.17,-0.49,0.11,0.59,-0.06,0.33,0.05,-0.78,0.45,0.19,0.02,-0.03,-0.65,-0.12,0.02,0.41,-0.86,-0.02,0.08,-0.32,0.70,-0.08,0.16,0.06,0.02,0.07,0.02,0.91,-0.19,-0.05,-0.40,0.57,0.04,0.09,-0.03,-0.63,0.17,-0.18,0.14,0.38,0.03,-0.51,0.02,-0.12,0.13,0.42,0.38,0.05,-0.83,0.76,-0.48,0.51,-0.75,-0.68,-0.12,-0.04,-0.20,0.12,-0.07,0.52
 "08000","Colorado",7,SQGDP11,6,"21","   Mining, quarrying, and oil and gas extraction ","Percentage points",1.17,0.10,-0.99,1.61,0.76,-0.10,0.54,-0.69,-0.45,-0.10,-0.11,0.07,0.41,0.02,7.73,-0.13,-2.24,-0.46,-1.75,-0.41,0.51,-0.20,-0.12,0.51,-1.38,0.93,1.74,-0.89,0.48,-0.54,0.19,0.31,-0.05,1.76,2.24,1.24,0.11,2.04,2.12,2.52,-1.46,0.32,-0.28,1.31,-1.40,-0.25,0.64,-0.14,1.36,0.51,-0.01,-0.73,0.68,-0.19,0.15,0.88,0.23,1.29,-0.50,1.94,-2.05,-0.50,-0.97,-0.25,-1.17,-0.27,-1.21,-0.10,-0.95,0.58,0.69,0.01
 "08000","Colorado",7,SQGDP11,10,"22","   Utilities ","Percentage points",0.15,-0.35,0.07,-0.20,0.39,2.82,-3.14,0.11,0.21,0.02,-0.09,0.66,-0.02,-0.08,-0.88,-0.38,0.22,0.37,0.20,0.94,-0.30,-0.04,0.16,0.22,-0.09,-0.18,0.47,-0.66,1.36,-1.69,0.69,-0.23,-0.04,0.00,0.03,0.07,-0.04,-0.14,0.10,-0.30,0.36,-0.02,0.19,-0.24,0.09,0.10,0.02,-0.09,-0.26,0.07,0.03,-0.03,0.08,-0.14,-0.16,0.56,0.21,-0.16,0.18,0.40,0.02,0.05,-0.22,-0.21,0.55,-0.55,0.00,0.10,-0.01,-0.24,0.09,-0.02
 "08000","Colorado",7,SQGDP11,11,"23","   Construction ","Percentage points",-0.56,0.46,-0.23,0.35,-0.65,-0.86,-1.01,0.19,1.09,-0.19,-0.64,-0.90,0.15,0.38,-1.10,-1.51,-1.42,-0.57,-1.41,-0.83,-0.60,-0.17,0.34,-0.32,0.35,0.27,-0.26,0.10,0.09,0.19,0.91,0.64,0.85,0.94,0.56,0.36,0.55,0.08,0.69,0.62,-0.09,0.13,0.18,0.76,-0.04,0.60,0.50,0.48,-0.26,0.34,0.65,0.69,-0.26,0.13,0.27,-0.07,0.39,0.45,-0.44,-0.32,-0.48,0.16,0.62,0.14,-0.02,-0.54,0.01,-0.78,-1.05,-1.07,-0.47,-0.37
 "08000","Colorado",7,SQGDP11,12,"31-33","   Manufacturing ","Percentage points",0.31,2.18,0.10,0.84,0.96,0.07,0.58,1.12,-0.06,0.84,1.24,-1.23,1.53,-0.56,-1.47,-0.49,0.70,1.29,0.60,-0.47,-0.77,0.68,1.04,-0.91,0.27,-0.08,0.23,-0.64,0.06,-0.49,0.36,0.12,0.20,0.24,0.38,-0.58,1.21,1.03,-0.28,0.53,-0.62,-0.26,0.35,0.23,-0.60,0.10,-0.52,0.13,-0.20,0.49,0.41,0.14,0.47,0.14,0.95,-0.38,0.49,0.83,0.07,-0.71,-1.14,3.06,0.11,0.20,0.78,-0.33,1.11,-1.37,-0.52,0.18,0.60,-0.26
 "08000","Colorado",7,SQGDP11,13,"321,327-339","     Durable goods manufacturing ","Percentage points",0.20,1.95,-0.13,0.91,1.03,0.31,0.09,0.68,0.53,0.55,0.12,-0.78,-0.10,0.17,-0.64,-1.33,-0.08,0.53,0.54,0.76,0.82,1.12,1.22,-0.98,0.26,-0.06,0.41,-0.18,0.25,0.17,0.38,-0.10,0.37,0.22,0.26,-0.96,0.53,0.02,0.28,0.31,-0.57,0.09,0.32,-0.27,-0.14,0.15,0.06,0.26,0.16,0.53,0.52,-0.25,0.41,0.13,0.80,-0.38,0.14,0.17,-0.22,-0.31,-0.92,1.63,0.15,0.17,0.19,-0.33,0.65,-0.42,-0.26,-0.13,0.22,-0.26
 "08000","Colorado",7,SQGDP11,25,"311-316,322-326","     Nondurable goods manufacturing ","Percentage points",0.11,0.23,0.24,-0.06,-0.07,-0.24,0.48,0.44,-0.60,0.30,1.12,-0.45,1.63,-0.72,-0.83,0.84,0.78,0.77,0.06,-1.22,-1.59,-0.43,-0.18,0.08,0.01,-0.02,-0.18,-0.46,-0.19,-0.66,-0.01,0.22,-0.16,0.02,0.12,0.38,0.68,1.00,-0.57,0.21,-0.05,-0.35,0.03,0.50,-0.46,-0.06,-0.58,-0.13,-0.36,-0.04,-0.11,0.40,0.06,0.01,0.15,0.00,0.36,0.66,0.29,-0.39,-0.22,1.42,-0.03,0.03,0.59,0.00,0.47,-0.94,-0.26,0.31,0.38,-0.01
 "08000","Colorado",7,SQGDP11,34,"42","   Wholesale trade ","Percentage points",0.29,0.18,0.47,0.12,-0.03,0.16,0.37,0.25,1.06,0.23,0.02,0.80,-0.26,-0.65,-1.02,-1.25,-1.22,0.09,0.65,-0.12,0.65,0.55,0.35,-0.49,-0.16,-0.05,0.99,-0.20,0.55,0.38,-0.23,0.37,-0.22,0.51,0.44,-0.18,0.83,0.78,-0.10,0.26,0.26,0.11,-0.12,-0.40,0.35,0.19,0.41,-0.12,0.01,0.33,0.09,0.00,0.06,0.29,-0.05,0.08,-0.49,0.66,0.62,-0.27,-1.21,2.07,0.30,0.32,0.96,-0.90,0.12,0.50,-0.38,-0.12,-0.01,-0.31
 "08000","Colorado",7,SQGDP11,35,"44-45","   Retail trade ","Percentage points",0.57,0.32,-0.80,0.42,0.25,-0.60,0.44,-0.07,-0.36,0.19,0.22,-0.21,-0.30,-0.40,-0.49,-0.25,-0.16,-0.17,0.63,-0.32,0.49,0.20,-0.23,-0.11,-0.11,-0.24,0.18,0.28,-0.25,0.53,-0.21,0.45,-0.09,0.04,0.42,0.01,0.46,-0.02,0.21,0.40,0.44,0.18,0.13,0.66,0.13,0.21,0.33,0.35,-0.19,0.62,-0.01,0.47,-0.16,0.56,-0.18,0.38,0.19,0.20,0.21,-0.26,-1.37,2.38,0.00,0.56,-0.94,-0.55,0.42,-0.71,0.06,0.27,0.56,0.45
 "08000","Colorado",7,SQGDP11,36,"48-49","   Transportation and warehousing ","Percentage points",0.26,0.50,-0.55,-1.45,-0.60,0.46,-0.32,0.88,1.14,0.00,0.46,-0.71,-0.23,-0.21,-0.44,-0.41,0.18,0.15,0.31,-0.22,0.24,0.32,-0.03,-0.40,0.04,-0.27,0.07,1.09,-0.28,-0.05,-0.22,3.73,-0.62,-0.42,0.23,0.66,0.33,0.56,-0.05,-0.03,0.25,0.40,0.29,-2.24,0.64,0.38,0.72,-0.69,0.49,-0.04,-0.16,0.73,-0.19,0.36,0.43,-0.78,0.08,0.07,-0.68,-0.13,-2.99,0.92,0.71,0.47,0.28,1.15,0.53,0.17,0.04,0.27,0.11,0.01
 "08000","Colorado",7,SQGDP11,45,"51","   Information ","Percentage points",0.62,-0.41,-1.31,3.72,-1.90,1.36,0.37,0.43,1.61,1.47,0.95,-1.07,0.06,1.20,-2.59,-0.57,0.28,0.25,0.82,-1.17,0.05,0.82,2.75,-2.40,0.71,-0.12,-0.89,-0.54,0.14,-0.32,-0.44,2.16,-0.03,0.23,-1.09,0.53,-0.94,0.15,3.34,-4.11,1.01,0.78,1.06,-3.09,1.31,2.19,-0.06,-1.05,0.09,1.28,1.06,1.47,-0.23,-0.01,0.76,0.60,1.85,0.44,-0.14,1.91,-1.89,2.38,0.15,0.77,0.48,0.80,0.97,2.74,-1.19,1.18,0.30,0.33
 "08000","Colorado",7,SQGDP11,51,"52","   Finance and insurance ","Percentage points",-0.13,0.59,-0.38,-0.35,-0.58,0.58,0.70,-0.92,1.16,-0.55,-0.89,-0.30,-1.05,-1.61,-2.63,6.16,1.30,0.35,-0.51,0.08,-1.44,0.00,0.15,0.30,-0.60,0.32,0.70,0.57,0.19,0.88,-0.56,-0.30,0.11,-0.41,-0.21,-0.59,0.56,-0.41,0.38,0.75,0.16,-0.61,0.24,0.03,0.15,0.89,0.65,-1.02,-0.58,0.50,-0.38,0.63,0.07,0.27,-0.61,-0.41,0.63,0.52,1.11,-1.23,1.45,1.14,0.65,0.15,-0.10,-0.31,0.70,-0.07,0.12,-0.35,-0.39,-0.32
 "08000","Colorado",7,SQGDP11,56,"53","   Real estate and rental and leasing ","Percentage points",-1.81,-1.25,0.15,1.96,0.58,0.70,1.28,2.32,0.07,0.81,2.97,-0.66,0.80,-0.29,-0.62,-1.01,-1.85,-0.44,0.12,1.40,1.62,0.72,1.11,0.66,1.05,-0.17,0.67,-0.60,0.16,0.14,-0.41,1.32,-0.22,0.57,-0.25,-0.76,-0.01,0.66,0.17,0.44,0.78,0.63,0.05,0.66,0.41,-0.18,0.39,1.07,0.74,-0.10,0.29,0.11,0.27,0.64,0.39,1.40,0.93,0.89,-0.10,-0.58,-1.95,1.74,0.15,1.67,0.63,1.18,1.90,0.33,0.76,0.71,-0.08,0.84
 "08000","Colorado",7,SQGDP11,60,"54","   Professional, scientific, and technical services ","Percentage points",0.23,0.30,0.04,0.87,0.29,0.39,0.52,0.51,0.38,0.69,2.25,-0.67,1.28,0.73,-0.18,-0.67,-1.40,0.22,0.11,0.67,0.53,0.49,0.72,-0.64,0.87,0.34,0.08,0.74,0.48,0.39,-1.07,1.98,-0.65,0.59,0.62,-0.03,0.70,1.11,0.27,-0.42,0.57,0.53,0.39,0.54,0.32,0.11,0.32,0.42,0.77,0.43,0.83,0.93,0.42,0.58,1.05,0.96,0.51,1.99,-0.79,0.25,-1.67,1.98,0.30,2.44,1.75,1.41,1.08,1.46,0.58,1.04,0.96,0.23
 "08000","Colorado",7,SQGDP11,64,"55","   Management of companies and enterprises ","Percentage points",0.29,0.08,-0.87,1.08,-0.47,0.44,-0.24,0.15,-0.09,0.09,0.34,-0.35,-0.03,-0.02,-0.46,0.13,-0.18,0.48,1.42,-1.14,-0.03,0.32,1.44,-0.77,0.37,-0.27,-0.75,1.14,-0.22,0.43,3.95,-4.46,0.28,0.83,-0.25,0.32,0.34,-0.32,0.36,0.19,-0.05,0.15,0.24,-0.60,-0.75,0.58,-0.04,0.79,0.90,-0.36,1.15,-1.15,0.14,0.24,-0.13,0.90,0.10,-0.14,0.78,-0.49,-0.10,0.42,0.28,0.33,0.41,-0.27,0.71,0.27,0.19,0.18,0.45,-0.07
 "08000","Colorado",7,SQGDP11,65,"56","   Administrative and support and waste management and remediation services ","Percentage points",0.06,-0.08,0.07,0.53,-0.43,0.01,0.31,0.05,0.65,0.14,0.16,-0.32,0.08,0.17,-0.38,-0.87,-0.28,-0.19,0.13,0.19,0.27,0.11,0.25,-0.29,0.09,0.11,0.01,0.53,0.12,0.06,0.01,-0.34,0.20,0.13,0.15,0.19,0.22,0.00,0.10,0.18,-0.16,0.10,-0.17,-0.04,0.10,0.13,0.17,0.62,-0.19,0.14,0.03,0.18,0.50,0.01,0.64,-0.20,-0.04,0.13,-0.06,-0.02,-1.31,0.91,0.13,0.65,0.06,0.57,0.49,0.33,0.12,0.02,-0.05,0.03
 "08000","Colorado",7,SQGDP11,69,"61","   Educational services ","Percentage points",0.01,0.09,0.07,0.00,0.05,-0.08,0.00,0.01,0.02,0.10,-0.07,0.07,0.07,0.05,0.14,0.08,-0.07,0.05,0.04,0.12,0.06,0.05,0.01,-0.11,0.06,-0.02,0.04,0.05,0.07,-0.10,0.01,0.03,-0.03,0.03,0.02,0.07,-0.01,0.05,-0.07,0.00,0.00,0.02,0.08,0.03,0.04,-0.01,0.05,-0.06,0.03,-0.03,0.04,0.09,0.07,0.01,0.07,0.04,0.04,-0.01,-0.02,0.05,-0.52,0.21,-0.06,0.04,0.10,0.15,0.06,0.11,-0.05,0.02,0.02,0.03
 "08000","Colorado",7,SQGDP11,70,"62","   Health care and social assistance ","Percentage points",0.39,0.36,-0.15,0.55,-0.05,0.14,-0.19,0.15,0.10,0.20,0.80,0.09,0.52,0.51,0.14,0.30,-0.03,0.09,0.18,-0.15,0.14,0.47,-0.04,0.07,-0.03,0.43,0.17,-0.01,0.40,-0.33,0.77,-0.51,0.25,0.09,0.62,0.11,0.09,0.36,0.48,0.60,0.52,-0.18,0.30,0.36,0.70,-0.09,0.01,0.37,-0.27,0.64,-0.05,0.51,-0.04,0.27,0.10,0.46,0.12,0.24,-0.24,0.69,-3.36,4.81,0.04,-0.17,-0.13,-0.01,0.65,0.19,0.12,0.39,0.14,0.31
 "08000","Colorado",7,SQGDP11,76,"71","   Arts, entertainment, and recreation ","Percentage points",0.07,0.01,0.17,0.06,-0.27,0.01,0.13,-0.20,0.15,0.16,0.07,0.10,-0.01,-0.21,0.09,-0.13,-0.07,0.29,0.07,-0.01,0.12,-0.07,0.11,-0.06,0.18,0.13,-0.24,0.20,0.06,-0.26,-0.05,1.29,0.13,-0.06,0.08,0.69,-0.05,0.06,-0.08,0.62,-0.17,0.07,0.13,0.06,-0.01,0.12,0.21,-0.17,-0.03,0.42,0.16,-0.55,0.34,-0.10,0.00,-0.52,0.10,0.12,-0.15,-0.67,-2.54,1.46,0.56,0.40,0.13,0.41,0.41,-0.24,0.48,0.35,-0.14,0.01
 "08000","Colorado",7,SQGDP11,79,"72","   Accommodation and food services ","Percentage points",-0.09,0.13,0.16,0.30,-0.21,0.06,-0.03,-0.04,0.15,-0.14,0.11,-0.21,0.08,-0.06,-0.33,-0.71,-0.27,0.03,-0.09,0.16,0.12,0.23,0.09,0.22,0.14,0.02,0.06,0.10,0.05,0.05,0.11,0.40,-0.13,0.03,-0.04,-0.04,0.07,0.17,0.03,0.62,0.09,0.15,-0.01,-0.14,-0.06,0.29,0.32,0.19,0.12,0.00,0.19,-0.07,0.11,0.03,0.43,0.24,0.08,0.18,-0.25,-0.51,-5.11,4.54,-0.96,1.43,2.19,0.67,0.27,0.18,0.02,-0.32,-0.01,0.06
 "08000","Colorado",7,SQGDP11,82,"81","   Other services (except government and government enterprises) ","Percentage points",-0.02,0.09,-0.05,0.05,-0.06,-0.05,-0.02,0.04,-0.03,-0.07,-0.04,-0.02,-0.08,-0.03,-0.11,-0.32,-0.26,-0.05,-0.11,-0.17,0.10,0.09,-0.02,-0.05,0.03,-0.09,-0.11,0.40,-0.06,0.01,-0.02,0.06,-0.02,0.03,0.11,-0.04,0.22,0.21,0.09,-0.03,0.06,-0.09,-0.02,0.09,-0.02,0.05,0.01,0.06,-0.01,0.12,0.13,0.14,0.09,0.08,0.08,-0.09,0.10,0.12,0.06,-0.23,-1.38,1.38,0.04,-0.08,0.22,0.29,0.21,0.09,0.02,0.06,-0.03,-0.02
 "08000","Colorado",7,SQGDP11,83,"..."," Government and government enterprises ","Percentage points",0.02,-1.30,0.33,-0.20,-0.67,0.85,-0.82,-0.67,0.09,-0.17,0.92,0.67,0.52,0.96,-0.82,-0.17,0.06,0.37,-0.43,0.97,-0.35,-0.29,-0.70,0.58,-0.29,-0.47,0.60,-0.18,0.03,0.06,-0.51,0.28,0.04,-0.27,0.02,0.46,0.42,0.04,0.30,0.66,0.29,0.44,0.01,0.87,0.05,0.18,0.64,0.19,0.13,0.85,0.41,-0.21,0.25,0.05,-0.05,0.01,0.67,0.61,0.54,0.49,-0.99,0.75,-0.16,0.59,0.25,0.53,0.42,-0.28,-0.16,0.26,0.00,0.40
 "08000","Colorado",7,SQGDP11,84,"...","  Federal civilian ","Percentage points",-0.09,-0.08,0.02,-0.06,0.06,0.00,-0.04,0.01,-0.01,0.04,-0.02,0.03,0.04,-0.02,-0.05,0.00,0.11,0.04,0.02,0.24,0.06,-0.04,-0.11,0.08,0.02,-0.02,0.07,-0.03,0.05,-0.03,-0.06,-0.08,-0.14,-0.21,0.01,0.27,0.02,0.03,0.06,0.12,0.13,0.07,0.06,0.16,0.01,0.05,0.06,0.06,0.05,0.08,0.02,0.03,0.03,0.04,-0.05,-0.16,0.22,0.10,0.07,0.14,0.25,0.20,0.06,0.05,0.00,-0.11,-0.10,-0.04,-0.04,-0.02,0.10,0.09
 "08000","Colorado",7,SQGDP11,85,"...","  Military ","Percentage points",-0.05,-0.02,-0.02,-0.10,-0.11,-0.10,-0.07,-0.04,0.04,0.11,0.06,0.11,0.05,0.06,0.07,0.03,0.20,0.32,0.06,0.25,0.01,-0.01,-0.02,0.14,0.05,-0.03,0.04,0.00,-0.14,-0.06,-0.08,-0.01,-0.07,-0.05,-0.23,0.15,0.02,-0.06,-0.10,-0.06,-0.04,-0.06,-0.04,-0.07,0.05,0.04,0.02,-0.10,-0.01,0.03,0.05,-0.15,-0.01,0.01,-0.03,0.07,0.15,0.05,0.04,0.02,0.29,0.05,0.13,0.25,0.07,0.01,-0.13,-0.15,-0.06,-0.09,-0.02,0.07
 "08000","Colorado",7,SQGDP11,86,"...","  State and local ","Percentage points",0.15,-1.20,0.32,-0.04,-0.61,0.94,-0.71,-0.64,0.07,-0.32,0.88,0.53,0.43,0.91,-0.84,-0.20,-0.25,0.01,-0.52,0.48,-0.42,-0.24,-0.58,0.36,-0.36,-0.41,0.49,-0.15,0.12,0.15,-0.38,0.37,0.26,-0.01,0.24,0.04,0.38,0.08,0.34,0.60,0.20,0.43,-0.01,0.78,-0.02,0.09,0.56,0.22,0.09,0.73,0.35,-0.08,0.23,0.00,0.03,0.11,0.30,0.46,0.43,0.33,-1.53,0.50,-0.35,0.29,0.18,0.63,0.66,-0.09,-0.06,0.37,-0.09,0.24
 "09000","Connecticut",1,SQGDP11,1,"...","All industry total (percent change) ","Percent change",2.7,-0.3,5.9,13.4,-3.6,0.1,5.1,13.6,0.0,0.9,-2.7,21.8,-6.5,-14.9,-20.2,10.4,-4.4,-0.8,2.0,-2.2,3.4,0.0,-4.2,-9.0,4.0,-2.8,2.4,2.7,0.9,-1.2,-0.2,-5.8,-2.8,1.8,-1.5,-6.5,5.3,4.5,4.6,4.1,2.1,-2.0,0.6,1.5,-1.0,-0.5,2.0,-0.7,6.6,1.8,0.5,-0.2,-2.8,6.7,-1.8,2.7,0.3,-0.1,0.0,-13.0,-32.1,33.6,5.1,1.2,10.0,2.2,4.3,5.5,-4.7,2.5,0.1,0.3
 "09000","Connecticut",1,SQGDP11,2,"..."," Private industries ","Percentage points",0.44,-0.33,6.50,13.12,-2.71,-0.10,4.97,13.55,-0.32,0.17,-2.66,21.06,-6.38,-14.87,-18.93,10.07,-3.74,-0.24,1.43,-0.43,2.53,-0.50,-4.26,-8.85,5.35,-3.60,2.77,3.82,0.04,-0.68,-0.69,-5.66,-2.85,2.27,-1.35,-6.69,5.20,4.73,4.50,4.04,1.39,-1.27,-0.35,2.62,-1.76,-0.73,2.74,-1.58,7.42,1.65,0.48,0.51,-2.39,6.14,-0.46,3.10,0.15,0.03,0.05,-12.82,-30.02,32.16,3.92,3.43,8.14,2.35,3.57,7.29,-4.50,2.56,0.07,0.03
 "09000","Connecticut",1,SQGDP11,3,"11","   Agriculture, forestry, fishing and hunting ","Percentage points",0.03,0.04,0.04,-0.02,-0.01,-0.05,0.04,-0.10,-0.02,-0.02,0.00,-0.01,0.00,0.03,0.07,0.06,-0.03,0.03,-0.07,-0.01,0.00,0.00,-0.01,-0.18,0.02,0.01,0.02,0.07,-0.03,-0.04,-0.04,-0.01,0.08,0.01,0.04,-0.07,-0.03,-0.03,-0.03,0.17,-0.01,0.00,0.01,-0.02,-0.02,0.02,0.04,-0.05,0.02,0.02,-0.01,-0.04,0.01,0.02,-0.01,0.06,0.00,-0.02,-0.03,(D),0.10,0.02,-0.09,(D),-0.06,0.01,0.12,-0.06,-0.08,0.02,0.09,0.00
 "09000","Connecticut",1,SQGDP11,6,"21","   Mining, quarrying, and oil and gas extraction ","Percentage points",0.00,-0.04,-0.02,0.05,0.00,0.00,0.04,-0.01,-0.02,-0.01,-0.01,-0.04,-0.03,-0.03,0.01,-0.01,-0.01,0.00,0.00,0.04,0.04,0.00,-0.03,0.00,-0.05,-0.03,0.02,0.05,0.00,0.00,0.01,-0.01,-0.01,0.01,0.01,0.00,0.03,0.02,0.00,0.04,0.02,0.05,0.02,0.10,-0.05,-0.04,-0.04,-0.07,-0.08,-0.02,0.02,0.00,0.01,-0.01,0.01,-0.02,-0.01,0.00,0.03,(D),-0.02,0.01,-0.06,(D),0.01,0.02,-0.04,0.03,-0.01,0.01,0.01,0.00
 "09000","Connecticut",1,SQGDP11,10,"22","   Utilities ","Percentage points",-0.40,-0.16,-0.46,0.80,0.02,0.00,-0.04,1.87,-0.95,-0.73,-0.63,2.54,-0.03,-0.53,-1.47,1.49,-0.99,0.29,0.83,-1.74,1.09,0.20,0.31,-1.51,1.09,-0.41,-0.23,2.62,-1.07,-1.04,-0.44,0.55,0.43,0.34,-0.32,-1.10,0.66,0.80,0.62,-2.47,1.14,-0.21,-0.35,-0.49,0.14,0.12,0.38,-0.63,0.19,0.02,-0.14,0.51,-0.09,-0.45,-0.14,0.06,0.36,-0.01,0.42,-0.76,0.68,0.60,-0.31,-1.13,0.28,-0.21,-0.36,-0.15,0.10,-0.31,-0.03,0.00
 "09000","Connecticut",1,SQGDP11,11,"23","   Construction ","Percentage points",-0.03,-0.30,0.08,0.16,-0.22,-0.15,-0.27,-0.06,0.41,0.04,-0.57,-0.50,-0.28,-0.36,-0.77,-0.52,0.09,0.49,-0.07,-0.62,0.14,-0.37,-0.26,-0.02,0.03,-0.13,0.36,0.23,-0.34,-0.16,0.09,-0.17,-0.16,-0.14,-0.44,-0.22,0.19,-0.01,0.01,-0.27,0.35,0.06,0.07,0.40,-0.57,-0.34,-0.02,-0.14,0.09,0.01,0.17,-0.21,-0.03,-0.07,-0.05,0.41,-0.38,-0.26,-0.24,-0.03,-0.86,1.06,0.31,0.20,-0.08,-0.28,-0.51,0.07,-0.60,-0.59,-0.13,-0.03
 "09000","Connecticut",1,SQGDP11,12,"31-33","   Manufacturing ","Percentage points",-1.52,-0.57,2.02,9.15,1.10,0.00,0.50,2.73,-0.79,-0.78,-2.77,12.80,-4.38,-12.95,-6.84,-3.71,-4.22,-1.35,-0.45,2.64,1.29,1.52,-3.31,-2.06,2.43,-1.38,1.82,-2.75,1.41,-0.52,0.67,0.40,0.20,-0.42,0.86,-5.38,1.93,1.17,2.59,-2.87,-0.01,-0.66,-1.00,-0.16,-3.08,-0.33,-0.49,-0.16,2.58,1.90,2.35,-0.69,0.75,2.43,1.17,-0.39,0.62,-0.17,-0.14,-1.76,-5.83,5.04,0.99,1.96,1.17,-0.10,0.83,0.93,-2.09,0.53,1.04,-0.77
 "09000","Connecticut",1,SQGDP11,13,"321,327-339","     Durable goods manufacturing ","Percentage points",-0.19,0.36,1.13,0.37,1.44,-0.70,0.02,-0.24,0.17,0.88,0.27,-0.10,0.28,0.56,-0.59,-1.83,-0.78,1.34,0.66,1.59,1.51,1.50,-0.89,-0.22,-0.55,-1.81,1.57,0.79,-0.09,0.27,0.01,1.03,-0.96,-0.21,0.23,-1.68,0.06,-0.09,1.16,-0.61,0.08,-0.50,0.31,-1.77,-0.31,-0.26,0.07,0.32,0.95,0.85,1.61,1.06,0.21,1.81,0.45,1.09,0.35,-0.32,-0.34,-2.30,-4.16,3.24,1.26,1.33,1.81,-0.06,0.34,0.86,-1.66,-0.12,0.71,-0.71
 "09000","Connecticut",1,SQGDP11,25,"311-316,322-326","     Nondurable goods manufacturing ","Percentage points",-1.33,-0.92,0.89,8.77,-0.34,0.70,0.48,2.97,-0.97,-1.67,-3.04,12.90,-4.66,-13.51,-6.25,-1.88,-3.44,-2.69,-1.11,1.05,-0.22,0.02,-2.42,-1.84,2.98,0.44,0.24,-3.54,1.51,-0.79,0.66,-0.63,1.16,-0.21,0.63,-3.69,1.87,1.26,1.43,-2.26,-0.08,-0.16,-1.31,1.61,-2.77,-0.07,-0.56,-0.48,1.64,1.06,0.75,-1.76,0.54,0.62,0.72,-1.48,0.27,0.15,0.20,0.53,-1.67,1.80,-0.27,0.63,-0.64,-0.04,0.48,0.07,-0.44,0.65,0.33,-0.07
 "09000","Connecticut",1,SQGDP11,34,"42","   Wholesale trade ","Percentage points",0.59,-0.04,0.96,0.59,-0.65,0.58,-0.24,-0.13,0.92,0.27,0.37,0.45,0.09,-0.11,-0.61,-1.36,-1.30,0.25,1.12,-0.15,1.08,0.53,-0.14,-0.39,-0.21,-0.17,1.27,-0.38,1.47,-0.42,-0.29,0.06,-1.23,0.09,0.36,-0.96,0.49,0.14,-0.37,1.00,-0.53,-0.19,-0.85,-0.60,0.52,-0.25,-0.74,-0.35,-0.38,-0.03,0.02,-0.14,-0.17,-0.27,-0.26,-0.24,-0.76,0.31,-0.12,0.68,-1.81,2.48,0.23,0.78,0.06,-0.58,0.21,0.98,-0.36,0.41,-0.01,0.37
 "09000","Connecticut",1,SQGDP11,35,"44-45","   Retail trade ","Percentage points",0.28,0.73,-0.46,-1.06,0.67,-1.04,0.07,-0.26,-0.44,0.31,0.10,-0.45,-0.14,-0.21,-0.54,-0.11,-0.05,-0.14,0.53,-0.26,-0.05,-0.04,0.20,0.40,-0.51,0.00,0.37,0.72,-0.67,0.38,-0.03,0.75,-0.68,-0.26,0.03,0.40,0.20,0.04,-0.38,0.33,0.17,0.10,-0.09,0.36,-0.39,0.13,-0.06,-0.10,0.50,0.34,-0.19,0.19,-0.10,0.32,-0.37,0.32,-0.09,0.33,-0.15,-0.42,-2.35,3.15,-0.17,0.83,-0.79,-1.17,0.56,-1.79,0.14,0.38,0.13,0.54
 "09000","Connecticut",1,SQGDP11,36,"48-49","   Transportation and warehousing ","Percentage points",0.12,0.36,-0.03,-0.13,0.16,-0.01,0.27,0.19,0.95,-0.58,-0.08,-0.12,-0.17,0.06,0.16,-0.45,0.01,-0.08,-0.07,-0.51,0.17,0.12,0.02,-0.11,0.17,-0.10,-0.08,0.27,-0.31,0.10,0.17,-0.14,0.08,0.04,-0.06,0.76,-0.20,-0.06,-0.25,1.63,0.00,0.13,0.14,-0.76,0.26,-0.05,-0.03,-0.19,-0.04,0.00,0.11,-0.38,0.02,0.11,-0.07,-0.15,0.03,0.17,0.12,0.21,-1.63,1.58,0.05,0.15,-0.31,0.44,0.05,-0.58,0.05,0.34,0.27,0.13
 "09000","Connecticut",1,SQGDP11,45,"51","   Information ","Percentage points",1.27,-0.93,0.17,0.40,0.60,0.53,0.03,1.20,1.03,0.30,-0.31,0.75,0.59,0.00,-0.45,-0.56,-0.03,0.09,1.48,-1.46,0.24,0.75,0.05,-0.33,-0.29,0.39,-0.56,-0.76,0.49,-0.16,0.61,1.44,1.26,0.34,-1.18,-0.14,0.13,0.54,1.00,1.49,0.39,0.99,0.21,0.14,0.60,0.38,0.85,-1.81,1.33,0.15,0.40,-0.08,0.16,1.03,0.49,0.94,0.00,0.12,-0.32,0.87,-1.98,1.34,0.28,-0.28,3.08,-0.13,-0.48,1.19,0.04,0.98,0.24,0.47
 "09000","Connecticut",1,SQGDP11,51,"52","   Finance and insurance ","Percentage points",-1.47,0.22,3.81,4.36,-4.68,1.03,4.79,5.87,-1.47,-3.50,-2.87,3.20,-6.19,-4.28,-10.37,20.98,5.02,0.19,-2.74,2.10,-4.63,-4.44,-1.81,-2.15,1.55,-0.37,-0.62,1.27,0.96,0.61,-1.31,-6.41,-0.83,-0.07,-1.28,0.01,0.60,0.89,1.52,5.54,0.77,-1.20,1.24,1.58,-0.01,2.06,1.84,4.62,0.05,-0.91,-3.71,-0.74,-3.36,1.42,-0.99,0.40,0.94,-1.47,0.22,-6.74,-0.19,0.91,1.76,0.10,-0.06,1.15,2.19,2.58,-1.77,-0.66,-1.47,-1.58
 "09000","Connecticut",1,SQGDP11,56,"53","   Real estate and rental and leasing ","Percentage points",1.93,-0.05,0.12,-2.24,-0.55,-0.25,0.26,1.34,-0.15,2.82,3.66,2.55,2.52,2.45,0.46,-1.16,-0.83,0.40,0.21,0.68,1.30,-0.07,0.51,-1.48,0.10,-1.37,-0.19,-1.20,-1.14,-0.58,-0.87,-0.62,-0.56,0.73,0.35,-0.17,-0.43,0.02,-0.59,-0.08,-0.73,-0.71,0.10,1.58,-0.47,-0.12,-0.14,-1.42,1.12,0.29,0.53,1.71,0.70,0.58,-0.15,-0.17,0.36,0.10,-0.23,-1.32,-1.63,1.20,-0.77,0.32,0.54,-0.20,0.20,0.05,-0.53,0.02,-0.71,-0.42
 "09000","Connecticut",1,SQGDP11,60,"54","   Professional, scientific, and technical services ","Percentage points",-0.15,-0.49,0.19,0.07,-0.07,0.22,0.05,0.16,0.15,0.47,0.84,0.21,0.88,0.65,-0.08,-1.69,-0.95,-0.46,-0.20,0.10,0.16,0.60,0.11,-0.36,0.38,0.02,0.08,-0.01,0.50,-0.04,-0.17,-0.63,0.22,0.19,0.45,0.39,0.47,0.80,-0.07,0.26,-0.54,0.54,0.14,0.31,0.46,-0.56,-0.01,-0.04,0.82,-0.48,0.71,-0.08,0.09,0.18,0.01,0.44,-0.48,0.60,-0.15,-1.06,-1.18,1.27,0.54,0.40,1.11,0.88,0.12,0.68,-0.39,0.51,0.64,0.12
 "09000","Connecticut",1,SQGDP11,64,"55","   Management of companies and enterprises ","Percentage points",-0.26,0.58,-0.09,0.23,0.48,-0.76,-0.68,0.68,-0.10,1.45,-1.07,-0.82,0.19,-0.04,0.65,-0.54,-0.71,0.27,-0.01,-0.30,0.63,-0.43,0.41,-0.08,0.19,0.02,-0.43,1.90,-0.98,0.94,0.77,-0.25,-1.21,1.13,0.18,0.37,-0.09,0.30,-0.63,0.66,0.10,-0.69,-0.04,0.19,0.72,-0.55,0.11,-1.36,0.86,0.04,0.45,0.15,-0.75,0.66,-0.37,0.54,-0.08,0.28,-0.08,-0.39,-0.32,-0.20,0.80,-0.75,0.57,0.04,0.18,0.38,0.20,0.09,0.13,-0.07
 "09000","Connecticut",1,SQGDP11,65,"56","   Administrative and support and waste management and remediation services ","Percentage points",-0.05,0.07,-0.13,0.41,0.04,-0.07,0.15,0.65,0.26,0.11,0.19,-0.12,0.05,-0.05,-0.22,-1.34,-0.29,-0.07,0.17,0.41,-0.04,0.16,0.19,-0.18,0.07,-0.12,0.26,0.95,-0.28,0.19,-0.20,-0.02,0.06,0.29,-0.37,0.35,0.19,-0.11,0.21,0.13,-0.22,-0.07,-0.03,-0.17,-0.17,-0.04,0.33,-0.02,0.31,0.13,-0.06,-0.14,-0.13,0.36,-0.05,-0.29,0.14,-0.24,0.08,0.20,-1.40,1.07,0.24,0.64,0.05,0.49,0.21,1.65,0.19,0.03,-0.32,0.07
 "09000","Connecticut",1,SQGDP11,69,"61","   Educational services ","Percentage points",0.15,-0.02,0.03,-0.01,0.09,0.06,0.10,-0.11,0.11,0.09,0.09,0.02,0.19,0.24,0.39,-0.03,0.27,0.06,0.16,-0.19,0.23,-0.06,0.17,-0.26,0.18,-0.22,0.24,-0.14,0.12,0.03,0.02,-0.25,0.06,0.06,0.05,-0.18,0.28,0.04,0.13,-0.31,0.01,0.02,0.09,0.08,0.05,-0.26,0.18,-0.18,0.03,0.02,-0.05,0.02,0.11,0.10,0.08,0.09,0.08,0.06,0.14,-0.27,-0.70,0.39,-0.36,0.26,0.17,0.48,-0.02,0.22,-0.14,0.15,0.28,-0.04
 "09000","Connecticut",1,SQGDP11,70,"62","   Health care and social assistance ","Percentage points",0.03,0.13,0.27,0.41,0.26,-0.04,-0.01,-0.07,0.06,0.06,0.39,0.96,0.27,0.40,0.97,-1.00,0.61,-0.34,0.36,-0.78,0.60,0.66,-0.54,0.19,-0.33,0.27,0.34,0.50,-0.12,-0.01,0.12,0.24,-0.26,-0.06,-0.14,0.02,0.57,-0.09,0.70,-1.16,0.35,0.59,-0.13,-0.01,0.26,-0.81,0.62,-0.06,0.03,0.17,0.06,0.41,0.16,-0.12,0.10,0.59,-0.33,0.28,0.70,-0.36,-3.71,5.16,0.78,-1.07,0.55,0.39,-0.34,1.02,0.26,0.37,0.22,0.76
 "09000","Connecticut",1,SQGDP11,76,"71","   Arts, entertainment, and recreation ","Percentage points",-0.11,0.08,-0.07,-0.03,0.05,-0.05,0.00,-0.21,-0.08,0.00,0.04,-0.08,0.12,-0.05,-0.01,0.10,-0.06,0.21,0.04,-0.25,0.03,0.15,-0.05,-0.07,0.22,-0.11,0.11,0.19,0.14,-0.03,0.08,-0.25,-0.10,0.00,0.05,-0.06,0.01,0.04,0.01,-0.37,-0.07,0.04,0.07,-0.11,0.12,-0.02,0.06,-0.18,-0.04,0.08,-0.01,-0.02,0.11,-0.06,0.09,-0.15,-0.08,0.00,-0.02,-0.08,-1.78,0.99,0.27,0.61,0.20,0.61,0.41,-0.02,0.19,0.30,0.02,0.30
 "09000","Connecticut",1,SQGDP11,79,"72","   Accommodation and food services ","Percentage points",0.08,0.14,-0.01,0.01,-0.03,-0.05,-0.01,-0.10,-0.13,-0.09,0.07,0.12,0.05,-0.05,-0.16,0.11,-0.16,0.02,0.14,0.17,0.14,0.11,-0.02,-0.09,0.29,0.19,0.02,0.08,-0.06,0.05,0.15,-0.20,-0.17,-0.05,0.04,-0.66,0.04,0.12,0.00,0.48,0.13,0.08,0.05,0.24,-0.08,0.02,-0.07,0.50,0.00,-0.11,-0.07,-0.19,0.08,-0.03,0.08,0.61,-0.08,-0.05,-0.13,-1.13,-4.00,4.71,-0.62,0.53,1.28,0.26,0.14,0.00,0.27,-0.04,-0.23,0.16
 "09000","Connecticut",1,SQGDP11,82,"81","   Other services (except government and government enterprises) ","Percentage points",-0.04,-0.07,0.10,-0.02,0.03,-0.03,-0.09,-0.08,-0.07,-0.05,-0.09,-0.38,-0.10,-0.03,-0.11,-0.19,-0.12,-0.10,0.00,-0.28,0.11,0.10,-0.07,-0.15,0.04,-0.11,-0.03,0.20,-0.05,0.02,-0.04,-0.11,-0.04,0.04,0.04,-0.05,0.15,0.10,0.03,-0.14,0.04,-0.12,0.01,-0.02,-0.05,-0.09,-0.10,0.05,0.01,0.03,-0.10,0.22,0.05,-0.06,-0.03,0.05,-0.10,0.02,-0.05,-0.42,-1.41,1.35,0.05,-0.09,0.36,0.28,0.09,0.13,0.03,0.04,-0.09,0.02
 "09000","Connecticut",1,SQGDP11,83,"..."," Government and government enterprises ","Percentage points",2.23,-0.02,-0.64,0.27,-0.84,0.22,0.15,0.01,0.29,0.75,-0.09,0.77,-0.15,-0.06,-1.30,0.36,-0.68,-0.58,0.62,-1.79,0.83,0.46,0.08,-0.10,-1.33,0.84,-0.40,-1.14,0.82,-0.56,0.47,-0.12,0.07,-0.51,-0.16,0.19,0.10,-0.23,0.09,0.11,0.69,-0.74,0.98,-1.12,0.75,0.27,-0.74,0.87,-0.80,0.17,-0.02,-0.71,-0.42,0.53,-1.30,-0.40,0.11,-0.18,-0.01,-0.13,-2.08,1.48,1.18,-2.20,1.84,-0.14,0.71,-1.80,-0.18,-0.09,0.06,0.28
 "09000","Connecticut",1,SQGDP11,84,"...","  Federal civilian ","Percentage points",0.00,-0.04,0.03,-0.02,0.02,-0.03,-0.03,-0.01,-0.01,0.06,0.06,0.11,0.02,-0.02,-0.03,-0.03,0.04,-0.09,-0.02,-0.02,0.09,-0.07,-0.09,-0.05,-0.06,-0.04,0.04,0.03,0.00,0.01,-0.01,0.01,-0.02,-0.04,0.01,0.06,0.09,0.04,0.06,0.07,0.02,-0.03,0.00,0.02,0.02,0.03,0.03,0.02,0.02,0.04,0.01,0.02,0.01,0.00,-0.01,-0.08,0.07,0.04,0.03,0.06,0.02,0.50,-0.26,-0.01,-0.02,-0.03,0.04,0.03,-0.02,-0.02,0.07,0.08
 "09000","Connecticut",1,SQGDP11,85,"...","  Military ","Percentage points",0.18,0.14,0.12,0.14,0.18,-0.03,0.17,0.06,0.06,0.00,0.11,0.00,0.07,0.14,-0.01,-0.02,-0.07,-0.05,-0.09,0.02,-0.06,-0.11,-0.10,-0.04,-0.07,-0.06,0.02,-0.01,0.07,0.05,-0.01,0.08,0.04,-0.10,0.00,0.07,-0.06,-0.02,-0.02,0.08,0.04,0.01,-0.12,0.35,-0.11,-0.05,-0.01,0.09,-0.04,0.06,-0.04,-0.24,-0.13,-0.01,-0.10,-0.18,0.04,-0.06,-0.02,0.01,-0.03,-0.17,0.06,0.07,0.07,-0.12,-0.02,0.02,-0.06,-0.19,-0.15,0.10
 "09000","Connecticut",1,SQGDP11,86,"...","  State and local ","Percentage points",2.06,-0.12,-0.79,0.15,-1.04,0.28,0.00,-0.04,0.24,0.69,-0.26,0.66,-0.24,-0.18,-1.25,0.41,-0.65,-0.44,0.72,-1.79,0.80,0.64,0.27,-0.02,-1.19,0.94,-0.46,-1.16,0.76,-0.62,0.49,-0.21,0.05,-0.37,-0.17,0.06,0.07,-0.25,0.05,-0.04,0.63,-0.73,1.09,-1.49,0.84,0.29,-0.77,0.75,-0.78,0.08,0.01,-0.49,-0.30,0.55,-1.19,-0.14,0.00,-0.15,-0.01,-0.21,-2.07,1.15,1.37,-2.26,1.79,0.00,0.68,-1.85,-0.09,0.12,0.14,0.11
 "10000","Delaware",2,SQGDP11,1,"...","All industry total (percent change) ","Percent change",-9.2,-0.9,57.7,-19.8,4.5,-3.8,-6.3,4.2,9.8,-9.5,-5.5,-4.6,3.0,-1.7,-7.4,25.9,5.8,0.7,-10.2,5.0,-9.3,3.0,4.5,8.2,3.6,5.1,-1.0,3.8,-6.5,-4.9,-9.1,-6.5,-1.0,2.4,17.0,3.2,13.2,8.5,3.2,4.4,7.0,-12.6,-3.3,-11.5,-1.0,-4.6,-1.9,-4.5,-11.9,2.3,-0.7,2.7,3.3,8.8,1.0,6.5,3.7,3.8,2.9,-9.2,-22.9,29.1,-1.8,2.1,5.3,1.8,7.4,-1.7,1.2,1.9,2.7,1.0
 "10000","Delaware",2,SQGDP11,2,"..."," Private industries ","Percentage points",-12.25,-0.36,59.10,-20.01,6.11,-5.44,-5.58,3.74,9.15,-10.65,-4.87,-5.36,2.96,-1.59,-6.57,23.94,6.51,0.74,-11.32,8.42,-10.53,1.39,4.48,9.89,4.15,2.35,-0.45,5.40,-8.11,-2.65,-10.28,-5.78,-1.23,3.49,17.16,3.82,13.17,9.20,2.45,5.06,5.92,-11.34,-4.93,-9.68,-3.20,-4.76,-0.82,-6.73,-10.10,0.30,0.08,1.93,3.31,8.00,1.30,6.71,4.01,3.39,3.83,-10.46,-20.96,27.48,-1.32,3.62,3.39,0.90,5.54,2.40,1.39,1.78,2.54,0.61
 "10000","Delaware",2,SQGDP11,3,"11","   Agriculture, forestry, fishing and hunting ","Percentage points",0.20,-0.07,-0.03,-0.44,0.20,-0.13,-0.23,-0.20,-0.12,-0.10,-0.29,(D),-0.19,-0.20,0.07,1.22,-0.07,0.25,-0.17,-0.88,0.42,0.16,-0.17,-0.63,-0.25,-0.14,-0.08,0.81,-0.28,-0.31,-0.12,1.04,0.48,-0.02,0.00,0.55,0.03,0.04,0.01,-0.29,0.05,-0.03,-0.23,0.48,-0.09,-0.15,-0.20,0.96,-0.05,-0.02,0.27,0.12,0.18,-0.33,-0.17,-0.27,-0.06,0.03,0.49,(D),-2.15,1.39,0.30,-0.31,-0.36,0.70,-0.10,0.92,0.71,-0.16,0.64,-0.90
 "10000","Delaware",2,SQGDP11,6,"21","   Mining, quarrying, and oil and gas extraction ","Percentage points",0.00,0.00,0.00,(D),0.00,0.00,0.00,-0.01,0.00,0.00,0.00,(D),0.00,0.00,0.00,0.00,0.00,0.00,0.00,0.00,0.00,0.00,0.00,-0.01,0.00,0.00,0.00,0.00,0.00,0.00,0.00,0.02,0.00,0.00,0.00,0.00,0.00,0.00,0.00,0.00,0.00,0.00,0.00,0.00,0.00,0.00,0.00,0.00,0.00,0.00,0.00,0.00,0.00,0.00,0.00,0.00,0.00,0.00,0.00,(D),0.00,0.00,0.00,0.00,0.00,0.00,0.00,-0.02,0.00,0.00,0.00,0.00
 "10000","Delaware",2,SQGDP11,10,"22","   Utilities ","Percentage points",-0.46,0.12,0.23,0.61,0.36,0.13,-0.19,-0.05,0.38,-0.14,0.03,-0.17,0.44,-0.12,-0.77,0.46,-0.49,0.01,0.66,0.03,0.41,0.25,-0.18,-0.32,0.02,-0.18,0.34,-0.51,0.27,0.26,-0.30,0.38,-0.55,-0.10,-0.10,0.00,0.60,-0.09,1.07,-1.50,0.62,0.16,0.62,-0.64,0.20,0.33,-0.22,-0.16,0.04,-0.13,0.10,-0.04,-0.08,-0.47,0.09,-0.05,0.10,0.13,0.33,0.08,0.17,0.05,-0.25,0.00,-0.12,-0.20,0.03,0.32,0.15,-0.27,-0.13,-0.06
 "10000","Delaware",2,SQGDP11,11,"23","   Construction ","Percentage points",-0.39,-0.50,1.43,(D),-0.89,-0.40,-1.39,-0.33,-0.35,0.12,-0.81,0.14,0.23,-0.29,-0.49,-2.32,0.02,-0.19,-0.82,-1.03,0.28,0.13,-0.06,0.66,0.47,-1.03,0.30,0.09,-0.16,0.10,-0.02,0.50,-0.56,0.18,0.13,-0.05,0.52,0.05,0.11,0.49,0.18,0.20,-0.47,1.10,-1.32,0.35,0.31,0.48,-0.47,-0.06,0.40,-0.16,-0.01,0.28,0.03,0.62,-0.16,-0.10,-0.24,0.59,-1.56,1.09,0.58,0.06,0.33,-0.53,-0.64,-0.53,-0.80,-0.72,-0.18,-0.08
 "10000","Delaware",2,SQGDP11,12,"31-33","   Manufacturing ","Percentage points",1.12,4.18,3.09,-4.05,1.69,1.89,2.59,-2.36,3.28,-2.09,3.23,-7.39,-0.49,-1.83,-1.42,-0.09,-0.49,0.79,-0.38,-1.41,-0.70,-0.21,1.42,-2.50,2.10,0.36,-2.27,-0.78,-1.52,-0.43,-0.28,0.12,0.88,1.44,0.60,-1.83,0.83,0.24,0.87,3.21,1.42,-0.83,-1.15,-3.78,-0.48,0.57,0.65,1.14,1.41,0.29,1.61,-1.43,0.45,0.24,1.04,2.02,-0.03,1.34,-0.18,-0.28,-2.95,2.51,-0.33,-0.51,0.68,-0.51,1.75,-1.17,-0.65,0.11,0.27,-0.19
 "10000","Delaware",2,SQGDP11,13,"321,327-339","     Durable goods manufacturing ","Percentage points",-0.15,0.66,0.28,0.66,-0.05,0.13,-0.38,-0.21,2.48,-1.36,2.49,-1.99,1.01,0.02,-0.32,0.82,-2.80,0.86,-0.71,0.47,1.05,0.37,0.83,-2.30,0.85,0.07,-0.19,1.04,0.01,0.31,-0.45,-0.67,-0.41,0.44,-0.22,-0.45,0.17,0.34,0.00,0.46,0.29,-0.11,0.07,-0.70,-0.12,0.35,0.33,-0.18,0.22,0.05,1.03,-0.77,0.41,-0.24,0.25,0.28,-0.51,-0.04,-0.25,0.82,-1.36,1.10,-0.18,0.19,-0.32,0.13,0.51,0.01,0.05,0.09,0.41,-0.21
 "10000","Delaware",2,SQGDP11,25,"311-316,322-326","     Nondurable goods manufacturing ","Percentage points",1.27,3.52,2.82,-4.71,1.74,1.75,2.97,-2.14,0.80,-0.72,0.74,-5.40,-1.50,-1.84,-1.11,-0.92,2.31,-0.07,0.33,-1.88,-1.75,-0.58,0.58,-0.20,1.25,0.29,-2.08,-1.81,-1.54,-0.74,0.16,0.79,1.29,1.00,0.81,-1.38,0.66,-0.10,0.87,2.75,1.13,-0.72,-1.23,-3.08,-0.36,0.22,0.32,1.32,1.19,0.24,0.58,-0.66,0.04,0.47,0.79,1.74,0.48,1.39,0.07,-1.10,-1.59,1.40,-0.15,-0.70,1.00,-0.64,1.24,-1.19,-0.69,0.02,-0.13,0.01
 "10000","Delaware",2,SQGDP11,34,"42","   Wholesale trade ","Percentage points",-0.14,0.03,0.69,0.65,2.11,-1.67,-0.84,0.39,-0.43,0.14,0.77,-1.14,0.41,-0.08,-0.66,-0.79,-1.50,0.44,0.33,0.87,-0.88,0.55,-0.50,0.16,1.86,-2.93,0.90,0.25,0.52,-0.90,-0.75,0.24,-0.21,0.21,0.19,-0.09,0.40,-0.19,-0.68,0.18,-0.07,-0.39,-0.18,0.63,-0.62,0.26,-0.10,-2.29,0.48,0.17,0.18,-0.31,-0.02,0.34,-0.25,0.23,-0.16,-0.03,0.08,0.48,-0.68,1.12,-0.37,0.48,0.08,-0.19,0.90,-0.53,-0.20,0.22,0.38,0.00
 "10000","Delaware",2,SQGDP11,35,"44-45","   Retail trade ","Percentage points",0.45,0.43,-0.46,0.14,0.27,-0.60,0.37,-0.34,-0.20,0.02,-0.13,-0.29,-0.37,-0.25,-0.56,-0.03,-0.18,0.05,0.37,-0.61,0.52,0.20,0.17,-0.35,0.04,-0.21,0.30,-0.01,-0.36,0.24,-0.10,0.45,0.02,-0.15,0.08,-0.21,0.20,0.00,-0.12,0.00,0.21,0.08,0.12,0.25,-0.01,0.34,-0.31,0.25,-0.01,0.29,-0.10,0.34,-0.09,0.15,-0.18,0.27,-0.01,0.10,-0.27,-0.15,-1.74,2.30,-0.26,0.78,-0.47,-0.48,0.55,-0.69,0.09,0.35,0.94,0.45
 "10000","Delaware",2,SQGDP11,36,"48-49","   Transportation and warehousing ","Percentage points",0.02,0.39,0.34,-0.26,0.16,-0.13,-0.12,-0.06,-0.03,-0.13,0.11,-0.19,0.12,-0.11,-0.14,-0.23,0.16,-0.13,0.09,-0.12,0.08,0.14,-0.02,0.02,0.08,-0.08,0.05,0.13,0.06,0.09,-0.01,0.18,0.02,0.19,0.11,-0.13,0.04,0.52,0.01,-0.27,0.11,0.31,-0.01,-0.41,0.22,-0.09,0.13,-0.05,0.02,-0.10,0.02,0.06,0.02,-0.06,0.15,0.26,0.36,-0.06,0.05,0.02,-0.96,1.51,-0.48,0.59,-0.66,0.38,0.36,0.31,0.08,0.32,-0.03,0.27
 "10000","Delaware",2,SQGDP11,45,"51","   Information ","Percentage points",0.56,0.14,-0.20,-0.10,-0.10,0.68,-0.67,0.39,-0.17,0.53,0.95,0.11,0.81,0.04,-0.82,1.37,-0.95,0.05,0.81,1.04,0.90,1.61,-0.02,-0.30,0.39,0.71,0.44,0.01,0.61,-0.67,-0.99,-1.22,-0.74,-0.39,-0.24,-1.14,0.12,-0.18,-0.03,-0.42,-0.23,-0.16,0.13,0.26,-0.28,0.27,-0.39,-0.39,-0.04,0.17,-0.01,0.01,0.12,-0.02,0.19,0.38,-0.20,-0.04,-0.28,-0.08,-0.01,0.30,-0.16,0.15,0.25,0.12,0.26,0.38,0.01,0.20,0.03,0.13
 "10000","Delaware",2,SQGDP11,51,"52","   Finance and insurance ","Percentage points",-9.82,-2.56,51.61,-17.77,0.35,-3.57,-3.24,7.33,6.21,-11.36,-13.52,-4.10,-5.98,-3.61,-3.95,32.51,15.33,1.24,-9.24,8.84,-10.59,-5.29,1.20,8.78,-3.72,7.48,-1.79,5.63,-7.21,-1.07,-11.12,-5.13,-2.00,0.04,16.62,6.53,11.39,6.95,1.05,4.50,1.90,-10.08,-5.21,-5.06,-2.98,-5.04,0.26,-5.23,-9.81,-2.66,-6.58,-2.99,-2.36,4.57,-0.28,2.48,6.00,1.26,4.27,-10.19,2.95,0.23,0.99,-1.64,1.71,-0.20,0.73,2.18,1.35,-0.46,-0.21,-0.58
 "10000","Delaware",2,SQGDP11,56,"53","   Real estate and rental and leasing ","Percentage points",-2.60,-1.66,0.39,0.25,0.05,-0.10,-0.73,-0.46,1.25,2.35,3.72,5.87,6.67,3.63,1.95,-3.49,-3.70,-2.04,-1.60,-1.23,-0.11,0.02,1.77,1.49,2.65,0.42,0.35,-2.23,-0.58,0.35,-0.36,2.37,0.94,1.14,-0.34,-1.80,-0.49,-0.06,0.05,0.74,0.38,0.63,0.39,0.39,-0.48,-1.71,-2.70,-3.50,-0.79,1.25,3.92,6.23,4.38,2.59,0.26,-1.62,-0.74,0.01,0.22,1.06,-1.55,2.53,-0.55,0.78,-0.27,0.71,1.52,0.47,1.11,1.09,0.01,1.23
 "10000","Delaware",2,SQGDP11,60,"54","   Professional, scientific, and technical services ","Percentage points",-1.28,-0.63,0.12,-0.67,0.21,-0.51,0.04,-0.13,-0.15,-0.04,0.31,1.80,0.16,0.27,-0.89,-0.50,-0.70,0.01,-0.87,0.81,0.37,0.84,0.47,2.02,0.09,-0.72,1.09,1.69,0.08,0.57,3.42,-4.01,0.83,1.28,-1.07,2.23,-1.84,0.60,0.38,-0.56,1.74,-0.57,0.16,-5.93,0.81,-0.46,1.23,0.67,0.04,0.14,-0.64,0.76,0.41,-0.60,0.49,0.20,0.39,-0.57,-0.45,0.19,-2.33,3.36,-0.64,0.31,0.79,0.56,0.41,-1.14,0.17,0.48,0.58,0.19
 "10000","Delaware",2,SQGDP11,64,"55","   Management of companies and enterprises ","Percentage points",-0.60,-0.75,0.58,0.09,2.28,-1.26,-1.11,0.01,-0.89,0.02,0.00,0.06,0.30,0.60,1.42,-2.78,-0.53,0.54,-0.64,1.60,-0.88,1.18,-0.34,0.88,-0.52,-2.05,0.58,0.09,0.31,-0.58,0.22,-0.80,-0.25,-0.49,0.26,-0.52,0.54,0.51,-0.76,-0.87,-0.45,-0.71,0.55,3.53,1.02,0.54,0.48,0.82,-0.95,0.33,0.77,-1.96,0.38,1.24,-0.77,1.95,-1.97,0.97,0.13,-0.61,-0.02,0.19,0.59,0.71,-0.32,-0.31,0.05,1.61,-1.31,0.08,0.07,-0.18
 "10000","Delaware",2,SQGDP11,65,"56","   Administrative and support and waste management and remediation services ","Percentage points",0.39,0.15,0.29,0.25,-0.07,0.20,0.05,0.19,0.17,-0.06,0.34,-0.70,0.13,-0.24,-0.29,-0.63,0.10,0.02,0.00,0.29,0.10,0.01,0.29,-0.07,0.41,0.05,-0.07,0.09,-0.12,0.04,0.02,0.27,0.04,0.29,0.00,0.01,0.33,0.11,0.16,-0.24,-0.13,0.08,0.08,-0.74,0.35,0.11,0.41,0.01,0.12,0.19,0.21,0.66,0.06,-0.09,0.52,-0.26,0.14,0.12,-0.12,0.57,-1.32,0.89,0.11,0.26,0.53,0.60,0.36,0.58,0.11,0.01,0.15,0.10
 "10000","Delaware",2,SQGDP11,69,"61","   Educational services ","Percentage points",0.03,-0.05,0.20,0.13,-0.07,-0.02,-0.05,-0.05,0.08,0.04,-0.06,-0.03,0.06,0.07,0.07,0.01,0.02,0.00,0.02,-0.10,0.04,0.06,-0.02,-0.08,0.02,-0.01,-0.03,0.12,-0.03,0.03,-0.07,-0.09,0.10,-0.05,-0.03,0.31,-0.19,-0.01,-0.03,-0.12,-0.03,0.04,0.01,0.00,0.01,-0.07,0.01,-0.07,0.04,-0.08,0.01,-0.01,0.05,0.00,0.00,0.02,-0.01,-0.03,-0.05,-0.10,-0.30,0.16,-0.13,0.12,0.00,0.05,-0.06,0.01,-0.02,0.03,-0.01,-0.03
 "10000","Delaware",2,SQGDP11,70,"62","   Health care and social assistance ","Percentage points",0.42,0.00,0.91,0.35,-0.22,0.16,-0.02,0.07,0.29,0.32,0.24,0.46,0.76,0.64,0.37,-0.05,-0.13,-0.08,-0.11,0.08,-0.54,1.22,0.02,0.11,0.39,0.87,-0.08,-0.25,0.32,-0.03,0.23,0.13,0.07,-0.07,0.64,0.12,0.32,0.55,0.50,0.29,0.05,-0.04,0.28,0.08,0.57,-0.12,-0.43,0.71,-0.08,0.26,-0.28,1.04,-0.53,0.17,0.02,0.25,0.53,0.16,0.20,-1.03,-3.35,4.98,-0.28,0.58,-0.19,-0.12,-0.58,0.17,0.26,0.37,0.23,0.13
 "10000","Delaware",2,SQGDP11,76,"71","   Arts, entertainment, and recreation ","Percentage points",-0.03,0.07,-0.12,0.40,-0.12,-0.04,-0.06,-0.01,0.02,0.02,-0.05,0.08,-0.05,-0.01,-0.02,0.18,-0.05,-0.03,0.08,0.07,0.31,0.32,0.16,-0.06,0.07,-0.15,-0.02,-0.29,0.10,-0.19,0.10,-0.31,-0.06,0.00,0.06,-0.27,0.05,0.03,-0.09,-0.03,-0.06,0.06,-0.04,-0.02,-0.01,0.00,0.10,-0.08,0.03,0.05,0.13,-0.59,0.11,-0.07,0.03,-0.01,-0.06,0.06,-0.03,-0.09,-0.95,0.65,0.06,0.32,-0.10,0.09,0.10,-0.24,0.12,0.07,-0.02,-0.05
 "10000","Delaware",2,SQGDP11,79,"72","   Accommodation and food services ","Percentage points",-0.06,0.30,-0.07,0.01,-0.07,-0.02,0.06,-0.51,-0.13,-0.23,0.29,-0.21,0.05,0.01,-0.23,-0.66,-0.19,-0.04,0.21,0.29,-0.24,0.03,0.27,0.21,0.06,0.03,-0.32,0.27,-0.03,-0.15,0.00,0.13,-0.12,0.00,0.02,0.26,0.17,0.09,-0.04,-0.07,0.14,0.08,0.03,-0.06,0.01,0.17,0.06,-0.09,-0.07,0.13,-0.01,0.30,0.16,0.10,0.12,0.12,-0.01,0.00,-0.22,-0.92,-3.06,3.19,-0.52,0.91,1.27,0.04,-0.18,-0.18,0.22,0.02,-0.20,0.25
 "10000","Delaware",2,SQGDP11,82,"81","   Other services (except government and government enterprises) ","Percentage points",-0.05,0.07,0.09,0.16,-0.03,-0.05,-0.06,-0.14,-0.04,-0.05,-0.01,-0.11,-0.09,-0.12,-0.21,-0.23,-0.15,-0.16,-0.04,-0.13,-0.01,0.16,0.03,-0.12,-0.02,-0.08,-0.14,0.29,-0.12,0.00,-0.15,-0.05,-0.10,-0.02,0.24,-0.17,0.13,0.03,0.00,0.01,0.07,-0.16,0.00,0.23,-0.12,-0.03,-0.13,0.08,-0.03,0.07,0.07,-0.08,0.07,-0.03,0.01,0.11,-0.08,0.03,-0.08,-0.20,-1.17,1.04,0.04,0.04,0.25,0.17,0.08,-0.03,0.00,0.03,0.01,-0.07
 "10000","Delaware",2,SQGDP11,83,"..."," Government and government enterprises ","Percentage points",3.07,-0.55,-1.35,0.21,-1.62,1.69,-0.72,0.47,0.61,1.16,-0.64,0.72,0.06,-0.10,-0.88,1.99,-0.67,-0.09,1.16,-3.47,1.26,1.66,0.00,-1.65,-0.54,2.74,-0.50,-1.65,1.56,-2.30,1.16,-0.76,0.22,-1.12,-0.11,-0.62,0.05,-0.68,0.70,-0.66,1.06,-1.27,1.67,-1.80,2.18,0.16,-1.08,2.23,-1.78,2.00,-0.74,0.73,0.01,0.78,-0.30,-0.24,-0.31,0.43,-0.98,1.31,-1.94,1.59,-0.49,-1.49,1.89,0.88,1.88,-4.09,-0.17,0.07,0.14,0.43
 "10000","Delaware",2,SQGDP11,84,"...","  Federal civilian ","Percentage points",0.03,0.00,0.04,0.07,-0.04,-0.08,0.02,0.00,0.16,0.14,0.13,0.09,0.16,0.09,0.00,-0.01,-0.12,-0.19,0.21,0.01,0.05,-0.02,-0.09,-0.02,-0.04,0.05,0.01,0.03,0.04,-0.09,-0.01,-0.06,-0.07,-0.02,-0.01,0.10,0.04,0.05,0.03,0.12,0.07,-0.03,-0.02,0.06,-0.06,0.04,0.10,0.08,0.00,0.04,0.01,-0.02,-0.02,-0.04,0.00,-0.06,0.10,0.07,0.01,0.09,0.06,0.44,-0.15,-0.04,-0.01,-0.02,-0.03,0.07,0.06,0.03,0.06,0.03
 "10000","Delaware",2,SQGDP11,85,"...","  Military ","Percentage points",-0.04,-0.07,-0.04,-0.15,-0.06,-0.01,0.04,-0.02,0.03,0.11,-0.02,0.09,0.09,0.05,0.07,0.14,0.09,0.16,0.12,0.09,0.05,0.00,-0.04,-0.03,-0.03,-0.04,0.07,-0.05,-0.04,-0.03,-0.05,-0.02,-0.04,-0.01,-0.11,0.01,-0.06,-0.13,-0.14,-0.04,-0.04,-0.01,0.03,0.10,0.02,0.00,-0.01,-0.10,-0.01,0.01,0.00,-0.06,-0.01,0.00,-0.03,-0.03,0.07,-0.02,0.03,-0.02,0.10,0.05,0.02,0.11,0.02,-0.03,-0.01,0.15,-0.18,-0.06,0.02,0.00
 "10000","Delaware",2,SQGDP11,86,"...","  State and local ","Percentage points",3.07,-0.48,-1.36,0.29,-1.51,1.78,-0.78,0.49,0.42,0.91,-0.75,0.54,-0.19,-0.23,-0.94,1.87,-0.65,-0.06,0.83,-3.57,1.16,1.68,0.13,-1.61,-0.46,2.73,-0.59,-1.63,1.57,-2.18,1.22,-0.68,0.32,-1.08,0.01,-0.73,0.08,-0.61,0.81,-0.73,1.03,-1.23,1.67,-1.97,2.23,0.12,-1.17,2.24,-1.77,1.94,-0.76,0.81,0.05,0.81,-0.28,-0.14,-0.48,0.38,-1.01,1.24,-2.10,1.10,-0.36,-1.55,1.88,0.94,1.91,-4.30,-0.05,0.10,0.07,0.40
 "11000","District of Columbia",2,SQGDP11,1,"...","All industry total (percent change) ","Percent change",1.5,-0.7,0.1,0.2,-0.4,5.7,-5.7,6.6,1.3,12.6,-0.1,8.3,0.7,2.2,-1.3,-5.7,3.1,-1.0,2.2,6.8,7.2,1.3,3.4,-0.3,2.3,0.5,-1.8,0.9,2.9,-0.4,-1.6,2.2,-2.3,0.9,1.8,4.7,0.1,2.7,2.3,2.6,3.4,-1.3,1.3,8.3,1.0,-1.6,2.4,-2.2,2.1,7.0,-1.1,2.3,3.2,4.7,-1.8,-3.2,3.4,2.8,2.2,-0.8,-21.6,14.4,6.4,0.6,7.5,5.5,2.0,1.0,-0.9,1.0,1.6,1.4
 "11000","District of Columbia",2,SQGDP11,2,"..."," Private industries ","Percentage points",1.14,-0.02,0.10,1.65,1.70,5.80,-4.79,7.35,0.96,10.54,0.28,5.57,0.41,0.51,-2.29,-7.77,2.22,-3.70,0.98,4.19,4.54,2.20,3.61,-1.95,2.50,0.23,0.58,0.31,2.93,0.08,-1.26,1.90,-1.72,2.87,0.11,4.11,0.07,3.10,2.11,3.48,2.42,-1.34,0.97,5.04,0.87,-1.46,2.14,-3.00,2.69,5.37,-0.59,0.47,2.25,4.47,-0.18,-0.68,1.39,2.21,1.80,-1.53,-23.00,15.09,4.70,0.20,8.20,5.83,3.68,2.08,-0.04,2.76,1.99,0.74
 "11000","District of Columbia",2,SQGDP11,3,"11","   Agriculture, forestry, fishing and hunting ","Percentage points",0.00,0.00,0.00,0.00,0.00,0.00,0.00,0.00,0.00,0.00,0.00,0.00,0.00,0.00,0.00,0.00,0.00,0.00,0.00,0.00,0.00,0.00,0.00,0.00,0.00,0.00,0.00,0.00,0.00,0.00,0.00,0.00,0.00,0.00,0.00,0.00,0.00,0.00,0.00,0.00,0.00,0.00,0.00,0.00,0.00,0.00,0.00,0.00,0.00,0.00,0.00,0.00,0.00,0.00,0.00,0.00,0.00,0.00,0.00,0.00,0.00,0.00,0.00,(D),0.01,0.00,0.00,0.00,0.00,0.00,0.00,0.00
 "11000","District of Columbia",2,SQGDP11,6,"21","   Mining, quarrying, and oil and gas extraction ","Percentage points",0.00,0.00,0.00,(D),0.00,0.00,0.00,0.00,0.00,0.00,0.00,0.00,0.00,0.00,0.00,0.00,0.00,0.00,0.00,0.00,0.00,0.00,0.00,0.00,0.00,0.00,0.00,0.00,0.00,0.00,0.00,0.00,0.00,0.00,0.00,0.00,0.00,0.00,0.00,0.00,0.00,0.00,0.00,0.00,0.00,0.00,0.00,0.00,0.00,0.00,0.00,0.00,0.00,0.00,0.00,0.00,0.00,0.00,0.00,0.00,0.00,0.00,0.00,0.00,0.00,0.00,0.00,0.00,0.00,0.00,0.00,0.00
 "11000","District of Columbia",2,SQGDP11,10,"22","   Utilities ","Percentage points",-0.03,0.10,0.11,-0.60,0.51,0.64,-0.42,0.04,0.26,0.01,0.25,0.39,-0.24,0.12,-0.95,0.30,0.13,0.29,1.09,-1.42,1.18,-0.03,0.31,-1.08,0.21,-0.18,0.26,-0.72,0.56,-0.28,-0.37,0.26,-0.17,-0.32,0.38,-0.61,0.26,0.12,-0.28,0.08,0.05,0.16,-0.06,0.14,-0.11,-0.02,0.16,-0.13,0.01,0.11,0.12,0.29,-0.06,0.31,-0.64,0.28,-0.11,0.04,-0.08,(D),-0.07,-0.18,-0.07,(D),-0.02,-0.40,0.15,0.34,-0.10,-0.30,0.12,-0.06
 "11000","District of Columbia",2,SQGDP11,11,"23","   Construction ","Percentage points",0.08,-0.46,-0.33,(D),0.42,-0.47,-0.14,-0.03,-0.03,0.10,-0.06,0.21,-0.27,0.30,-0.01,-0.35,-0.06,-0.21,-0.20,0.03,0.23,0.05,0.02,0.01,0.28,0.15,0.21,0.27,0.17,0.21,0.14,-0.21,0.05,0.08,-0.08,-0.01,-0.18,-0.03,0.14,-0.49,0.42,-0.20,-0.05,-0.16,0.03,-0.18,0.13,(D),0.15,0.05,0.04,(D),-0.01,0.06,0.14,-0.05,0.00,0.10,-0.24,-0.10,-0.39,0.37,-0.07,-0.05,0.21,-0.16,-0.13,-0.25,-0.28,-0.23,-0.04,-0.02
 "11000","District of Columbia",2,SQGDP11,12,"31-33","   Manufacturing ","Percentage points",-0.03,-0.09,-0.02,-0.06,0.02,-0.04,0.09,-0.04,-0.05,0.05,-0.01,-0.01,0.00,-0.03,-0.06,0.04,0.03,0.00,-0.04,-0.01,-0.07,-0.02,0.10,-0.02,0.17,-0.21,-0.07,-0.07,-0.08,0.02,0.00,0.06,0.01,-0.04,0.00,-0.01,-0.05,-0.04,-0.02,0.06,0.06,0.05,-0.01,0.03,-0.02,0.02,0.05,(D),0.01,0.02,0.02,(D),-0.02,0.00,-0.06,0.01,-0.02,0.00,0.04,(D),-0.03,0.09,-0.01,0.06,0.01,0.02,-0.02,-0.02,-0.03,0.00,0.01,-0.01
 "11000","District of Columbia",2,SQGDP11,13,"321,327-339","     Durable goods manufacturing ","Percentage points",0.00,-0.01,0.00,-0.02,-0.02,-0.02,0.01,-0.04,0.00,-0.01,-0.03,0.04,-0.02,-0.01,-0.01,0.03,0.00,0.00,-0.02,0.00,-0.02,-0.01,0.00,0.00,0.01,0.00,0.01,-0.01,0.00,0.01,0.01,0.03,0.01,0.01,0.00,-0.01,0.00,0.01,0.01,0.02,0.02,0.02,0.02,0.02,0.01,0.01,0.00,(D),0.01,0.02,0.02,(D),0.00,0.00,-0.02,-0.02,-0.01,0.01,0.01,(D),-0.02,0.07,0.01,0.02,0.00,-0.01,0.01,-0.01,-0.01,-0.01,0.00,-0.01
 "11000","District of Columbia",2,SQGDP11,25,"311-316,322-326","     Nondurable goods manufacturing ","Percentage points",-0.03,-0.08,-0.02,-0.04,0.04,-0.02,0.08,0.00,-0.04,0.06,0.03,-0.05,0.02,-0.01,-0.04,0.01,0.03,0.01,-0.02,-0.02,-0.05,-0.01,0.10,-0.01,0.16,-0.20,-0.08,-0.06,-0.08,0.02,-0.02,0.03,-0.01,-0.05,0.00,0.00,-0.06,-0.05,-0.03,0.04,0.05,0.02,-0.03,0.01,-0.03,0.01,0.04,(D),0.00,0.00,0.01,(D),-0.02,0.00,-0.04,0.04,-0.01,-0.01,0.04,-0.05,-0.01,0.03,-0.01,0.04,0.00,0.03,-0.03,0.00,-0.02,0.00,0.00,0.00
 "11000","District of Columbia",2,SQGDP11,34,"42","   Wholesale trade ","Percentage points",0.12,0.01,0.15,-0.17,0.04,-0.11,-0.02,0.16,0.05,0.10,-0.01,-0.06,0.00,0.21,-0.04,-0.44,-0.10,0.04,0.48,-0.26,0.32,-0.05,0.17,-0.10,-0.22,0.01,0.19,0.00,0.29,0.09,0.02,0.02,-0.23,0.13,-0.15,0.17,0.05,0.22,0.05,0.12,0.08,-0.31,-0.15,0.00,0.14,0.12,-0.07,-0.10,0.16,-0.14,0.16,-0.06,-0.27,0.18,-0.05,0.37,-0.21,0.26,0.27,-0.07,-0.08,0.29,-0.16,0.28,-0.04,-0.31,-0.07,0.46,-0.05,0.00,0.07,0.01
 "11000","District of Columbia",2,SQGDP11,35,"44-45","   Retail trade ","Percentage points",0.16,0.06,-0.24,0.30,-0.13,0.01,-0.02,0.09,-0.16,0.02,0.00,-0.12,0.09,-0.02,-0.10,-0.14,0.08,-0.06,0.10,0.27,0.09,0.09,-0.03,-0.18,0.08,-0.01,0.37,-0.50,0.12,0.16,0.27,-0.12,-0.17,-0.03,0.21,0.11,0.00,0.12,-0.14,0.26,0.03,-0.05,0.12,0.22,0.14,-0.03,-0.02,0.07,0.00,0.26,-0.34,0.37,-0.13,0.15,-0.18,-0.01,0.20,-0.05,-0.08,-0.23,-0.40,0.14,-0.20,0.11,-0.16,-0.15,-0.03,-0.12,-0.03,0.11,0.04,0.08
 "11000","District of Columbia",2,SQGDP11,36,"48-49","   Transportation and warehousing ","Percentage points",0.00,0.10,-0.08,-0.06,0.07,-0.06,-0.10,0.05,0.00,-0.03,0.04,0.11,-0.05,-0.01,0.07,-0.14,0.00,0.01,0.05,-0.05,0.00,0.04,0.08,-0.02,-0.02,0.06,0.09,0.13,0.13,-0.06,-0.20,-0.05,-0.06,0.03,0.06,0.00,0.05,0.06,-0.05,0.34,-0.08,-0.01,0.00,-0.06,0.12,0.10,-0.02,-0.14,-0.01,-0.02,0.02,-0.14,0.10,0.03,-0.06,-0.10,0.05,-0.06,-0.04,-0.25,-0.45,0.08,-0.07,0.08,-0.12,0.01,0.01,0.09,0.01,0.12,-0.11,0.11
 "11000","District of Columbia",2,SQGDP11,45,"51","   Information ","Percentage points",0.67,-0.82,-0.48,-1.77,0.76,1.53,-0.13,-0.24,1.47,1.04,-0.51,0.05,-0.28,-0.18,0.65,-1.73,1.17,-0.99,0.12,0.76,-0.23,0.52,0.08,-0.06,0.23,-0.18,-0.43,-1.67,0.39,-0.19,0.06,2.77,-1.63,0.47,0.46,0.21,-0.50,-0.47,-1.19,1.93,0.47,0.42,0.88,0.50,0.22,-0.29,-0.01,0.93,0.51,1.19,0.33,0.07,0.78,0.87,0.79,-0.55,1.42,0.36,0.40,0.28,0.91,1.90,2.20,-0.57,2.64,-0.96,-0.75,1.76,-0.27,1.08,0.55,0.58
 "11000","District of Columbia",2,SQGDP11,51,"52","   Finance and insurance ","Percentage points",1.17,0.42,-0.18,0.40,-0.04,0.96,0.38,0.49,-0.73,2.64,-0.49,-1.31,-0.88,-1.08,-1.51,1.33,1.88,-1.07,-0.37,0.96,0.06,-1.03,0.12,0.71,-0.60,0.54,0.16,0.38,0.56,-0.55,0.33,-0.52,-0.34,0.28,0.74,-1.07,1.35,0.13,0.23,0.73,0.14,-0.85,0.24,-0.16,0.82,0.47,0.60,-0.87,0.05,0.71,0.07,0.05,0.03,0.98,-0.84,1.46,0.17,0.29,0.41,-0.44,0.46,0.31,0.56,0.62,-0.30,0.64,1.25,-0.39,-0.05,-0.49,-0.32,-0.21
 "11000","District of Columbia",2,SQGDP11,56,"53","   Real estate and rental and leasing ","Percentage points",0.08,-0.29,1.32,-0.49,-0.13,4.25,-4.44,2.85,-0.54,1.62,1.20,-0.09,1.23,-0.59,-1.25,-1.18,0.98,-1.21,0.58,3.10,0.35,1.15,1.17,-1.11,0.11,0.04,-0.52,1.05,0.85,0.23,-0.39,0.12,0.31,1.44,-0.63,4.56,-3.70,0.00,2.22,0.27,-0.67,-0.77,0.13,1.01,0.02,-1.01,-0.76,-0.53,1.03,2.18,-2.91,0.01,0.37,0.19,-0.31,1.35,-0.06,-0.74,0.13,0.77,-2.80,1.77,-0.84,0.78,-0.34,0.44,1.56,0.04,0.20,0.26,-0.18,0.32
 "11000","District of Columbia",2,SQGDP11,60,"54","   Professional, scientific, and technical services ","Percentage points",-1.69,-0.27,0.83,3.86,-2.12,0.98,-0.21,1.81,0.45,3.33,0.89,4.26,0.51,1.18,0.59,-4.31,-1.43,-0.93,-1.38,0.75,0.76,0.49,1.04,-0.40,1.74,0.02,0.32,0.16,0.82,0.26,-2.04,-0.53,-0.48,0.50,-0.28,0.19,0.96,2.01,0.77,-0.40,0.88,0.77,-0.42,4.57,-1.04,-0.96,1.57,-2.54,1.68,-0.07,0.70,-0.88,0.48,1.61,0.53,-2.97,-0.30,1.65,0.73,0.32,-5.32,3.73,2.82,-1.46,3.00,1.73,1.40,0.56,0.10,1.29,0.78,-0.18
 "11000","District of Columbia",2,SQGDP11,64,"55","   Management of companies and enterprises ","Percentage points",-0.08,-0.14,0.18,-0.02,1.27,-1.63,-0.12,0.72,0.09,1.12,-1.73,0.98,-0.78,0.15,0.32,-0.68,0.59,0.21,0.27,0.40,-0.27,-0.22,-0.13,0.19,-0.31,0.11,0.23,0.52,-0.67,-0.04,0.41,-0.28,0.40,-0.42,-0.16,0.31,0.19,-0.20,0.56,-0.10,0.42,-0.08,-0.16,-0.20,-0.05,0.09,-0.33,0.59,-0.36,0.24,0.04,0.01,0.05,0.17,0.11,-0.07,0.07,-0.04,0.28,0.57,-0.59,0.28,-0.04,0.39,-0.47,0.23,-0.28,0.95,-0.45,0.01,0.06,-0.02
 "11000","District of Columbia",2,SQGDP11,65,"56","   Administrative and support and waste management and remediation services ","Percentage points",0.19,-0.03,-0.07,0.07,0.28,0.06,0.20,0.17,0.04,0.23,0.10,0.24,0.28,-0.19,-0.28,-0.30,-0.18,0.10,0.08,0.02,0.55,0.06,0.10,0.50,0.48,0.02,0.15,-0.13,-0.24,0.13,0.12,-0.23,0.05,0.21,0.40,-0.39,0.16,0.28,-0.13,0.27,-0.03,-0.21,0.01,-0.42,0.16,-0.11,0.22,0.18,-0.02,-0.18,0.07,-0.19,-0.08,0.53,-0.25,0.07,0.09,-0.02,0.12,0.40,-1.35,0.39,0.02,0.46,0.00,0.46,0.40,0.48,0.11,0.08,0.23,0.02
 "11000","District of Columbia",2,SQGDP11,69,"61","   Educational services ","Percentage points",0.05,-0.03,-0.52,0.36,0.07,0.21,-0.25,-0.12,-0.07,0.14,0.30,0.35,0.14,0.26,-0.01,0.77,0.03,0.24,-0.07,-0.38,0.47,-0.11,0.40,-0.10,-0.19,-0.11,-0.04,-0.41,0.43,0.13,-0.45,0.76,0.09,-0.05,0.34,-0.07,0.01,-0.01,0.04,-0.18,0.05,0.13,0.29,-0.03,0.22,-0.26,-0.01,-0.48,-0.18,0.15,0.01,0.19,-0.10,0.14,0.14,-0.05,-0.05,-0.07,-0.14,-0.17,-0.97,0.22,-0.39,-0.42,0.33,0.36,0.33,-0.14,-0.05,0.02,0.05,-0.07
 "11000","District of Columbia",2,SQGDP11,70,"62","   Health care and social assistance ","Percentage points",0.08,0.55,-0.25,0.10,-0.05,0.06,0.46,0.12,0.18,-0.10,0.44,0.17,0.16,0.15,0.10,0.23,0.00,0.00,-0.10,0.34,0.52,0.06,0.34,-0.34,0.59,0.26,-0.37,0.01,-0.46,-0.02,0.51,-0.20,0.17,0.45,-1.13,1.17,0.25,0.29,-0.21,0.49,-0.24,0.34,0.10,-0.01,-0.05,0.32,0.06,-0.30,0.33,-0.10,0.15,0.09,0.07,-0.03,0.38,-0.04,0.01,-0.14,0.07,0.11,-1.89,2.02,0.44,-0.42,0.22,0.29,0.20,-0.17,0.32,0.18,0.16,0.19
 "11000","District of Columbia",2,SQGDP11,76,"71","   Arts, entertainment, and recreation ","Percentage points",0.60,0.18,-0.52,-0.09,0.39,-0.43,0.09,-0.48,-0.10,0.15,-0.05,0.27,0.15,-0.04,0.26,-0.20,-0.12,0.08,0.22,0.08,-0.17,0.05,0.28,-0.10,-0.35,-0.56,-0.05,0.68,0.20,-0.03,-0.01,-0.31,0.27,-0.07,-0.24,0.12,0.42,-0.07,-0.17,0.06,-0.02,0.09,0.11,-0.18,-0.10,0.13,0.36,0.06,-0.02,0.21,0.33,-0.21,0.51,-0.64,0.07,-0.01,-0.15,0.23,0.35,-0.91,-1.51,0.48,0.48,0.23,0.16,0.17,0.21,-0.37,0.09,0.16,-0.03,0.05
 "11000","District of Columbia",2,SQGDP11,79,"72","   Accommodation and food services ","Percentage points",-0.05,0.28,0.02,-0.04,-0.05,-0.03,-0.08,0.73,-0.02,-0.19,0.18,-0.63,0.05,-0.03,-0.32,-0.22,-0.20,0.06,0.35,-0.26,1.04,0.25,-0.21,-0.15,0.15,0.24,-0.05,0.33,0.26,-0.18,0.31,0.45,-0.14,-0.05,0.00,-0.12,0.08,0.33,0.16,-0.07,0.45,-0.02,0.01,-0.70,0.31,0.07,0.04,0.17,-0.24,0.14,-0.09,0.68,0.38,-0.20,-0.37,0.38,0.49,-0.24,-0.70,-1.34,-6.93,1.93,-0.71,0.78,3.02,2.62,-0.57,-0.93,0.47,0.13,0.22,0.06
 "11000","District of Columbia",2,SQGDP11,82,"81","   Other services (except government and government enterprises) ","Percentage points",-0.20,0.39,0.17,-0.04,0.39,-0.12,-0.09,1.03,0.13,0.31,-0.27,0.75,0.31,0.29,0.23,-0.74,-0.58,-0.25,-0.19,-0.13,-0.27,0.89,-0.24,0.31,0.13,0.03,0.13,0.28,-0.40,0.18,0.02,-0.07,0.15,0.25,0.17,-0.44,0.74,0.38,0.14,0.10,0.42,-0.80,-0.07,0.48,0.06,0.10,0.19,-0.21,-0.40,0.62,0.69,0.23,0.16,0.11,0.44,-0.76,-0.21,0.62,0.28,-0.98,-1.58,1.26,0.76,-1.04,0.07,0.82,0.01,-0.19,-0.03,0.33,0.39,-0.10
 "11000","District of Columbia",2,SQGDP11,83,"..."," Government and government enterprises ","Percentage points",0.37,-0.66,0.03,-1.47,-2.12,-0.12,-0.88,-0.75,0.35,2.01,-0.38,2.72,0.32,1.70,0.95,2.04,0.91,2.70,1.20,2.63,2.63,-0.90,-0.23,1.62,-0.19,0.23,-2.42,0.59,-0.04,-0.47,-0.38,0.29,-0.55,-1.92,1.69,0.61,0.05,-0.40,0.19,-0.87,0.97,0.02,0.33,3.21,0.11,-0.11,0.27,0.83,-0.58,1.60,-0.51,1.85,0.96,0.25,-1.60,-2.50,2.01,0.59,0.43,0.75,1.37,-0.73,1.73,0.42,-0.71,-0.36,-1.63,-1.12,-0.84,-1.77,-0.36,0.69
 "11000","District of Columbia",2,SQGDP11,84,"...","  Federal civilian ","Percentage points",0.10,-0.67,1.27,-0.80,-0.77,0.11,-0.69,-0.94,0.67,1.27,0.55,1.11,0.75,1.12,0.49,1.76,0.45,3.02,1.06,2.02,3.03,-0.94,0.48,1.48,0.43,-0.34,-1.00,0.30,-0.36,-0.08,-0.58,0.28,-0.45,-1.67,1.11,1.08,-0.43,0.01,-0.11,-0.68,0.55,0.56,0.50,2.59,0.18,0.10,0.37,0.15,-0.01,0.65,0.30,0.40,0.81,0.03,-1.49,-1.61,1.95,0.27,0.08,0.24,1.08,-1.22,2.20,0.23,0.23,-0.06,-1.43,-0.66,-1.06,-1.78,-0.34,0.58
 "11000","District of Columbia",2,SQGDP11,85,"...","  Military ","Percentage points",-0.20,-0.17,0.04,-0.27,-0.22,-0.07,-0.27,-0.22,0.05,0.27,0.30,0.23,0.32,0.37,0.42,0.06,0.07,0.15,-0.05,0.18,-0.24,-0.18,-0.11,-0.02,-0.12,0.08,-1.99,0.14,-0.07,0.00,0.06,0.04,-0.08,0.17,0.01,0.17,0.03,-0.13,0.01,-0.11,0.04,-0.22,-0.15,0.14,-0.02,-0.11,-0.12,0.16,-0.04,0.00,-0.03,-0.04,0.06,0.09,0.02,-0.11,0.33,0.17,0.13,-0.36,0.47,-0.20,0.02,0.55,-0.57,-0.09,-0.44,0.19,0.30,0.03,-0.02,0.09
 "11000","District of Columbia",2,SQGDP11,86,"...","  State and local ","Percentage points",0.46,0.17,-1.28,-0.41,-1.13,-0.16,0.08,0.41,-0.37,0.47,-1.23,1.38,-0.76,0.21,0.04,0.21,0.39,-0.47,0.18,0.43,-0.16,0.23,-0.61,0.16,-0.50,0.49,0.57,0.15,0.40,-0.40,0.14,-0.02,-0.03,-0.42,0.56,-0.64,0.44,-0.28,0.30,-0.08,0.39,-0.32,-0.02,0.47,-0.05,-0.11,0.02,0.51,-0.54,0.94,-0.78,1.49,0.10,0.12,-0.13,-0.78,-0.27,0.15,0.22,0.87,-0.18,0.70,-0.48,-0.35,-0.37,-0.21,0.24,-0.65,-0.08,-0.02,0.01,0.03
 "12000","Florida",5,SQGDP11,1,"...","All industry total (percent change) ","Percent change",2.8,7.3,-1.0,5.9,1.2,1.0,5.0,-2.3,2.6,2.9,-2.5,-7.0,-3.1,-6.6,-13.2,-5.7,-4.2,-1.5,4.1,-2.5,3.8,2.9,1.2,-6.1,3.3,-3.3,3.2,1.1,-0.8,3.4,-1.4,5.4,0.1,3.5,3.2,0.1,5.1,4.6,3.8,3.7,5.8,3.4,4.0,0.4,5.0,5.9,2.3,5.0,0.8,2.6,5.1,4.7,0.5,4.6,0.3,4.3,1.4,3.1,3.2,-2.6,-28.7,38.4,2.9,7.7,13.6,5.9,10.4,-1.5,1.6,3.8,3.7,3.5
 "12000","Florida",5,SQGDP11,2,"..."," Private industries ","Percentage points",2.69,7.34,-0.24,5.87,1.81,-1.16,3.98,-3.86,3.00,1.38,-2.85,-6.70,-2.73,-6.32,-12.00,-6.37,-4.15,-1.43,3.05,-1.04,2.70,2.79,2.14,-4.75,1.84,-0.85,1.86,1.53,-1.06,3.63,-1.08,5.50,0.53,3.94,3.24,0.11,5.05,5.25,3.62,4.21,5.25,4.14,3.26,1.09,3.24,5.58,2.89,4.45,1.29,1.81,5.62,5.39,1.27,4.83,0.84,4.47,1.33,2.82,2.15,-3.46,-27.83,37.30,2.16,8.97,12.58,5.35,10.20,-0.63,1.52,3.68,3.45,3.25
 "12000","Florida",5,SQGDP11,3,"11","   Agriculture, forestry, fishing and hunting ","Percentage points",-0.05,-0.05,-0.15,0.33,0.09,-0.18,0.20,-0.87,0.03,-0.01,0.22,-0.49,-0.01,-0.14,0.14,0.66,-0.19,-0.01,-0.23,0.13,0.11,-0.04,0.01,-0.93,0.10,-0.02,0.30,0.00,-0.13,0.25,-0.23,-0.35,0.13,0.18,-0.02,0.35,-0.30,0.01,-0.17,0.87,-0.20,0.01,0.30,-0.24,-0.01,0.15,0.12,-0.10,-0.03,-0.16,-0.02,-0.20,0.40,-0.01,-0.01,-0.03,-0.06,-0.13,-0.11,-0.19,0.67,-0.17,-0.28,-0.17,-0.32,0.08,0.35,-0.39,-0.29,-0.12,0.32,0.15
 "12000","Florida",5,SQGDP11,6,"21","   Mining, quarrying, and oil and gas extraction ","Percentage points",0.04,-0.09,-0.01,0.00,0.03,0.04,-0.04,0.09,-0.09,0.03,0.14,0.11,-0.10,-0.07,-0.08,-0.09,-0.13,-0.12,-0.07,-0.03,0.09,0.06,0.06,0.08,0.03,-0.01,0.03,-0.09,0.05,-0.01,0.24,-0.17,0.03,-0.01,-0.04,-0.06,-0.07,-0.07,-0.05,0.01,-0.03,0.05,0.02,0.07,-0.05,0.00,0.02,-0.01,0.02,0.01,0.03,-0.02,0.02,-0.03,-0.01,0.00,-0.03,-0.02,0.02,0.06,0.04,0.01,-0.09,0.00,-0.04,0.00,0.05,-0.02,-0.02,0.02,0.02,0.00
 "12000","Florida",5,SQGDP11,10,"22","   Utilities ","Percentage points",0.18,0.30,0.73,-0.56,0.94,-0.10,-0.02,-0.18,0.18,0.13,0.06,-0.03,0.51,-0.10,-0.97,0.28,0.14,0.19,0.80,-0.29,0.24,-0.15,-0.47,0.39,0.14,-0.38,0.80,-0.20,0.17,0.17,-0.55,0.60,-0.49,-0.15,-0.33,-0.35,0.41,0.15,0.20,-1.00,0.73,0.38,-0.14,-0.17,0.10,-0.07,-0.09,0.10,0.07,0.02,0.51,-0.43,0.18,-0.33,0.09,-0.27,0.42,-0.26,0.14,0.62,-0.18,-0.26,0.05,-0.13,0.09,-0.03,-0.43,0.33,-0.08,-0.35,0.13,-0.17
 "12000","Florida",5,SQGDP11,11,"23","   Construction ","Percentage points",-0.12,0.37,-0.39,0.93,-0.08,-0.77,-1.05,-0.84,-0.54,-1.01,-2.37,-2.20,-1.30,-1.33,-1.51,-3.14,-0.71,0.10,-0.23,-0.35,1.15,0.20,-0.06,-0.42,-0.05,-0.56,-0.54,-0.70,-0.97,-0.58,-0.24,-0.71,-0.23,0.32,0.29,1.21,0.22,0.24,0.48,0.66,0.57,0.27,0.59,0.72,0.40,0.76,0.29,0.73,-0.22,0.15,0.81,0.76,-0.09,0.53,-0.11,0.18,0.11,-0.02,0.19,-0.49,-0.34,1.13,0.56,-0.12,0.86,-0.55,-0.32,-0.72,-1.10,-0.95,-0.17,-0.11
 "12000","Florida",5,SQGDP11,12,"31-33","   Manufacturing ","Percentage points",0.41,0.65,0.26,1.00,0.00,0.14,0.89,-0.11,1.20,0.30,-0.08,-0.88,-0.06,-0.29,-1.20,-0.96,0.16,0.15,0.35,-0.41,-0.45,0.27,0.20,-0.57,0.36,-0.05,-0.05,-0.44,-0.20,-0.09,0.27,0.66,0.64,0.47,0.37,-0.34,0.54,0.68,0.47,0.50,0.73,0.27,-0.06,0.31,-0.27,0.61,-0.25,0.41,0.10,0.01,0.63,-0.31,0.21,0.22,0.25,0.29,0.15,0.23,0.22,0.08,-1.83,2.44,-0.04,0.41,0.62,-0.20,1.12,-0.43,-0.20,0.01,0.47,-0.37
 "12000","Florida",5,SQGDP11,13,"321,327-339","     Durable goods manufacturing ","Percentage points",0.52,0.47,0.24,0.68,-0.09,0.15,0.70,0.19,1.05,0.25,-0.27,-0.66,-0.16,0.02,-0.75,-0.51,-0.20,-0.10,-0.14,-0.23,-0.18,0.22,0.05,-0.53,0.32,0.09,0.08,-0.57,-0.06,0.08,0.25,0.23,0.24,0.32,0.52,0.02,0.27,0.42,0.02,-0.13,0.29,0.21,0.22,0.27,-0.02,0.60,0.05,0.25,0.00,0.16,0.55,0.03,0.08,0.28,0.28,-0.29,0.29,0.05,0.17,0.25,-1.26,1.67,0.13,0.35,0.14,-0.22,0.79,-0.22,0.05,0.08,0.43,-0.14
 "12000","Florida",5,SQGDP11,25,"311-316,322-326","     Nondurable goods manufacturing ","Percentage points",-0.11,0.17,0.03,0.32,0.09,-0.01,0.19,-0.30,0.15,0.05,0.19,-0.22,0.09,-0.32,-0.44,-0.45,0.36,0.25,0.49,-0.18,-0.27,0.05,0.15,-0.05,0.04,-0.15,-0.13,0.12,-0.13,-0.17,0.02,0.43,0.39,0.14,-0.16,-0.36,0.27,0.26,0.45,0.63,0.45,0.06,-0.27,0.04,-0.25,0.02,-0.30,0.17,0.11,-0.15,0.08,-0.35,0.13,-0.06,-0.03,0.58,-0.15,0.19,0.05,-0.18,-0.57,0.77,-0.17,0.07,0.48,0.02,0.33,-0.22,-0.25,-0.07,0.04,-0.23
 "12000","Florida",5,SQGDP11,34,"42","   Wholesale trade ","Percentage points",0.40,0.29,0.56,0.33,-0.02,0.13,-0.06,-0.27,0.58,0.12,0.03,-0.24,-0.48,-0.15,-1.59,-2.23,-0.99,0.00,1.32,-0.39,0.91,0.25,0.31,-0.40,-0.66,-0.19,0.55,0.76,0.20,0.75,-0.65,1.11,-0.12,0.05,0.17,-0.23,0.50,1.29,0.88,-0.19,0.71,0.32,-0.02,-0.60,0.03,0.72,-0.29,0.71,-0.08,-0.05,-0.17,0.89,0.13,-0.05,-0.19,0.82,-0.79,0.33,0.14,1.15,-2.46,4.09,0.21,0.24,0.96,-0.02,0.59,-0.38,-0.37,0.58,0.43,0.02
 "12000","Florida",5,SQGDP11,35,"44-45","   Retail trade ","Percentage points",1.08,1.05,-0.94,0.62,0.42,-0.81,0.67,-1.17,-0.70,0.29,-0.29,-0.62,-0.30,-0.53,-1.31,-0.26,-0.57,-0.37,1.13,-0.48,0.66,0.30,0.24,-0.86,0.17,-0.22,0.46,0.22,-0.44,0.65,-0.04,1.13,-0.23,0.13,0.23,0.50,0.42,0.25,-0.37,0.76,0.25,0.28,0.21,0.36,0.50,0.68,0.10,0.33,0.50,0.43,0.47,0.28,-0.35,0.61,-0.41,-0.16,0.14,0.57,0.33,-0.80,-1.82,3.88,0.11,0.00,0.32,-1.09,0.83,-1.42,0.09,0.51,0.65,0.87
 "12000","Florida",5,SQGDP11,36,"48-49","   Transportation and warehousing ","Percentage points",0.35,0.76,0.24,0.78,0.36,-0.08,-0.05,-0.42,0.22,-0.08,0.45,-0.47,0.05,0.02,-0.08,-0.99,0.76,-0.16,0.19,-0.23,0.06,0.23,0.40,-0.12,0.18,-0.11,-0.15,-0.09,-0.24,0.15,0.08,0.39,0.23,0.37,0.61,-0.26,0.18,0.13,-0.01,-0.80,0.20,0.47,0.06,-0.35,0.51,0.11,0.26,-0.08,0.05,-0.01,0.28,0.31,-0.02,0.19,0.19,0.41,0.16,-0.01,-0.18,-0.77,-2.50,1.18,0.32,0.66,0.43,0.76,0.32,0.43,0.13,0.39,0.22,0.19
 "12000","Florida",5,SQGDP11,45,"51","   Information ","Percentage points",0.45,0.36,-0.11,-0.61,0.60,0.41,-0.26,-0.35,0.47,0.45,0.06,0.67,0.26,-0.42,-1.03,0.74,-0.20,0.28,0.55,-0.79,-0.01,1.21,-0.58,-0.20,-0.11,-0.09,-0.12,-0.24,0.37,-0.19,-0.28,1.36,0.14,0.23,-0.12,-0.09,0.18,0.22,0.32,0.22,0.45,0.45,0.85,0.25,0.15,0.54,-0.04,0.04,0.01,0.08,0.46,0.34,0.21,0.04,-0.09,0.50,-0.26,0.46,-0.43,-0.69,0.12,1.17,-0.45,1.09,0.79,0.36,1.11,0.63,0.09,0.75,0.17,0.06
 "12000","Florida",5,SQGDP11,51,"52","   Finance and insurance ","Percentage points",0.65,0.57,0.15,0.25,0.00,0.50,0.35,-0.72,0.32,-0.39,-1.24,-0.19,-0.41,-1.63,-2.22,4.50,0.69,0.15,-0.75,0.22,-1.02,-0.08,0.52,-0.30,0.06,-0.01,0.16,0.75,-0.15,0.46,-0.13,0.48,0.14,0.31,0.31,-0.52,0.93,-0.22,0.21,0.82,0.47,-0.76,0.18,-0.53,0.08,0.85,0.98,-0.01,-0.46,0.49,-0.45,1.19,-0.34,0.52,-0.69,1.15,0.00,0.00,0.84,-0.77,0.56,1.13,0.56,1.23,0.42,0.89,1.22,-0.08,0.47,-0.02,-0.36,-0.36
 "12000","Florida",5,SQGDP11,56,"53","   Real estate and rental and leasing ","Percentage points",0.07,1.18,-0.14,-0.26,0.29,0.30,2.68,2.18,0.85,0.84,0.31,-1.34,-1.06,-1.84,-1.20,-0.72,-2.07,-0.65,-0.51,-0.60,-0.19,-0.70,0.39,-1.08,1.12,-0.24,0.88,0.12,0.18,1.10,-0.39,1.78,0.24,1.26,0.17,-0.08,0.40,0.71,0.38,1.18,0.54,1.22,0.43,0.31,0.88,0.12,0.23,1.35,0.07,0.46,1.15,1.34,0.90,1.07,0.73,0.24,0.63,0.74,0.33,0.98,-2.33,2.66,-0.23,1.37,0.87,1.63,2.11,0.59,1.26,1.16,0.02,1.37
 "12000","Florida",5,SQGDP11,60,"54","   Professional, scientific, and technical services ","Percentage points",0.07,0.17,0.20,0.80,-0.20,-0.10,0.05,-1.22,0.24,0.08,0.14,-0.22,-0.09,0.17,-0.49,-1.33,-0.84,-0.22,0.03,0.35,0.41,0.60,0.35,-0.31,0.47,0.18,0.15,0.24,0.42,0.08,-0.22,0.43,-0.22,0.34,0.49,-0.21,0.72,0.84,0.33,-0.24,0.59,0.46,0.31,0.48,0.07,0.19,0.11,0.57,0.17,0.23,0.42,0.94,0.44,0.44,0.21,0.39,0.42,0.49,0.27,0.02,-1.53,2.89,0.17,1.37,1.94,1.23,1.37,0.40,0.31,0.66,0.78,0.16
 "12000","Florida",5,SQGDP11,64,"55","   Management of companies and enterprises ","Percentage points",-1.02,0.03,0.12,0.24,-0.03,-0.47,0.28,0.19,-0.03,-0.02,-0.22,-0.08,0.16,0.06,-0.11,-0.43,0.13,0.20,-0.18,0.22,0.03,-0.12,0.24,0.36,-0.41,0.14,-0.31,0.63,-0.01,0.67,-0.09,-0.20,0.22,-0.03,0.35,0.30,-0.21,-0.27,0.26,0.38,-0.30,0.18,-0.19,0.09,0.17,0.12,0.34,-0.03,0.46,-0.20,0.50,0.05,-0.37,0.37,0.29,0.39,0.10,-0.03,-0.14,0.09,-0.09,0.00,0.34,0.46,0.48,-0.24,0.56,-0.06,0.13,0.09,0.21,0.01
 "12000","Florida",5,SQGDP11,65,"56","   Administrative and support and waste management and remediation services ","Percentage points",0.32,0.34,-0.32,-0.27,-0.48,-0.04,0.17,0.32,-0.06,0.16,-0.30,-0.99,-0.41,-0.28,-0.50,-0.37,-0.47,-0.23,0.25,0.77,-0.24,-0.03,0.10,-0.24,0.06,0.19,-0.15,0.42,-0.03,-0.09,0.27,-0.06,0.07,0.21,0.19,0.13,0.19,0.16,0.16,0.10,0.01,0.22,0.04,0.14,0.12,0.20,0.34,0.38,0.11,0.14,0.42,0.24,-0.07,0.45,0.20,-0.31,0.11,-0.08,0.03,0.15,-2.09,2.35,0.10,1.27,0.63,0.84,0.86,0.38,0.17,0.01,-0.04,0.11
 "12000","Florida",5,SQGDP11,69,"61","   Educational services ","Percentage points",0.02,0.09,-0.05,0.12,0.01,0.03,0.01,0.01,0.08,0.09,0.08,0.05,0.07,0.12,0.01,0.15,-0.04,0.02,0.08,0.04,0.05,0.04,0.11,0.01,-0.01,0.04,-0.09,0.02,-0.09,-0.10,-0.02,0.00,-0.01,0.00,0.05,-0.05,0.07,0.03,0.00,-0.15,0.04,0.00,0.11,-0.05,0.14,-0.02,-0.01,-0.11,-0.07,0.04,0.00,0.02,0.01,0.07,0.06,0.06,0.01,-0.01,-0.05,-0.09,-0.40,0.21,-0.09,-0.03,0.25,0.12,0.05,-0.01,-0.06,0.08,0.03,0.01
 "12000","Florida",5,SQGDP11,70,"62","   Health care and social assistance ","Percentage points",0.04,0.63,-0.19,1.09,0.16,-0.09,0.29,-0.22,0.22,0.35,0.38,0.58,0.49,0.33,0.22,-0.19,0.09,-0.11,0.23,-0.16,0.27,0.33,0.11,-0.29,0.27,0.16,0.16,0.23,0.14,0.04,0.45,0.09,0.05,0.08,0.12,-0.05,0.45,0.60,0.37,0.85,0.17,0.27,0.23,0.31,0.33,0.15,0.42,0.34,0.08,0.17,0.18,0.50,0.04,0.50,0.22,0.28,0.38,0.23,0.49,-0.73,-3.61,6.09,0.68,-0.66,1.03,0.36,0.35,0.21,0.33,0.57,0.59,0.84
 "12000","Florida",5,SQGDP11,76,"71","   Arts, entertainment, and recreation ","Percentage points",0.02,0.10,-0.18,0.83,-0.21,-0.15,-0.06,0.33,0.10,-0.03,-0.01,0.10,0.07,0.01,0.31,-0.69,0.23,-0.19,0.07,0.05,0.29,0.19,0.04,0.04,-0.06,0.08,-0.11,0.08,0.01,0.03,0.08,-0.38,-0.12,0.12,0.08,0.17,0.12,0.03,-0.02,-0.29,0.25,-0.15,0.16,-0.08,0.00,-0.10,0.45,-0.43,0.33,0.43,-0.19,-0.04,0.04,0.02,0.04,0.05,-0.11,0.13,0.07,-0.41,-2.67,1.63,0.40,0.24,0.10,0.44,0.12,-0.18,0.22,0.10,0.10,0.03
 "12000","Florida",5,SQGDP11,79,"72","   Accommodation and food services ","Percentage points",-0.26,0.43,0.05,-0.08,-0.10,0.09,-0.06,-0.44,0.02,0.07,-0.10,-0.11,-0.01,-0.16,-0.28,-0.65,-0.19,-0.16,0.05,1.02,0.27,0.15,0.18,0.28,0.21,0.28,-0.08,-0.37,-0.31,0.30,0.25,-0.43,0.03,0.00,0.21,-0.33,0.09,0.29,0.10,0.52,0.03,0.25,0.10,0.17,-0.01,0.44,-0.01,0.24,0.11,-0.36,0.38,-0.58,-0.09,0.18,0.08,0.52,0.04,0.07,-0.03,-1.38,-5.79,5.26,-0.17,1.94,2.56,0.56,-0.08,0.07,0.36,0.05,-0.14,0.41
 "12000","Florida",5,SQGDP11,82,"81","   Other services (except government and government enterprises) ","Percentage points",0.04,0.15,-0.08,0.35,0.00,-0.02,-0.01,-0.16,-0.09,0.02,-0.10,-0.35,-0.12,-0.08,-0.12,-0.66,0.02,-0.28,-0.05,-0.13,0.07,0.08,-0.02,-0.21,-0.04,-0.04,-0.03,0.20,-0.02,0.04,0.11,-0.21,0.03,0.06,0.11,0.02,0.22,0.18,0.07,-0.01,0.03,-0.06,0.07,-0.10,0.11,0.14,-0.07,0.05,0.07,-0.09,0.19,0.10,0.02,0.06,-0.02,-0.04,-0.09,0.14,0.01,-0.28,-1.58,1.61,0.00,-0.21,0.59,0.20,0.02,0.03,0.07,0.14,0.01,0.03
 "12000","Florida",5,SQGDP11,83,"..."," Government and government enterprises ","Percentage points",0.06,-0.07,-0.78,0.02,-0.63,2.14,0.97,1.55,-0.39,1.47,0.36,-0.30,-0.39,-0.24,-1.22,0.71,-0.05,-0.09,1.01,-1.51,1.10,0.10,-0.91,-1.40,1.45,-2.48,1.33,-0.38,0.30,-0.23,-0.30,-0.06,-0.47,-0.46,-0.03,-0.02,0.05,-0.65,0.14,-0.53,0.54,-0.70,0.77,-0.72,1.72,0.33,-0.55,0.58,-0.44,0.82,-0.49,-0.72,-0.81,-0.21,-0.57,-0.21,0.04,0.29,1.07,0.87,-0.83,1.13,0.73,-1.25,0.98,0.55,0.15,-0.85,0.05,0.08,0.27,0.25
 "12000","Florida",5,SQGDP11,84,"...","  Federal civilian ","Percentage points",-0.13,-0.07,0.02,-0.01,0.05,0.03,-0.01,-0.02,0.01,0.06,0.05,0.08,0.03,0.05,-0.02,0.03,0.09,-0.03,0.01,0.10,0.39,-0.27,-0.15,0.00,-0.03,-0.02,0.10,0.01,0.00,0.03,-0.02,-0.02,-0.09,-0.16,-0.04,0.07,0.05,0.06,0.10,0.22,0.09,0.04,0.04,0.01,0.06,0.09,0.04,0.09,-0.01,0.01,0.02,0.06,0.03,0.02,0.01,-0.08,0.15,0.06,0.06,0.09,0.12,0.42,-0.12,0.03,0.00,0.00,0.02,0.03,0.00,-0.02,0.10,0.14
 "12000","Florida",5,SQGDP11,85,"...","  Military ","Percentage points",-0.01,0.01,0.04,-0.01,0.01,0.05,0.01,-0.01,-0.08,0.00,-0.02,0.03,0.03,0.01,0.02,-0.07,-0.01,0.03,-0.05,0.10,0.01,-0.07,-0.12,0.04,0.03,0.00,0.10,0.02,-0.05,0.04,-0.03,-0.03,-0.03,-0.02,-0.09,0.03,-0.10,-0.07,-0.03,0.01,-0.02,-0.06,-0.04,0.32,0.04,0.03,0.01,0.06,-0.01,-0.02,-0.10,-0.18,-0.04,0.00,-0.05,0.10,0.00,0.07,0.04,-0.04,0.13,0.02,0.09,0.17,0.05,-0.02,0.00,-0.06,0.01,0.00,-0.01,-0.01
 "12000","Florida",5,SQGDP11,86,"...","  State and local ","Percentage points",0.20,-0.01,-0.84,0.04,-0.69,2.06,0.98,1.59,-0.33,1.40,0.33,-0.41,-0.44,-0.30,-1.23,0.75,-0.12,-0.09,1.06,-1.71,0.70,0.44,-0.65,-1.43,1.45,-2.46,1.13,-0.41,0.35,-0.30,-0.25,-0.01,-0.36,-0.29,0.10,-0.11,0.09,-0.63,0.07,-0.76,0.47,-0.68,0.77,-1.05,1.63,0.21,-0.61,0.43,-0.42,0.82,-0.40,-0.60,-0.80,-0.23,-0.53,-0.24,-0.11,0.15,0.97,0.82,-1.08,0.69,0.76,-1.46,0.92,0.57,0.13,-0.83,0.03,0.10,0.19,0.13
 "13000","Georgia",5,SQGDP11,1,"...","All industry total (percent change) ","Percent change",2.7,1.0,4.9,-1.8,0.5,2.1,3.2,-6.0,3.6,3.6,2.9,-9.2,1.5,-3.6,-13.0,-3.9,0.6,-0.6,1.1,-0.1,1.4,3.6,4.9,-0.2,-0.1,1.8,3.6,1.0,1.4,0.5,-1.2,5.6,-0.5,1.6,3.0,3.5,5.8,4.1,2.0,5.8,5.3,2.2,2.3,6.5,1.9,2.8,4.0,4.6,0.8,3.5,6.4,-0.7,3.4,4.8,1.7,3.9,5.1,3.1,0.7,-7.6,-28.5,33.4,2.8,9.8,10.9,1.3,5.9,1.7,-0.7,2.9,3.4,2.4
 "13000","Georgia",5,SQGDP11,2,"..."," Private industries ","Percentage points",2.81,1.45,4.09,-1.33,0.49,1.89,3.20,-6.00,3.31,3.77,3.05,-9.10,1.63,-3.60,-12.83,-4.55,0.18,-0.72,1.71,-1.34,1.87,3.66,5.76,-1.11,0.42,2.07,2.98,1.62,1.15,1.29,-0.91,5.98,-0.30,2.44,3.32,3.16,5.69,4.19,1.59,5.24,5.20,2.18,2.85,6.34,2.13,2.82,3.30,4.43,0.69,3.11,6.22,-0.15,3.02,4.77,2.00,3.90,4.81,2.55,0.25,-7.66,-27.22,32.55,3.25,9.09,10.48,1.66,6.08,1.90,-0.58,2.72,3.05,1.97
 "13000","Georgia",5,SQGDP11,3,"11","   Agriculture, forestry, fishing and hunting ","Percentage points",0.09,-0.03,0.12,-0.50,0.37,-0.29,-0.28,0.38,-0.40,-0.26,-0.33,0.82,-0.20,-0.12,0.36,0.11,0.13,0.38,-0.23,-1.14,0.28,0.07,-0.14,-0.12,-0.28,-0.13,0.00,1.18,-0.36,-0.33,-0.20,0.13,0.31,0.28,-0.13,-0.35,0.10,-0.07,-0.11,1.21,-0.13,0.01,-0.11,0.17,-0.12,-0.07,-0.11,0.29,-0.04,0.01,0.18,-0.20,0.20,-0.18,-0.11,-0.19,-0.06,0.02,0.23,0.34,-1.06,0.74,-0.05,-0.02,-0.64,0.43,0.22,0.29,0.17,0.02,0.64,-0.57
 "13000","Georgia",5,SQGDP11,6,"21","   Mining, quarrying, and oil and gas extraction ","Percentage points",-0.08,-0.24,-0.06,0.13,-0.05,-0.02,-0.04,0.20,-0.22,-0.05,-0.07,-0.16,-0.05,-0.15,0.11,-0.05,-0.08,-0.04,-0.06,-0.09,0.17,0.02,-0.14,-0.06,-0.04,-0.13,0.01,-0.06,0.02,-0.02,0.04,0.04,-0.03,0.05,0.05,0.02,-0.02,-0.03,0.00,0.02,-0.05,0.05,0.01,0.12,-0.07,-0.01,0.03,0.09,0.03,0.04,-0.01,-0.01,-0.03,-0.03,0.01,0.05,0.01,0.00,0.01,0.05,0.04,-0.02,-0.04,0.01,0.07,0.13,0.02,-0.10,-0.02,0.05,0.05,-0.02
 "13000","Georgia",5,SQGDP11,10,"22","   Utilities ","Percentage points",0.07,0.34,-0.19,0.11,0.38,-0.02,-0.26,0.09,-0.11,0.33,-0.12,0.01,0.63,0.44,-1.49,0.42,0.49,-0.61,1.18,-0.90,0.39,1.03,0.74,-0.79,0.21,0.10,0.50,-0.65,0.25,-0.10,-0.23,0.12,0.04,-0.38,-0.10,-0.52,0.65,-0.14,0.43,-0.97,0.86,-0.12,0.06,0.38,0.10,0.44,-0.39,-0.37,0.25,0.20,0.26,-0.44,0.02,-0.16,0.04,-0.23,0.45,-0.16,0.37,0.00,0.02,-0.13,0.13,-0.35,0.20,-0.19,0.11,-0.21,0.04,-0.33,0.02,-0.07
 "13000","Georgia",5,SQGDP11,11,"23","   Construction ","Percentage points",-0.44,0.14,-0.24,-0.35,-0.08,-0.38,-0.43,-0.01,-0.15,-0.87,-0.70,-1.28,-0.46,-0.70,-1.32,-1.51,-0.51,-0.31,-0.48,0.24,-0.02,-0.02,-0.27,-0.26,0.23,-0.33,-0.45,0.30,-0.54,-0.14,-0.13,-0.27,-0.07,0.25,0.17,0.60,0.50,0.34,0.64,1.14,0.25,0.15,0.08,0.57,0.39,0.51,0.68,0.16,-0.24,0.04,0.55,0.57,0.01,0.29,-0.19,0.32,0.17,0.14,0.35,-0.50,-0.50,0.67,0.65,0.22,0.31,-0.47,-0.82,-0.22,-1.07,-0.99,0.08,0.12
 "13000","Georgia",5,SQGDP11,12,"31-33","   Manufacturing ","Percentage points",0.11,-0.01,-0.04,0.74,-1.93,-0.12,1.26,-0.88,1.33,0.99,0.72,-2.72,0.16,-1.41,-3.08,-2.25,1.65,0.75,1.28,-0.89,-0.99,0.43,2.31,-0.64,0.40,1.61,-1.84,0.98,-0.70,-1.19,-0.88,2.20,-0.26,-0.26,0.52,-0.49,1.29,0.87,0.38,-0.93,0.74,-0.08,0.42,1.07,0.19,0.29,0.10,0.44,0.74,-0.12,0.26,-0.33,-0.97,0.03,0.51,-1.81,2.16,0.15,-0.52,-0.91,-4.45,5.10,0.57,0.62,1.76,-0.32,1.87,-0.29,-0.78,0.00,0.20,-0.42
 "13000","Georgia",5,SQGDP11,13,"321,327-339","     Durable goods manufacturing ","Percentage points",-0.03,-0.08,0.42,1.13,-0.48,0.40,0.91,-0.85,0.60,0.74,-0.08,-0.36,-0.19,-0.28,-1.47,-1.67,-0.47,0.12,0.77,0.96,0.94,0.73,0.78,-0.41,0.37,1.16,-0.58,0.30,0.45,0.26,0.14,0.65,-0.45,-0.04,0.49,-0.41,0.65,0.85,-0.40,-0.08,0.05,-0.16,0.34,0.22,0.17,0.35,0.38,0.18,0.15,0.17,0.31,-0.13,-0.51,0.27,0.22,0.65,0.47,-0.24,0.10,-0.77,-2.67,3.18,0.76,0.57,0.59,-0.31,1.37,-0.11,-0.04,0.01,0.27,-0.24
 "13000","Georgia",5,SQGDP11,25,"311-316,322-326","     Nondurable goods manufacturing ","Percentage points",0.15,0.07,-0.46,-0.39,-1.45,-0.52,0.35,-0.03,0.73,0.26,0.80,-2.35,0.36,-1.13,-1.60,-0.58,2.12,0.63,0.51,-1.85,-1.93,-0.29,1.53,-0.23,0.02,0.45,-1.25,0.68,-1.15,-1.45,-1.01,1.55,0.19,-0.22,0.04,-0.08,0.63,0.01,0.78,-0.85,0.68,0.08,0.07,0.86,0.02,-0.05,-0.28,0.26,0.59,-0.29,-0.05,-0.20,-0.46,-0.25,0.29,-2.46,1.69,0.39,-0.61,-0.14,-1.78,1.92,-0.19,0.05,1.18,-0.01,0.50,-0.18,-0.74,-0.01,-0.07,-0.18
 "13000","Georgia",5,SQGDP11,34,"42","   Wholesale trade ","Percentage points",0.28,0.27,0.69,0.18,0.14,-0.21,0.41,-0.18,0.67,0.21,0.27,-0.45,-0.15,-0.21,-1.61,-2.56,-1.21,-0.04,1.22,-0.58,1.09,0.74,0.30,-0.59,-1.32,0.03,1.52,-0.57,0.87,-0.13,-0.39,1.39,-0.59,0.35,0.31,0.07,1.08,0.95,0.08,0.86,0.10,0.47,-0.21,0.40,0.44,0.21,-0.11,0.12,-0.12,-0.06,-0.02,-0.81,-0.20,0.66,0.03,-0.19,-0.05,-0.06,0.47,-0.68,-1.53,3.21,0.01,0.58,0.82,-0.77,0.11,-0.04,-0.27,0.41,-0.15,-0.04
 "13000","Georgia",5,SQGDP11,35,"44-45","   Retail trade ","Percentage points",1.10,0.56,-0.49,0.68,0.44,-0.48,0.37,-0.58,-0.88,0.08,0.04,-0.22,-0.18,-0.20,-0.92,-0.61,-0.20,-0.41,0.58,-0.16,0.11,0.01,0.15,0.09,-0.15,-0.26,0.36,0.11,-0.31,0.46,-0.17,0.71,-0.17,0.10,-0.04,0.23,0.33,0.12,-0.12,0.81,0.21,0.31,0.13,0.60,-0.24,0.15,0.45,0.13,-0.07,0.55,-0.01,0.49,-0.06,0.20,-0.22,0.20,0.25,0.33,0.07,-0.96,-0.83,2.35,-0.05,0.68,-0.24,-0.76,0.33,-0.65,0.01,0.32,0.38,0.69
 "13000","Georgia",5,SQGDP11,36,"48-49","   Transportation and warehousing ","Percentage points",-0.19,0.73,0.26,-0.23,-0.25,-0.06,0.42,-0.10,2.40,-0.56,-0.78,-0.08,-0.50,-0.03,0.94,-1.83,0.20,0.42,-0.03,0.02,0.29,0.27,0.54,0.25,-0.56,-0.37,0.52,0.31,-0.03,0.18,-0.16,0.95,-0.51,0.06,0.02,0.03,-0.14,0.10,0.69,-0.46,0.55,0.45,0.06,0.56,0.22,-0.58,1.09,0.36,-0.27,0.01,-0.07,0.79,-0.34,0.18,-0.11,-1.25,0.51,-0.24,-0.70,-0.38,-3.18,2.10,-0.24,0.67,0.65,0.37,0.18,-0.16,0.14,0.31,0.10,-0.01
 "13000","Georgia",5,SQGDP11,45,"51","   Information ","Percentage points",0.55,-0.81,-0.73,1.85,1.22,2.30,0.39,-4.70,0.85,2.36,2.64,-6.14,1.30,0.23,-1.47,-1.04,0.26,-0.04,0.62,1.70,-0.37,0.15,0.15,-0.19,0.25,0.68,0.71,-3.62,1.68,0.86,0.83,-0.63,0.51,0.45,-0.17,2.74,-1.42,-0.09,0.18,1.68,1.31,0.59,0.95,2.64,0.28,0.08,-0.30,2.63,0.21,0.45,2.39,-4.56,2.02,0.72,-0.14,2.25,0.16,0.47,-0.46,-1.66,-1.09,2.62,0.27,3.03,1.79,0.33,0.81,1.32,-1.23,1.10,1.30,0.62
 "13000","Georgia",5,SQGDP11,51,"52","   Finance and insurance ","Percentage points",0.68,0.48,0.65,-0.74,0.83,0.68,0.29,-1.09,0.18,0.19,-0.44,1.91,0.46,-2.38,-3.39,7.24,1.22,0.49,-1.49,-1.37,-0.39,-0.13,0.80,0.82,0.16,0.27,0.86,0.58,-0.12,1.00,-0.67,-0.30,0.34,0.48,1.12,0.46,1.49,-0.39,-0.74,1.06,0.08,-1.53,0.78,-1.33,0.69,0.73,0.65,-1.27,-1.72,0.15,-0.90,1.37,-0.52,0.48,-1.11,0.24,0.45,0.34,2.07,-1.27,1.21,0.97,1.69,-0.40,0.51,0.60,-0.19,0.36,0.45,-0.02,-0.30,-0.44
 "13000","Georgia",5,SQGDP11,56,"53","   Real estate and rental and leasing ","Percentage points",0.29,-0.20,-0.32,-1.72,-1.05,1.16,0.20,0.45,0.79,-0.07,1.86,-0.85,-0.42,-0.33,-0.31,-0.65,-0.85,-0.54,-0.10,0.34,0.66,-0.03,0.47,-0.64,0.96,-0.02,1.07,0.13,0.65,0.83,-0.23,1.26,-0.24,0.67,0.15,-0.36,0.21,0.44,0.25,0.58,0.34,0.52,0.06,0.60,0.39,0.40,0.62,0.96,1.32,0.89,1.41,2.15,1.16,1.72,2.10,1.45,0.83,0.38,-1.20,-1.54,-3.25,1.13,-0.83,1.60,0.65,1.06,1.78,0.43,0.83,0.78,-0.03,0.89
 "13000","Georgia",5,SQGDP11,60,"54","   Professional, scientific, and technical services ","Percentage points",-0.04,0.02,0.39,0.56,0.44,0.25,0.26,-0.17,0.02,0.64,0.88,0.03,0.67,0.72,-0.04,-1.14,-0.65,-0.45,-0.56,0.82,0.13,0.49,0.19,0.14,0.39,0.35,0.13,1.22,-0.06,-0.18,-0.29,0.33,-0.29,0.48,0.21,0.47,0.70,0.90,-0.16,0.01,0.59,0.52,0.26,0.57,-0.49,0.35,-0.17,0.51,0.13,0.39,0.53,0.39,0.52,0.23,0.23,0.32,0.00,0.25,0.15,0.26,-1.51,1.91,-0.19,0.97,1.33,0.85,0.47,0.49,0.24,0.57,0.23,-0.05
 "13000","Georgia",5,SQGDP11,64,"55","   Management of companies and enterprises ","Percentage points",-0.10,-0.22,3.54,-3.06,-0.05,-0.66,0.07,0.83,-1.00,-0.05,-0.61,0.16,0.24,0.07,-0.08,-0.50,0.39,0.15,0.06,-0.09,0.12,-0.02,0.12,0.56,-0.60,0.23,-0.16,0.67,-0.03,-0.08,0.81,-0.87,0.81,-0.20,0.35,0.61,-0.50,0.58,-0.29,0.39,0.01,0.15,0.22,-0.52,0.49,-0.03,0.22,-0.09,0.34,0.00,0.76,-0.02,0.42,0.16,0.17,2.30,-0.52,0.04,-0.28,0.56,-0.49,0.38,0.64,-0.35,0.39,-0.30,0.34,0.62,0.21,0.08,0.22,0.07
 "13000","Georgia",5,SQGDP11,65,"56","   Administrative and support and waste management and remediation services ","Percentage points",0.28,0.01,0.24,-0.22,0.25,-0.26,0.26,0.14,0.24,0.13,-0.03,-0.23,-0.10,0.12,-0.45,-0.54,-0.30,-0.11,0.16,0.40,0.28,0.18,0.27,0.20,0.21,-0.04,-0.18,0.36,-0.03,0.02,0.09,0.38,0.02,0.20,0.20,0.00,0.40,0.04,-0.06,0.00,-0.04,0.39,-0.14,-0.03,-0.08,0.16,0.34,0.33,0.02,0.10,0.33,0.10,0.09,0.25,0.28,0.10,0.08,0.05,0.06,-0.03,-1.72,1.82,0.41,0.97,0.37,0.45,0.53,0.48,0.22,-0.01,-0.14,0.08
 "13000","Georgia",5,SQGDP11,69,"61","   Educational services ","Percentage points",-0.07,0.07,-0.08,0.29,0.06,0.05,0.02,-0.06,0.01,0.08,0.05,0.00,0.11,0.10,0.10,0.26,-0.04,-0.03,-0.04,0.12,0.00,0.09,0.02,0.01,-0.05,-0.04,-0.02,0.06,0.05,-0.08,-0.01,-0.03,0.00,-0.02,0.06,-0.03,0.02,0.03,0.00,-0.11,0.01,-0.02,0.02,0.17,0.02,-0.09,0.06,-0.07,-0.05,0.09,0.01,0.05,0.05,0.08,-0.02,0.10,0.00,0.04,-0.05,-0.07,-0.43,0.21,-0.22,0.19,0.27,0.05,0.06,-0.07,-0.07,0.02,0.09,0.00
 "13000","Georgia",5,SQGDP11,70,"62","   Health care and social assistance ","Percentage points",0.27,0.33,0.05,0.52,-0.01,0.10,0.31,-0.31,0.06,0.61,-0.34,0.57,0.21,0.36,0.42,0.35,-0.03,-0.07,0.01,-0.13,-0.07,0.24,0.11,0.04,0.32,0.20,0.09,0.09,0.09,0.17,0.46,0.42,0.06,0.02,0.41,-0.51,0.33,0.45,0.20,0.55,0.13,0.26,0.30,0.60,-0.03,0.20,0.03,0.05,0.15,0.14,0.36,0.35,0.21,0.08,0.26,0.41,0.34,0.42,-0.07,-0.25,-2.73,4.24,0.59,-0.52,0.70,0.03,0.46,-0.12,0.25,0.32,0.33,0.66
 "13000","Georgia",5,SQGDP11,76,"71","   Arts, entertainment, and recreation ","Percentage points",0.02,0.04,0.04,-0.17,0.05,-0.06,0.03,0.12,-0.12,0.11,0.02,-0.08,0.07,-0.01,-0.11,0.18,0.01,-0.06,-0.09,0.30,-0.02,-0.03,0.19,-0.08,0.21,-0.02,0.05,-0.04,-0.02,0.00,0.12,-0.06,-0.09,-0.04,-0.06,0.05,0.21,-0.13,0.11,-0.27,-0.01,0.14,-0.11,0.03,0.04,0.01,0.08,0.00,0.06,0.09,0.02,-0.12,0.12,-0.09,0.10,-0.03,0.05,0.05,-0.18,0.12,-1.06,0.68,0.13,0.31,0.04,0.15,-0.08,-0.01,0.08,0.06,0.12,0.07
 "13000","Georgia",5,SQGDP11,79,"72","   Accommodation and food services ","Percentage points",-0.10,-0.03,0.22,0.48,-0.20,0.06,-0.20,-0.11,-0.27,-0.10,0.05,-0.25,-0.04,-0.08,-0.32,-0.35,-0.15,-0.08,-0.16,0.25,0.07,0.09,-0.02,0.28,0.09,-0.01,-0.13,0.40,-0.17,-0.05,0.08,0.26,-0.11,-0.02,0.13,0.25,0.27,0.10,0.12,-0.28,0.13,0.06,0.02,-0.22,-0.08,0.03,0.05,0.24,-0.06,0.08,0.03,0.15,0.21,0.06,0.21,-0.01,-0.01,0.17,-0.15,-0.57,-3.58,3.53,-0.18,1.19,1.03,0.08,0.21,-0.01,0.21,0.00,-0.13,0.38
 "13000","Georgia",5,SQGDP11,82,"81","   Other services (except government and government enterprises) ","Percentage points",0.10,0.01,0.04,0.12,-0.07,-0.16,0.13,-0.01,-0.10,-0.01,-0.08,-0.16,-0.12,-0.03,-0.16,-0.10,-0.15,-0.13,-0.13,-0.16,0.16,0.08,-0.03,-0.10,0.00,-0.06,-0.07,0.16,-0.08,0.06,0.02,-0.06,-0.02,-0.02,0.12,-0.10,0.19,0.12,-0.02,-0.07,0.14,-0.12,0.05,-0.05,0.01,0.03,-0.02,-0.08,0.02,0.08,0.13,-0.07,0.10,0.09,-0.02,-0.12,0.00,0.17,0.07,-0.17,-1.11,1.04,-0.04,-0.30,0.47,-0.05,-0.33,-0.21,0.01,0.03,0.05,0.00
 "13000","Georgia",5,SQGDP11,83,"..."," Government and government enterprises ","Percentage points",-0.07,-0.41,0.84,-0.44,0.00,0.26,-0.01,0.00,0.34,-0.18,-0.14,-0.07,-0.15,-0.03,-0.17,0.61,0.41,0.17,-0.65,1.26,-0.46,-0.06,-0.81,0.87,-0.48,-0.30,0.66,-0.63,0.23,-0.75,-0.28,-0.35,-0.24,-0.80,-0.36,0.36,0.08,-0.07,0.41,0.52,0.09,-0.02,-0.54,0.20,-0.24,-0.04,0.74,0.16,0.13,0.40,0.19,-0.51,0.35,-0.01,-0.33,0.01,0.31,0.57,0.48,0.07,-1.30,0.84,-0.44,0.69,0.45,-0.39,-0.13,-0.21,-0.08,0.17,0.37,0.39
 "13000","Georgia",5,SQGDP11,84,"...","  Federal civilian ","Percentage points",0.04,-0.03,0.11,-0.07,0.05,0.02,0.00,0.08,0.10,0.06,0.00,0.05,-0.02,0.02,0.05,0.17,0.18,0.03,0.04,0.14,0.20,-0.03,-0.15,0.08,0.04,-0.10,0.02,-0.13,-0.11,-0.02,-0.06,-0.04,-0.13,-0.20,-0.03,0.23,0.05,0.01,0.05,0.08,0.07,0.04,0.06,0.17,0.03,0.07,0.05,0.09,0.03,0.04,0.01,0.02,0.04,0.03,0.00,-0.11,0.22,0.08,0.05,0.12,0.18,0.27,0.00,0.01,-0.04,-0.06,-0.09,-0.01,-0.03,0.01,0.12,0.13
 "13000","Georgia",5,SQGDP11,85,"...","  Military ","Percentage points",0.11,0.20,0.12,-0.08,-0.10,0.02,0.01,0.01,0.03,0.10,0.16,0.21,0.22,0.14,0.02,0.00,0.00,0.10,0.01,0.15,-0.07,-0.13,-0.04,-0.02,-0.04,-0.04,-0.13,-0.02,-0.08,-0.07,-0.09,-0.03,-0.05,-0.10,-0.19,-0.04,-0.11,-0.06,-0.03,0.06,-0.05,-0.03,-0.02,-0.09,0.05,0.01,-0.01,-0.10,0.00,-0.01,-0.03,-0.20,0.00,-0.01,-0.08,0.03,0.12,0.09,0.05,-0.02,0.12,0.02,0.03,0.28,-0.01,-0.05,0.02,-0.09,-0.07,-0.04,0.01,0.10
 "13000","Georgia",5,SQGDP11,86,"...","  State and local ","Percentage points",-0.22,-0.58,0.61,-0.29,0.04,0.22,-0.01,-0.09,0.21,-0.35,-0.30,-0.33,-0.35,-0.19,-0.23,0.44,0.23,0.04,-0.70,0.97,-0.59,0.11,-0.62,0.81,-0.48,-0.15,0.77,-0.48,0.42,-0.66,-0.13,-0.28,-0.06,-0.49,-0.15,0.17,0.14,-0.03,0.39,0.38,0.06,-0.02,-0.58,0.11,-0.31,-0.13,0.69,0.17,0.10,0.37,0.21,-0.34,0.31,-0.02,-0.24,0.09,-0.03,0.41,0.39,-0.04,-1.61,0.55,-0.47,0.40,0.50,-0.29,-0.07,-0.12,0.03,0.20,0.24,0.16
 "15000","Hawaii",8,SQGDP11,1,"...","All industry total (percent change) ","Percent change",4.2,3.6,5.3,-1.0,3.5,2.8,-0.1,-0.3,2.0,6.6,4.1,-1.4,2.3,-5.1,-8.3,-4.9,-0.5,-2.3,1.8,4.7,2.3,6.1,2.1,0.2,-0.6,-1.1,6.5,0.8,2.6,1.4,-1.5,7.5,-2.7,1.4,1.0,-2.1,2.7,3.3,0.6,5.8,3.8,1.7,2.3,1.9,1.3,1.5,1.8,4.1,0.7,2.9,0.2,1.0,3.1,-0.4,-1.2,-4.2,0.0,2.9,0.0,-15.1,-44.7,16.0,10.8,7.4,19.1,11.3,-3.5,-4.5,0.6,3.3,1.2,3.2
 "15000","Hawaii",8,SQGDP11,2,"..."," Private industries ","Percentage points",4.73,4.80,3.20,-0.81,2.58,1.98,0.16,0.33,2.10,5.70,3.10,-2.08,1.42,-5.61,-7.91,-5.39,-0.89,-1.19,2.57,2.10,3.33,5.65,2.64,-3.17,0.17,0.07,4.33,1.55,1.56,1.66,-0.84,8.27,-2.33,1.78,1.12,-4.20,3.05,3.47,1.25,5.04,3.79,1.58,3.16,-0.87,1.99,1.90,0.70,4.87,0.94,2.82,0.62,3.24,2.80,-0.27,-1.07,-3.37,-0.37,3.05,-0.18,-15.21,-43.16,15.18,9.28,5.74,19.76,11.59,-1.42,-5.49,0.70,3.11,0.90,2.18
 "15000","Hawaii",8,SQGDP11,3,"11","   Agriculture, forestry, fishing and hunting ","Percentage points",0.08,-0.01,-0.17,0.29,0.08,-0.14,0.24,-0.90,-0.12,-0.14,0.14,-0.05,0.07,0.07,0.01,0.90,-0.19,0.13,-0.21,-0.15,0.03,-0.05,0.02,-0.33,-0.06,-0.04,0.16,-0.19,-0.04,-0.05,-0.12,-0.32,0.26,0.07,0.08,0.03,-0.21,-0.10,-0.10,0.67,0.01,-0.09,0.05,-0.04,-0.06,0.13,0.19,-0.23,0.11,0.06,-0.05,-0.17,-0.06,0.02,-0.03,-0.11,-0.01,-0.06,0.00,-0.30,0.59,-0.27,-0.24,(D),-0.28,-0.01,0.21,-0.34,-0.23,0.07,0.24,0.14
 "15000","Hawaii",8,SQGDP11,6,"21","   Mining, quarrying, and oil and gas extraction ","Percentage points",0.00,-0.04,0.02,0.07,-0.01,0.07,0.05,0.08,0.01,-0.01,-0.05,0.05,-0.06,-0.07,0.09,-0.02,0.00,0.00,0.01,-0.14,-0.01,-0.04,-0.06,-0.06,-0.02,0.01,0.00,-0.02,0.03,0.00,0.02,-0.04,-0.02,0.02,0.03,-0.01,-0.01,-0.01,-0.04,0.07,-0.05,0.03,0.05,0.06,-0.08,-0.02,-0.03,-0.01,0.00,0.01,0.01,0.02,0.04,-0.01,0.01,-0.03,0.01,-0.02,-0.01,0.03,0.01,0.02,-0.03,0.03,0.00,0.03,0.03,-0.01,-0.02,0.01,0.01,0.00
 "15000","Hawaii",8,SQGDP11,10,"22","   Utilities ","Percentage points",-0.21,-0.05,0.34,-0.15,1.17,-0.06,-0.26,-0.29,0.28,0.33,0.25,0.15,1.07,-0.36,-0.58,-1.16,0.20,0.39,-0.53,2.27,-1.10,1.31,0.23,0.43,0.62,-0.26,1.66,-0.50,0.46,-0.13,-0.37,0.69,-0.90,-0.03,-0.44,-0.17,0.10,0.46,-0.95,-0.52,-0.40,0.20,0.10,-0.29,0.42,-0.34,0.50,-0.56,0.41,-0.22,0.22,-0.21,0.20,-0.19,-0.33,-0.46,0.68,-0.59,0.96,-0.34,-0.09,-0.71,0.10,0.04,0.04,0.08,-1.35,1.81,0.20,-0.34,-0.31,-0.08
 "15000","Hawaii",8,SQGDP11,11,"23","   Construction ","Percentage points",1.11,0.66,-0.37,-0.57,0.32,0.41,-0.21,1.13,0.54,0.62,-0.66,-0.09,-0.53,-0.18,-0.59,-2.04,-0.17,-0.47,-0.31,-1.47,-0.31,-0.68,0.07,-1.35,0.51,0.56,-0.41,-0.32,0.03,0.26,0.40,-0.80,0.05,-0.36,-0.21,0.06,0.06,0.20,0.20,1.07,0.56,0.33,1.40,0.38,-0.03,0.46,-0.79,0.30,-0.70,-0.28,-0.49,0.05,-0.40,0.09,0.32,0.39,-0.34,-0.22,-0.11,-1.05,0.02,0.54,0.56,-0.72,0.47,-0.98,-1.03,-1.63,-1.35,-1.12,-0.23,-0.10
 "15000","Hawaii",8,SQGDP11,12,"31-33","   Manufacturing ","Percentage points",-0.05,-0.18,0.06,0.09,-0.12,-0.04,0.08,-0.39,0.16,0.27,0.39,0.42,0.51,-0.08,-0.50,-0.26,0.79,-0.24,0.09,-0.63,-0.53,-0.24,-0.06,0.05,-0.05,-0.33,0.02,0.31,-0.22,-0.12,-0.10,0.96,-0.10,0.36,0.07,0.04,0.45,0.15,0.05,-0.11,-0.14,0.06,-0.06,0.61,-0.18,0.08,-0.14,-0.14,0.14,-0.07,0.06,0.22,0.03,-0.53,-0.10,-0.47,-0.29,0.18,-0.12,0.02,-0.87,0.75,0.05,(D),0.50,0.03,0.12,-0.38,-0.17,0.04,0.09,-0.06
 "15000","Hawaii",8,SQGDP11,13,"321,327-339","     Durable goods manufacturing ","Percentage points",0.20,0.00,0.09,-0.04,-0.04,0.09,0.06,0.06,0.07,0.04,-0.09,0.16,-0.05,-0.01,-0.07,-0.12,-0.05,0.05,-0.02,-0.01,-0.07,0.03,0.07,0.11,0.09,-0.10,-0.01,-0.14,-0.08,0.05,0.02,0.13,0.04,0.02,-0.05,-0.12,0.04,-0.02,-0.02,-0.05,0.01,0.04,0.04,0.20,-0.06,0.02,-0.02,0.12,0.02,0.07,0.02,-0.07,0.00,-0.01,0.11,-0.05,-0.02,0.02,-0.06,-0.14,-0.26,0.37,0.06,(D),0.21,-0.05,0.02,-0.17,-0.04,-0.01,0.03,-0.04
 "15000","Hawaii",8,SQGDP11,25,"311-316,322-326","     Nondurable goods manufacturing ","Percentage points",-0.25,-0.18,-0.03,0.13,-0.08,-0.14,0.02,-0.45,0.09,0.23,0.49,0.26,0.56,-0.07,-0.43,-0.14,0.84,-0.28,0.10,-0.63,-0.46,-0.27,-0.14,-0.06,-0.14,-0.23,0.03,0.46,-0.14,-0.16,-0.12,0.84,-0.14,0.34,0.13,0.16,0.41,0.17,0.07,-0.05,-0.15,0.02,-0.11,0.41,-0.12,0.06,-0.12,-0.26,0.13,-0.13,0.03,0.29,0.02,-0.52,-0.21,-0.42,-0.27,0.15,-0.06,0.15,-0.61,0.38,-0.02,0.07,0.29,0.08,0.10,-0.21,-0.13,0.05,0.05,-0.02
 "15000","Hawaii",8,SQGDP11,34,"42","   Wholesale trade ","Percentage points",0.19,-0.08,0.39,-0.77,0.12,0.24,-0.07,-0.14,0.41,0.12,0.37,0.00,-0.01,-0.31,-0.37,-1.05,-0.24,-0.08,0.31,-0.26,0.38,0.35,0.09,-0.24,0.01,-0.08,0.59,-0.38,0.36,0.00,-0.34,0.72,-0.31,0.11,0.15,-0.36,0.47,0.73,-0.44,0.38,0.18,0.18,-0.15,-0.41,0.36,0.01,-0.01,0.79,-0.82,-0.06,0.32,-0.28,-0.08,0.17,-0.08,0.22,-0.22,-0.13,0.08,-0.09,-1.23,0.94,0.08,-0.19,1.20,-0.03,-0.07,-0.94,-0.58,-0.17,-0.01,0.02
 "15000","Hawaii",8,SQGDP11,35,"44-45","   Retail trade ","Percentage points",1.14,0.92,-0.76,-0.23,0.24,-0.15,0.49,-1.01,-0.39,0.36,0.15,-0.44,-0.36,-0.59,-1.24,0.03,-0.15,-0.59,0.95,-0.25,0.17,0.93,0.66,-0.07,0.35,0.21,0.34,0.43,-0.51,0.53,-0.36,1.06,-0.39,-0.51,0.57,-0.72,0.78,0.18,-0.19,0.45,0.16,-0.10,0.06,-0.19,0.05,0.52,-0.19,0.56,0.06,1.34,-0.47,0.61,0.06,0.72,-0.31,-0.07,0.06,0.44,-0.05,-1.54,-4.03,1.38,-0.31,1.38,-0.74,-0.40,-0.09,-1.06,0.11,0.83,1.05,0.54
 "15000","Hawaii",8,SQGDP11,36,"48-49","   Transportation and warehousing ","Percentage points",0.99,1.58,0.65,-0.14,0.42,0.27,-0.04,-0.70,0.42,-0.06,0.41,-0.81,-0.73,-1.15,0.07,-0.58,1.16,0.56,0.69,0.55,0.20,0.83,0.23,-0.44,-0.65,-0.55,0.54,0.40,-0.20,0.61,0.10,0.18,0.04,0.31,0.10,-0.61,0.08,0.17,0.15,-0.15,0.50,0.70,0.54,0.26,0.11,-0.05,0.83,0.79,0.92,-0.75,0.02,-0.17,-0.04,0.47,0.41,0.30,1.14,0.23,-1.49,-3.66,-5.90,-0.33,1.26,0.66,2.54,1.66,-0.01,0.66,-0.10,0.72,0.14,0.28
 "15000","Hawaii",8,SQGDP11,45,"51","   Information ","Percentage points",0.29,0.61,0.26,0.30,0.65,-0.03,-0.26,0.60,0.40,0.66,-0.29,-0.49,0.12,-0.12,-0.25,-0.14,0.19,-0.01,0.86,-0.54,1.03,0.55,0.43,-1.74,-1.45,0.40,-0.59,0.26,0.12,-0.05,-0.09,0.91,-0.08,0.31,-0.18,-0.05,-0.15,-0.09,0.19,0.72,0.30,0.15,0.33,-0.12,-0.43,0.80,-0.17,0.45,0.60,-0.47,-0.02,0.24,2.09,-1.15,0.16,-0.45,-0.79,0.36,-0.04,-0.35,-0.60,0.09,0.92,0.48,1.18,0.65,-0.48,0.35,0.53,0.51,0.20,0.12
 "15000","Hawaii",8,SQGDP11,51,"52","   Finance and insurance ","Percentage points",-0.28,-0.08,-0.12,0.05,-0.46,0.23,0.13,-0.58,0.81,0.30,0.05,0.04,0.64,-1.28,-1.74,3.34,-0.42,-0.58,-0.57,0.12,-0.23,0.36,0.38,0.91,0.12,-0.06,0.38,0.41,-0.68,-0.06,-0.87,-0.47,-0.59,0.04,0.31,0.46,0.97,0.15,0.10,0.46,0.23,-0.59,0.15,-0.67,0.21,0.30,0.38,-0.12,-0.25,0.08,0.67,-0.04,0.02,0.11,-0.67,0.34,0.50,-0.23,0.78,-1.43,1.14,0.52,1.48,0.95,-0.49,-0.07,0.10,-0.39,-0.07,-0.32,-0.42,-0.40
 "15000","Hawaii",8,SQGDP11,56,"53","   Real estate and rental and leasing ","Percentage points",0.98,0.57,1.22,-1.52,0.24,0.66,1.15,3.77,0.49,2.16,1.55,0.65,-0.25,-1.49,-0.35,-0.58,-0.69,0.72,0.61,2.86,0.98,0.20,-0.16,-1.21,0.46,-1.06,1.18,-0.09,0.65,1.19,-0.08,2.47,0.64,0.68,0.01,-1.82,-0.06,0.70,0.86,1.69,1.16,0.76,0.05,0.51,0.08,-0.50,-0.53,0.97,-0.05,0.28,0.06,0.18,-0.24,-0.62,-0.68,-0.83,-1.21,-0.53,-0.61,-0.33,-2.87,0.95,-0.40,0.81,1.37,1.20,0.99,0.21,0.43,0.67,-0.39,0.63
 "15000","Hawaii",8,SQGDP11,60,"54","   Professional, scientific, and technical services ","Percentage points",-0.20,0.29,0.56,0.19,0.31,-0.16,0.05,-0.06,0.20,0.36,0.59,-0.05,0.46,0.47,-0.15,-0.56,-0.48,-0.31,-0.07,-0.02,0.14,0.37,-0.03,0.37,0.15,-0.15,-0.19,0.23,0.26,0.11,-0.71,0.65,-0.60,0.17,0.20,0.02,0.20,0.24,-0.17,0.06,0.07,0.24,-0.06,0.03,0.07,-0.18,0.25,0.25,0.20,0.23,0.28,-0.13,0.14,0.10,0.06,0.03,0.00,-0.18,-0.06,-0.62,-0.74,1.02,0.24,0.39,1.15,0.71,0.09,-0.20,0.18,0.23,0.31,0.11
 "15000","Hawaii",8,SQGDP11,64,"55","   Management of companies and enterprises ","Percentage points",0.66,-0.90,0.40,-0.04,-0.23,-0.17,-0.33,0.24,-0.29,0.10,-0.14,-0.08,0.24,-0.15,-0.10,-0.35,0.22,-0.19,-0.14,0.36,-0.10,0.23,-0.41,0.57,-0.37,0.31,-0.03,0.32,0.05,-0.07,0.46,0.01,0.13,0.00,0.27,-0.03,-0.21,0.13,0.16,-0.21,0.25,0.00,-0.15,-0.11,0.41,0.07,0.19,-0.09,0.02,0.01,0.02,0.11,0.06,0.06,0.19,0.35,-0.36,0.11,0.15,-0.36,-0.10,-0.21,0.58,-0.56,0.63,0.25,0.01,0.11,0.12,0.05,0.15,-0.08
 "15000","Hawaii",8,SQGDP11,65,"56","   Administrative and support and waste management and remediation services ","Percentage points",0.53,0.21,0.05,0.29,0.02,0.23,0.16,-0.37,0.15,0.29,0.25,-0.09,0.23,0.03,-0.35,-0.14,-0.15,-0.27,-0.02,1.09,0.30,0.40,0.27,0.01,0.11,0.15,0.17,0.00,0.26,0.05,0.09,0.19,0.09,0.12,0.16,0.07,0.22,0.11,-0.11,0.19,-0.07,-0.09,-0.04,-0.03,0.06,0.21,0.22,0.02,0.18,0.08,-0.14,0.38,0.05,-0.06,0.09,-2.09,0.00,0.03,-0.26,0.36,-2.10,0.39,0.26,0.18,0.87,0.37,-0.05,0.21,0.04,0.37,-0.15,0.13
 "15000","Hawaii",8,SQGDP11,69,"61","   Educational services ","Percentage points",-0.06,-0.01,-0.01,0.04,0.05,-0.01,0.02,-0.07,0.06,0.05,0.09,0.07,0.12,0.15,0.01,0.28,-0.13,0.00,-0.05,0.08,0.05,-0.02,0.02,-0.02,-0.11,0.13,0.00,0.02,0.01,-0.05,-0.02,-0.08,-0.05,-0.05,-0.07,0.00,-0.04,-0.04,0.01,-0.21,0.02,-0.06,0.16,0.11,0.04,-0.15,-0.17,0.21,-0.17,0.12,-0.05,0.05,0.00,0.04,-0.01,0.05,0.01,-0.03,-0.14,-0.10,-0.48,0.22,-0.01,0.07,0.28,0.21,0.17,-0.24,0.02,0.03,0.12,0.00
 "15000","Hawaii",8,SQGDP11,70,"62","   Health care and social assistance ","Percentage points",0.67,0.19,-0.26,0.81,-0.53,0.39,-0.10,0.04,-0.30,0.49,0.09,0.79,0.41,0.46,0.05,0.47,-0.43,0.03,0.20,-0.56,0.36,0.44,0.00,-0.02,-0.18,0.79,0.21,-0.52,0.53,-0.70,0.82,0.24,0.14,-0.04,0.32,-0.07,0.29,0.14,0.60,0.38,0.58,-0.40,0.67,0.04,0.72,-0.45,-0.32,1.26,-0.98,1.55,-0.13,0.36,-0.01,0.34,-0.03,0.60,0.10,0.26,0.23,0.03,-2.85,5.16,0.16,-1.27,0.67,0.04,0.48,-0.49,0.09,0.28,0.28,0.22
 "15000","Hawaii",8,SQGDP11,76,"71","   Arts, entertainment, and recreation ","Percentage points",-0.25,0.18,-0.26,0.19,0.01,-0.09,-0.11,0.42,0.11,-0.09,-0.13,0.58,-0.13,-0.13,0.17,-0.03,-0.24,0.46,-0.28,-0.41,0.06,-0.09,0.39,-0.31,0.00,-0.20,0.10,0.22,0.07,-0.06,0.07,0.58,-0.06,0.31,-0.30,0.22,-0.07,-0.04,0.36,-0.49,0.13,0.07,-0.25,-0.23,-0.04,0.16,0.05,0.10,0.26,0.09,0.16,-0.13,0.12,-0.10,0.64,-0.38,0.04,0.18,0.22,-0.88,-2.35,0.64,0.24,0.80,0.45,0.82,0.42,-0.31,0.14,0.28,0.05,0.11
 "15000","Hawaii",8,SQGDP11,79,"72","   Accommodation and food services ","Percentage points",-0.89,0.95,1.03,0.13,0.23,0.32,-0.77,-1.22,-0.74,-0.10,0.14,-2.62,-0.32,-0.74,-1.92,-3.11,0.01,-0.60,1.21,-0.88,1.90,0.62,0.53,0.29,0.83,0.28,0.30,0.79,0.36,0.42,0.27,1.27,-0.57,0.22,-0.06,-1.20,0.06,0.29,0.56,0.57,0.28,0.36,0.33,-0.98,0.32,0.86,0.53,0.18,1.00,0.64,0.13,2.00,0.72,0.33,-0.71,-0.81,0.39,3.12,0.25,-3.96,-19.11,3.05,4.04,2.76,9.63,6.51,-1.07,-2.82,1.24,0.95,-0.20,0.61
 "15000","Hawaii",8,SQGDP11,82,"81","   Other services (except government and government enterprises) ","Percentage points",0.03,0.02,0.15,0.17,0.07,0.01,-0.06,-0.21,-0.09,-0.01,-0.10,-0.12,-0.04,-0.11,-0.15,-0.40,-0.17,-0.16,-0.17,0.10,0.00,0.18,0.02,-0.01,-0.09,-0.04,-0.10,0.16,0.03,-0.24,-0.01,0.03,-0.02,0.06,0.10,-0.06,0.11,0.11,0.02,0.01,0.02,-0.16,0.00,0.20,-0.05,-0.02,-0.09,0.13,-0.01,0.18,0.01,0.15,0.10,-0.05,-0.02,0.06,-0.08,0.11,0.03,-0.63,-1.63,1.03,0.33,-0.05,0.29,0.55,0.11,-0.04,0.11,0.03,-0.01,-0.01
 "15000","Hawaii",8,SQGDP11,83,"..."," Government and government enterprises ","Percentage points",-0.56,-1.16,2.10,-0.19,0.93,0.85,-0.22,-0.64,-0.11,0.93,0.98,0.64,0.86,0.53,-0.42,0.54,0.39,-1.08,-0.73,2.60,-1.01,0.43,-0.57,3.36,-0.80,-1.14,2.20,-0.78,1.01,-0.21,-0.63,-0.78,-0.34,-0.36,-0.13,2.11,-0.34,-0.17,-0.65,0.76,0.03,0.16,-0.84,2.75,-0.73,-0.40,1.06,-0.74,-0.26,0.08,-0.37,-2.29,0.27,-0.08,-0.13,-0.85,0.39,-0.13,0.20,0.09,-1.57,0.77,1.51,1.65,-0.62,-0.24,-2.12,0.97,-0.10,0.19,0.30,1.03
 "15000","Hawaii",8,SQGDP11,84,"...","  Federal civilian ","Percentage points",0.16,-0.03,0.16,-0.10,0.21,-0.12,0.12,0.15,-0.15,-0.01,0.07,-0.06,0.11,0.23,-0.11,0.31,0.24,0.35,0.30,0.35,0.50,-0.03,0.09,0.47,0.20,0.04,0.33,0.12,0.04,-0.01,-0.22,-0.41,-0.21,-0.47,-0.03,0.58,-0.04,-0.08,-0.14,0.22,0.05,0.04,0.12,0.26,0.04,0.11,0.10,0.15,-0.07,0.04,0.01,-0.03,0.15,0.10,0.01,-0.15,0.40,0.24,0.19,0.13,0.02,-0.17,0.29,0.24,0.16,0.05,-0.32,0.05,0.30,0.08,0.17,0.18
 "15000","Hawaii",8,SQGDP11,85,"...","  Military ","Percentage points",0.23,-0.12,0.58,-0.01,0.47,0.69,-0.15,-0.01,-0.03,0.64,0.77,0.16,0.52,0.35,-0.07,-0.08,0.38,-0.73,1.03,0.19,-0.43,0.09,-0.11,0.64,-0.11,-0.22,0.09,-0.06,0.63,-0.11,-0.26,-0.22,-0.26,-0.50,-0.70,0.41,-0.05,0.08,-0.15,0.58,-0.04,-0.27,-0.18,-0.28,0.02,-0.06,0.05,-0.34,-0.45,-0.14,-0.34,-1.71,-0.43,-0.06,-0.20,-0.48,0.20,-0.44,0.03,0.13,0.80,-0.43,0.13,1.35,0.20,0.53,-0.17,-0.53,-0.40,-0.26,0.39,0.73
 "15000","Hawaii",8,SQGDP11,86,"...","  State and local ","Percentage points",-0.95,-1.01,1.35,-0.07,0.25,0.27,-0.19,-0.78,0.08,0.30,0.15,0.53,0.23,-0.05,-0.24,0.30,-0.24,-0.71,-2.07,2.07,-1.08,0.36,-0.55,2.25,-0.90,-0.96,1.77,-0.85,0.33,-0.09,-0.15,-0.15,0.13,0.62,0.60,1.12,-0.25,-0.17,-0.36,-0.04,0.02,0.39,-0.78,2.77,-0.79,-0.45,0.92,-0.55,0.26,0.18,-0.04,-0.55,0.56,-0.12,0.06,-0.23,-0.21,0.07,-0.03,-0.16,-2.39,1.37,1.09,0.06,-0.98,-0.82,-1.63,1.45,-0.01,0.38,-0.26,0.12
 "16000","Idaho",7,SQGDP11,1,"...","All industry total (percent change) ","Percent change",6.5,6.6,-1.1,7.9,3.6,-7.9,4.0,2.6,1.9,3.2,7.9,0.5,8.0,-0.8,-10.0,-7.4,-9.1,2.7,-1.3,5.6,1.0,3.8,2.4,-5.6,1.0,-0.9,5.0,-3.8,1.4,1.9,-3.9,9.9,6.0,3.8,5.7,-0.4,3.3,3.8,1.8,2.6,-4.1,1.3,-0.6,12.0,3.4,4.7,-1.4,0.3,5.6,2.5,4.4,12.2,3.4,3.6,4.2,7.0,4.1,4.6,2.2,3.5,-26.2,44.4,4.3,6.9,-0.7,3.4,17.8,3.5,-0.8,3.3,3.6,3.8
 "16000","Idaho",7,SQGDP11,2,"..."," Private industries ","Percentage points",6.53,5.20,-2.44,9.23,2.05,-5.84,3.05,3.39,1.14,3.64,7.94,0.06,7.70,-0.54,-10.08,-6.62,-9.49,3.35,-1.36,6.25,1.37,4.52,2.53,-4.44,-0.32,-0.67,5.69,-4.15,1.86,0.96,-4.49,10.52,6.47,4.27,6.67,-0.35,2.78,3.45,2.49,1.40,-3.74,0.24,-0.73,12.46,3.43,2.73,-1.87,1.20,3.70,3.55,3.03,12.78,2.53,3.70,4.11,6.99,3.58,4.58,1.59,2.98,-24.28,42.94,4.09,6.83,-0.98,3.61,17.54,2.88,-0.92,2.92,3.22,3.62
 "16000","Idaho",7,SQGDP11,3,"11","   Agriculture, forestry, fishing and hunting ","Percentage points",0.83,-0.64,-0.72,2.13,1.21,-1.39,-1.62,3.32,-1.66,-1.06,-0.72,0.20,0.14,1.44,2.10,-4.18,0.48,1.74,-0.66,-0.18,0.89,-0.61,-0.46,0.61,-0.79,0.28,1.61,-2.16,0.01,1.48,-0.72,-0.91,2.72,0.45,0.47,0.97,0.63,0.66,0.48,1.25,-0.08,-0.20,-1.00,3.26,-0.42,0.37,0.59,-3.55,0.78,-0.52,-0.34,3.28,0.01,-0.87,-0.16,2.74,-0.42,-1.44,-0.42,0.53,-1.40,4.46,-1.62,-5.83,-0.22,-0.06,3.51,0.16,-1.63,-0.30,-0.11,0.54
 "16000","Idaho",7,SQGDP11,6,"21","   Mining, quarrying, and oil and gas extraction ","Percentage points",0.69,1.06,-2.22,0.09,0.26,-1.27,0.14,0.04,0.01,0.38,0.34,0.57,0.41,-0.24,2.09,-1.70,-0.22,-0.02,-0.08,2.44,-1.24,1.23,0.12,0.45,-0.83,-0.37,-1.50,-1.83,-0.11,-1.16,0.37,1.00,1.53,0.96,2.28,0.24,-0.30,0.69,-0.81,-1.10,-1.91,0.03,0.34,2.36,-1.21,-0.11,-1.22,-1.40,-0.53,-0.52,-0.22,1.15,-1.06,0.44,0.06,-0.42,0.07,-0.24,0.12,0.50,0.71,0.15,0.09,0.90,-0.64,1.40,0.14,-0.29,-0.03,0.08,0.23,0.14
 "16000","Idaho",7,SQGDP11,10,"22","   Utilities ","Percentage points",-0.27,0.21,-0.43,0.67,0.37,-0.27,0.25,-0.21,0.19,-0.04,-0.02,0.18,0.61,0.76,-1.16,0.85,-0.13,-0.28,0.13,2.73,-1.09,-0.17,0.05,0.14,0.18,0.43,0.51,-0.16,0.46,-0.47,0.05,0.27,0.11,-0.04,-0.02,-0.78,-0.14,0.24,0.20,-1.03,0.65,0.18,0.46,-0.55,0.43,0.27,0.03,0.04,-0.20,-0.09,0.01,-0.35,0.32,-0.60,-0.03,0.05,0.12,0.08,0.28,0.49,-0.18,-0.14,-0.15,-0.41,0.32,0.03,0.04,-0.05,0.11,-0.29,-0.02,-0.16
 "16000","Idaho",7,SQGDP11,11,"23","   Construction ","Percentage points",0.97,-0.10,0.71,2.12,-0.01,-0.65,-0.92,2.04,0.40,-1.48,3.50,-5.16,-0.63,-0.87,-2.14,-1.62,-1.09,0.00,-1.57,-0.01,-0.64,-0.45,-0.42,-0.48,0.54,-0.16,0.12,0.01,0.24,0.53,0.49,0.41,0.66,0.44,-0.09,-0.23,0.07,0.04,0.25,0.97,-0.84,-0.68,-0.23,1.39,-0.53,0.49,-0.24,0.51,0.11,-0.06,0.21,0.12,-0.21,0.20,0.48,0.67,0.07,0.77,0.45,0.33,-0.45,1.50,0.33,1.40,-0.24,-0.35,-0.05,0.93,-1.34,-1.04,-0.01,0.25
 "16000","Idaho",7,SQGDP11,12,"31-33","   Manufacturing ","Percentage points",4.97,-0.24,-1.92,-0.77,-4.56,-0.49,-0.95,-0.16,0.96,2.83,1.67,1.93,4.36,0.79,-2.55,-0.65,-2.57,3.85,-0.36,0.34,0.44,2.98,1.60,-2.08,0.28,-0.19,1.70,0.42,1.73,-3.42,-1.65,1.41,0.35,0.05,1.02,-0.55,-0.32,0.55,2.65,-2.40,-1.05,-0.73,-1.51,3.53,1.16,-0.25,-3.95,3.39,0.19,1.22,0.93,1.74,1.16,0.90,2.44,-2.73,1.10,2.55,-1.44,1.01,-5.20,4.95,0.67,0.33,-0.28,-0.23,3.37,-0.75,-0.65,0.49,-0.23,-0.70
 "16000","Idaho",7,SQGDP11,13,"321,327-339","     Durable goods manufacturing ","Percentage points",4.76,-0.37,-2.12,-1.96,-4.71,-1.01,-1.10,-0.73,0.94,2.24,0.86,2.03,3.29,1.75,-1.04,-0.75,-2.52,3.56,-0.85,1.97,0.04,2.55,1.32,-2.19,-0.43,-0.33,0.67,-0.32,2.12,-2.04,-1.57,0.29,0.55,0.80,1.35,0.12,-1.03,-0.11,2.67,-3.79,-0.72,-0.55,-0.78,2.63,2.14,0.30,-3.09,1.63,-0.34,0.27,0.34,2.40,0.32,0.13,1.37,-1.60,0.06,1.18,-2.00,1.69,-3.97,2.58,0.82,0.29,-0.74,-0.13,2.50,0.06,-0.03,0.39,0.10,-0.46
 "16000","Idaho",7,SQGDP11,25,"311-316,322-326","     Nondurable goods manufacturing ","Percentage points",0.21,0.14,0.20,1.19,0.15,0.52,0.15,0.57,0.03,0.59,0.82,-0.10,1.07,-0.96,-1.50,0.09,-0.05,0.29,0.49,-1.63,0.40,0.43,0.27,0.11,0.71,0.14,1.03,0.74,-0.38,-1.38,-0.09,1.12,-0.20,-0.75,-0.33,-0.66,0.70,0.66,-0.03,1.38,-0.33,-0.17,-0.73,0.89,-0.98,-0.55,-0.86,1.76,0.53,0.95,0.59,-0.66,0.84,0.77,1.07,-1.13,1.04,1.37,0.56,-0.68,-1.24,2.37,-0.14,0.05,0.46,-0.10,0.87,-0.81,-0.63,0.10,-0.33,-0.24
 "16000","Idaho",7,SQGDP11,34,"42","   Wholesale trade ","Percentage points",-0.37,0.03,0.55,0.78,-0.47,-0.26,0.82,-0.11,0.98,0.49,-0.22,-0.13,-0.02,-0.42,-0.93,-1.03,-1.27,0.05,0.81,-0.24,1.06,0.40,-0.42,0.11,-0.70,-0.02,1.74,-0.64,0.43,0.35,-0.53,0.80,0.88,0.80,0.28,-0.57,0.95,0.69,-0.30,1.17,-0.48,0.11,0.50,1.34,-0.16,0.49,0.29,-0.21,0.08,0.49,0.33,0.51,-0.24,0.45,0.18,0.47,-0.29,0.48,0.38,0.10,-0.97,3.61,0.40,0.51,0.74,-0.53,1.16,-0.61,-0.42,0.24,0.79,-0.18
 "16000","Idaho",7,SQGDP11,35,"44-45","   Retail trade ","Percentage points",-0.48,2.06,-1.25,1.77,1.60,-2.29,2.20,-0.75,-1.29,0.60,1.58,0.29,0.23,-0.73,-2.60,-0.08,-1.27,-1.38,0.64,-0.59,1.14,0.01,0.20,-1.52,0.01,-0.30,0.50,0.34,-0.77,0.89,0.12,1.61,0.13,0.09,-0.21,0.33,0.33,0.49,0.53,0.68,-0.07,0.59,0.15,0.46,1.83,-1.01,0.06,0.91,0.94,0.23,-0.32,1.56,-0.78,0.88,-0.61,2.98,-0.08,0.21,0.04,0.43,-2.99,3.58,1.30,1.77,-1.85,-1.41,1.69,-1.00,0.33,0.82,0.88,0.60
 "16000","Idaho",7,SQGDP11,36,"48-49","   Transportation and warehousing ","Percentage points",0.16,0.64,0.03,-0.20,0.50,-0.08,0.07,-0.31,0.10,-0.02,0.19,-0.01,0.04,-0.24,-0.54,-0.39,-0.05,0.01,0.27,0.08,0.13,0.29,0.00,-0.16,-0.03,0.00,0.18,0.23,-0.15,0.17,0.07,-0.08,-0.23,-0.05,0.08,0.08,0.09,0.29,0.06,-0.14,0.27,-0.01,-0.05,-0.22,0.24,-0.06,0.31,0.21,0.22,0.25,0.03,0.38,-0.28,0.23,-0.08,-0.42,0.52,-0.13,0.14,-0.14,-1.74,2.19,0.40,0.45,-0.54,0.56,0.21,-0.76,0.07,0.40,-0.12,-0.03
 "16000","Idaho",7,SQGDP11,45,"51","   Information ","Percentage points",0.15,-0.04,-0.16,0.25,0.41,0.46,-0.43,0.55,0.02,0.69,-0.18,0.73,0.65,-0.09,-0.43,-0.12,-0.34,0.15,0.25,-0.28,-0.04,0.42,0.02,-0.49,0.38,-0.26,0.10,-0.38,0.20,0.28,-0.66,0.97,0.09,0.08,-0.02,-0.24,-0.05,-0.02,0.09,0.32,0.23,0.14,0.22,-0.01,-0.02,0.13,0.11,0.20,0.02,0.34,-0.01,-0.20,0.25,-0.13,0.10,0.62,0.16,0.13,-0.07,-0.74,-0.11,0.63,0.01,0.65,0.83,0.20,0.23,1.26,0.01,0.50,0.22,0.20
 "16000","Idaho",7,SQGDP11,51,"52","   Finance and insurance ","Percentage points",-0.22,0.99,0.55,0.23,0.46,0.50,0.27,0.00,0.54,-0.02,-0.50,0.56,-0.40,-1.58,-2.41,3.21,0.05,-0.34,-0.75,0.07,-0.94,0.11,0.93,0.06,0.25,0.26,0.45,-0.01,-0.54,0.97,-1.41,1.12,-0.54,-0.19,0.19,1.16,0.81,-0.83,-0.29,0.82,-0.11,-0.31,0.20,-1.24,0.26,1.62,0.32,-0.50,-0.17,0.65,0.06,0.10,0.70,0.19,-0.74,0.52,-0.01,0.33,0.97,-0.38,1.80,1.60,2.29,0.09,-0.37,-0.18,0.47,1.31,0.20,-0.22,-0.18,-0.23
 "16000","Idaho",7,SQGDP11,56,"53","   Real estate and rental and leasing ","Percentage points",0.73,0.63,1.25,-1.34,0.56,0.70,0.97,1.04,1.10,0.98,1.37,0.88,0.84,0.01,-0.44,0.18,-2.01,-0.17,-0.29,1.35,0.40,-0.26,0.20,-1.03,0.47,-0.35,1.21,-0.21,0.68,1.01,-0.17,1.71,0.67,1.18,0.20,-0.34,-0.09,-0.44,-1.01,-0.99,-0.41,-0.28,-0.34,0.87,0.42,0.01,-0.14,0.19,0.44,0.88,1.31,1.30,0.99,1.32,0.39,0.24,0.64,0.42,0.06,0.16,-1.60,2.32,-0.13,1.83,0.42,1.41,2.06,0.68,1.47,1.18,0.32,1.59
 "16000","Idaho",7,SQGDP11,60,"54","   Professional, scientific, and technical services ","Percentage points",0.12,0.15,-0.07,1.36,-0.35,0.25,0.02,-0.68,0.29,0.40,0.60,-0.09,0.59,0.46,-0.15,-0.40,-0.57,0.22,0.03,-0.07,0.75,0.34,-0.15,-0.41,0.35,0.35,-0.27,-1.15,0.30,-0.40,-0.66,0.96,-0.56,0.03,1.01,-0.16,0.33,0.60,-0.01,0.30,0.25,0.25,0.47,-0.73,0.49,0.04,0.06,0.53,0.21,0.14,0.07,0.97,0.42,0.54,0.47,0.58,0.71,0.77,0.45,0.84,-0.61,1.97,0.71,1.36,0.57,1.12,0.87,-0.32,0.19,0.53,0.63,0.24
 "16000","Idaho",7,SQGDP11,64,"55","   Management of companies and enterprises ","Percentage points",-0.42,-0.08,0.01,0.51,1.62,-1.83,1.78,-0.46,-1.26,-0.51,-0.66,-0.02,0.44,-0.21,-0.35,-0.19,0.15,-0.26,-0.01,-0.29,-0.18,0.12,-0.28,0.61,-0.66,0.65,-0.51,0.60,-0.27,0.03,-0.27,-0.04,-0.44,-0.27,1.22,-1.06,0.16,-0.25,0.30,-0.17,-0.11,0.05,0.04,-0.21,0.26,0.08,-0.08,0.34,0.02,0.47,-0.17,0.53,0.32,0.11,0.36,0.01,0.28,-0.02,0.19,-0.04,0.31,0.04,0.27,0.23,-0.25,0.32,0.28,0.18,0.13,0.07,0.14,0.03
 "16000","Idaho",7,SQGDP11,65,"56","   Administrative and support and waste management and remediation services ","Percentage points",0.05,-0.12,0.28,0.62,-0.31,0.33,0.04,-0.73,0.30,0.33,0.12,-0.08,0.03,-0.01,-0.46,-0.16,-0.44,0.01,0.36,0.05,0.22,-0.08,0.22,-0.16,-0.12,-0.06,-0.02,0.13,0.11,0.20,-0.08,0.33,0.23,0.31,0.28,0.21,-0.02,-0.16,0.17,-0.36,-0.05,0.22,0.12,0.48,0.35,0.36,0.62,0.77,0.16,0.54,0.36,0.39,-0.03,-0.30,0.12,0.19,0.19,0.04,0.43,0.81,-0.93,1.92,-0.22,0.58,-0.07,0.52,1.13,-0.24,0.12,-0.07,0.19,0.39
 "16000","Idaho",7,SQGDP11,69,"61","   Educational services ","Percentage points",-0.04,0.03,0.23,-0.19,0.04,0.06,-0.01,0.09,-0.05,-0.07,0.04,0.07,0.02,0.08,0.07,0.11,0.00,0.02,-0.01,0.13,0.02,0.00,-0.04,0.11,-0.04,-0.03,0.01,-0.01,0.06,-0.05,0.08,-0.13,0.03,0.04,0.01,-0.08,0.00,0.05,0.01,0.10,0.01,0.04,-0.03,-0.02,-0.02,-0.05,0.07,-0.01,0.01,-0.04,0.06,0.09,0.08,0.05,0.12,0.14,0.07,0.03,0.02,0.01,-0.30,0.31,-0.07,0.12,0.01,0.13,0.01,0.22,-0.02,0.08,0.03,0.03
 "16000","Idaho",7,SQGDP11,70,"62","   Health care and social assistance ","Percentage points",0.00,0.54,0.38,0.44,0.56,0.43,0.42,-0.51,0.30,0.32,0.76,0.38,0.57,0.53,0.48,-0.04,0.39,0.08,0.06,0.11,0.31,0.07,0.28,0.51,0.34,-0.39,-0.03,0.23,-0.52,0.43,0.30,1.23,0.33,0.46,-0.11,0.29,0.13,0.48,0.05,1.31,-0.01,0.68,0.04,0.40,0.28,0.22,0.73,-0.93,0.99,-0.64,0.54,0.87,0.56,0.09,0.42,1.50,0.36,0.23,-0.03,-0.05,-4.24,6.56,-0.20,1.07,-0.23,0.20,1.11,1.25,0.20,0.45,0.23,0.70
 "16000","Idaho",7,SQGDP11,76,"71","   Arts, entertainment, and recreation ","Percentage points",-0.26,0.06,-0.03,0.32,0.07,-0.19,0.00,0.29,0.06,-0.02,-0.04,-0.04,-0.02,0.04,-0.13,0.02,-0.11,-0.08,-0.07,0.26,0.05,-0.05,0.69,-0.55,0.02,-0.25,0.03,0.06,0.11,0.01,0.03,0.00,0.03,0.00,-0.04,0.10,0.02,-0.03,0.10,-0.02,-0.08,0.02,-0.01,0.30,0.03,0.03,0.18,0.06,0.07,0.06,0.11,0.01,0.18,0.02,0.12,-0.01,-0.06,0.19,-0.12,-0.25,-1.29,0.74,0.20,0.58,-0.07,0.29,0.16,0.04,0.15,0.22,0.21,0.02
 "16000","Idaho",7,SQGDP11,79,"72","   Accommodation and food services ","Percentage points",-0.02,-0.03,0.27,0.26,0.01,0.14,0.01,-0.06,0.15,-0.06,0.10,-0.07,-0.03,-0.18,-0.41,-0.23,-0.32,-0.12,-0.05,0.41,0.06,0.08,0.07,-0.06,0.12,-0.12,-0.07,0.23,-0.06,0.06,0.11,-0.17,0.49,-0.08,0.05,0.21,0.07,0.21,0.04,0.58,0.08,0.17,-0.06,0.83,0.05,-0.03,0.51,0.43,0.20,0.07,0.09,0.09,0.08,0.15,0.40,-0.05,-0.02,0.01,-0.15,-0.36,-3.93,5.23,-0.26,1.18,0.64,-0.02,1.10,0.62,0.26,-0.14,0.03,0.25
 "16000","Idaho",7,SQGDP11,82,"81","   Other services (except government and government enterprises) ","Percentage points",-0.05,0.04,0.07,0.18,0.07,0.01,-0.02,-0.03,0.00,-0.10,0.01,-0.12,-0.12,-0.07,-0.12,-0.18,-0.17,-0.12,-0.07,-0.07,0.03,0.10,-0.08,-0.11,-0.07,-0.13,-0.06,0.13,-0.06,0.06,0.05,0.03,-0.03,0.01,0.05,0.05,0.13,0.19,-0.03,0.09,-0.02,-0.02,-0.05,0.21,0.00,0.13,-0.11,0.20,0.16,0.10,-0.02,0.24,0.05,0.04,0.08,-0.08,0.19,0.17,0.27,-0.26,-1.14,1.33,0.08,0.02,0.26,0.22,0.04,0.24,-0.06,-0.07,0.01,-0.04
 "16000","Idaho",7,SQGDP11,83,"..."," Government and government enterprises ","Percentage points",-0.07,1.37,1.32,-1.32,1.56,-2.02,0.98,-0.76,0.73,-0.41,0.01,0.44,0.28,-0.23,0.08,-0.82,0.37,-0.63,0.01,-0.62,-0.40,-0.69,-0.16,-1.15,1.28,-0.19,-0.70,0.40,-0.41,0.96,0.61,-0.57,-0.43,-0.44,-0.99,-0.06,0.53,0.40,-0.65,1.23,-0.33,1.02,0.08,-0.46,-0.01,1.97,0.51,-0.94,1.93,-1.02,1.40,-0.53,0.92,-0.12,0.05,-0.02,0.55,0.05,0.59,0.55,-1.94,1.43,0.20,0.04,0.23,-0.22,0.21,0.67,0.10,0.41,0.42,0.19
 "16000","Idaho",7,SQGDP11,84,"...","  Federal civilian ","Percentage points",-0.06,0.03,0.22,0.01,-0.16,0.33,-0.10,-0.01,-0.16,0.06,0.02,0.07,-0.02,-0.23,-0.05,0.08,0.41,-0.20,0.09,0.19,0.08,0.29,-0.39,0.02,0.16,-0.05,0.02,0.01,-0.06,-0.08,0.03,-0.04,-0.15,-0.20,0.02,0.11,0.15,0.21,0.01,0.24,0.10,0.06,0.10,0.10,0.00,0.02,0.00,0.05,0.15,0.20,0.05,0.07,-0.04,0.06,0.01,-0.11,0.25,-0.12,0.05,0.04,0.19,0.24,-0.20,0.05,0.14,-0.28,-0.10,-0.02,0.06,0.02,0.30,0.17
 "16000","Idaho",7,SQGDP11,85,"...","  Military ","Percentage points",-0.06,0.01,0.01,-0.17,0.02,0.07,0.02,0.00,-0.01,0.03,0.04,0.11,0.01,0.02,0.01,0.04,0.03,0.07,-0.02,-0.03,-0.07,-0.14,-0.12,-0.13,-0.04,0.00,0.05,-0.07,0.01,0.01,-0.04,-0.02,-0.05,-0.02,-0.05,0.01,-0.06,-0.10,-0.09,-0.07,0.00,0.02,0.01,0.13,0.03,0.02,0.00,-0.10,0.00,0.04,0.00,-0.04,0.00,0.03,-0.02,-0.04,0.07,0.00,0.03,0.00,0.08,0.01,0.00,0.11,0.02,-0.02,0.00,-0.04,0.00,0.01,0.02,0.00
 "16000","Idaho",7,SQGDP11,86,"...","  State and local ","Percentage points",0.05,1.33,1.09,-1.16,1.70,-2.42,1.06,-0.75,0.89,-0.50,-0.05,0.26,0.28,-0.02,0.12,-0.94,-0.07,-0.50,-0.06,-0.78,-0.41,-0.83,0.34,-1.05,1.17,-0.15,-0.76,0.46,-0.37,1.03,0.63,-0.51,-0.23,-0.22,-0.96,-0.17,0.45,0.29,-0.57,1.05,-0.44,0.93,-0.03,-0.70,-0.04,1.94,0.52,-0.89,1.77,-1.26,1.35,-0.55,0.96,-0.22,0.06,0.13,0.23,0.17,0.52,0.51,-2.20,1.18,0.41,-0.12,0.06,0.08,0.31,0.73,0.04,0.39,0.11,0.02
 "17000","Illinois",3,SQGDP11,1,"...","All industry total (percent change) ","Percent change",0.3,2.2,0.0,8.2,0.4,-0.3,2.7,-0.3,1.8,1.0,3.8,-5.7,3.1,-1.3,-11.0,-3.8,0.6,1.1,4.1,-3.8,4.5,4.7,1.3,0.0,2.7,-0.5,5.4,5.5,0.7,-2.1,-3.2,3.7,-2.2,0.8,3.4,-1.1,6.6,3.9,0.8,-0.3,1.6,2.2,-1.7,-2.3,0.5,-1.1,4.0,-3.3,1.5,2.5,1.9,4.7,1.4,2.4,-0.3,0.4,-0.1,2.6,-2.6,-8.3,-30.7,32.3,2.7,11.8,5.5,1.2,7.5,2.4,-2.5,2.2,0.7,0.2
 "17000","Illinois",3,SQGDP11,2,"..."," Private industries ","Percentage points",0.45,2.24,0.10,8.15,0.28,-0.12,2.71,0.20,2.08,1.11,3.65,-5.66,2.81,-1.27,-10.89,-3.32,0.17,0.88,3.76,-4.70,4.56,5.08,1.44,0.28,3.15,-0.39,5.47,5.73,0.86,-2.40,-2.78,3.54,-2.40,0.64,4.03,-0.95,6.80,4.50,0.10,0.29,1.65,3.13,-2.13,-2.02,0.56,-0.86,3.40,-3.52,1.50,2.57,2.04,4.87,1.57,2.56,-0.15,0.56,-0.59,1.81,-2.15,-8.30,-28.94,31.33,2.09,12.19,5.45,0.91,7.04,1.92,-2.33,1.88,0.45,0.13
 "17000","Illinois",3,SQGDP11,3,"11","   Agriculture, forestry, fishing and hunting ","Percentage points",-0.01,-0.18,-0.15,0.97,0.12,-0.22,0.14,0.12,-0.12,0.10,0.34,0.68,-0.08,0.05,0.25,-0.49,0.07,0.13,0.23,-0.77,0.05,-0.01,0.07,0.78,-0.49,0.30,0.33,-1.20,0.50,-0.64,-1.00,4.25,-0.34,-0.31,-0.31,-0.88,0.27,-0.31,0.47,-1.80,0.06,0.27,0.76,0.89,-0.40,-0.26,-0.06,0.28,-0.24,-0.09,-0.04,0.12,0.34,0.24,0.04,-1.10,0.20,0.19,-0.35,0.37,0.89,-0.58,0.28,0.22,0.78,-0.24,-0.81,0.25,0.20,-0.23,-0.62,1.21
 "17000","Illinois",3,SQGDP11,6,"21","   Mining, quarrying, and oil and gas extraction ","Percentage points",0.05,-0.14,0.01,0.04,-0.02,0.01,0.06,0.01,0.01,-0.05,-0.12,-0.03,-0.11,-0.02,0.23,0.05,-0.05,-0.16,-0.08,-0.17,0.12,0.25,-0.24,-0.11,0.06,0.02,0.07,0.04,0.08,-0.02,0.01,0.03,0.00,0.05,0.06,-0.08,0.05,-0.04,0.08,0.11,-0.10,0.06,-0.03,-0.03,-0.14,-0.03,-0.01,-0.01,0.09,0.01,0.00,0.02,0.00,-0.03,-0.05,-0.02,-0.03,-0.06,-0.01,0.06,-0.06,-0.04,-0.12,-0.05,-0.06,0.01,-0.01,-0.04,-0.02,0.02,0.01,0.01
 "17000","Illinois",3,SQGDP11,10,"22","   Utilities ","Percentage points",-0.54,-0.06,-0.20,-0.13,0.21,0.26,0.08,-0.71,0.42,0.10,-0.06,0.23,0.58,-0.23,-0.87,-0.12,-0.29,0.48,-0.01,0.97,-0.48,0.42,-0.38,0.19,0.51,-0.58,0.93,-0.47,0.07,-0.25,-0.07,0.04,0.02,-0.08,-0.17,0.05,0.18,0.09,-0.05,-0.51,0.76,-0.47,0.26,0.28,-0.36,0.30,-0.25,0.17,0.00,0.06,0.05,-0.03,0.29,-0.24,-0.18,0.45,-0.05,-0.32,0.31,0.31,0.00,0.10,-0.37,-0.07,0.08,-0.25,-0.09,-0.01,-0.06,-0.37,0.12,-0.08
 "17000","Illinois",3,SQGDP11,11,"23","   Construction ","Percentage points",-0.91,-0.92,-0.27,1.20,-1.00,-0.72,-0.56,-0.16,0.77,-0.23,-0.59,-0.61,-0.23,0.33,-1.35,-1.75,-1.04,0.62,-1.32,0.67,-0.05,-0.60,0.04,0.41,-0.20,-0.49,-0.85,0.40,-0.35,-0.18,0.26,0.84,0.27,0.24,-0.17,-0.20,0.11,0.13,0.53,-0.27,0.56,0.08,-0.36,0.28,-0.26,-0.34,0.24,0.63,-0.55,-0.14,0.13,-0.07,-0.54,-0.03,-0.05,0.10,0.05,-0.03,-0.15,-0.54,-0.54,0.71,-0.11,0.50,0.32,-0.58,-0.83,-0.03,-0.73,-0.63,-0.20,-0.09
 "17000","Illinois",3,SQGDP11,12,"31-33","   Manufacturing ","Percentage points",-1.31,0.80,0.70,0.44,0.20,-0.61,1.09,-0.11,1.27,0.16,-0.25,-3.49,1.70,-0.52,-2.34,-0.98,0.40,1.29,1.31,-0.35,0.37,1.01,0.66,1.33,1.04,-0.55,1.40,3.98,-1.69,-1.60,-1.06,-1.20,-1.39,0.36,1.51,-1.24,2.09,0.77,-0.90,-0.54,-2.14,2.29,-2.43,0.28,0.07,0.06,0.52,-1.55,2.04,0.48,1.51,1.92,-0.47,-0.34,0.52,-0.13,0.08,-0.09,-0.81,-1.00,-5.00,6.26,-0.41,2.11,-0.21,-0.19,2.39,1.24,-1.60,0.10,0.41,-1.32
 "17000","Illinois",3,SQGDP11,13,"321,327-339","     Durable goods manufacturing ","Percentage points",-0.85,1.27,0.65,1.25,0.12,-0.37,0.43,-0.17,0.87,0.52,-0.22,-0.84,1.49,-0.38,-1.85,-2.51,-2.18,0.41,0.91,0.68,1.80,1.92,0.43,1.01,-0.32,-0.11,1.03,1.96,-1.06,-0.21,0.32,-1.13,-1.42,-0.07,0.83,-1.39,1.17,-0.31,-1.13,0.33,-1.03,-0.01,-0.74,0.33,-0.65,0.50,0.04,-1.37,1.48,0.65,0.60,0.29,0.23,-0.58,0.24,0.74,-0.51,-0.54,0.00,-0.72,-3.09,3.62,0.65,-0.38,0.75,-0.07,1.47,0.42,-0.65,0.08,0.53,-0.69
 "17000","Illinois",3,SQGDP11,25,"311-316,322-326","     Nondurable goods manufacturing ","Percentage points",-0.46,-0.46,0.05,-0.81,0.08,-0.24,0.65,0.06,0.40,-0.35,-0.03,-2.65,0.21,-0.14,-0.48,1.54,2.58,0.88,0.40,-1.02,-1.42,-0.91,0.23,0.32,1.37,-0.44,0.37,2.02,-0.63,-1.38,-1.38,-0.07,0.03,0.43,0.68,0.15,0.92,1.09,0.23,-0.87,-1.11,2.30,-1.69,-0.05,0.72,-0.43,0.47,-0.18,0.55,-0.16,0.91,1.63,-0.70,0.24,0.28,-0.87,0.59,0.45,-0.81,-0.28,-1.91,2.64,-1.06,2.48,-0.96,-0.12,0.92,0.81,-0.95,0.02,-0.11,-0.63
 "17000","Illinois",3,SQGDP11,34,"42","   Wholesale trade ","Percentage points",0.05,-0.07,0.79,0.11,0.08,-0.12,0.36,-0.04,0.88,-0.02,1.44,-0.28,0.05,-0.22,-1.57,-1.70,-1.19,-0.20,1.01,0.00,1.04,1.08,-0.26,0.50,-0.38,-0.26,1.79,-0.14,0.51,0.50,-0.72,0.60,-0.15,-0.04,0.19,-0.25,0.63,0.95,0.14,0.21,0.69,-0.11,-0.73,-0.55,0.10,0.39,0.06,-0.44,0.02,0.29,-0.24,0.21,-0.61,0.20,-0.08,0.30,-0.93,0.22,0.13,0.54,-1.95,3.25,-0.01,1.84,-0.87,-0.67,0.42,0.73,-1.34,0.28,0.00,-0.51
 "17000","Illinois",3,SQGDP11,35,"44-45","   Retail trade ","Percentage points",0.64,0.45,-0.75,0.54,0.32,-0.77,0.20,-0.28,-0.31,-0.14,1.87,-1.54,0.28,-0.45,-0.58,-0.36,-0.32,-0.41,0.32,-0.17,0.35,-0.27,0.16,-0.12,0.04,-0.28,0.19,0.26,-0.34,0.58,-0.45,0.70,-0.20,-0.13,0.02,0.14,0.22,0.39,-0.30,0.48,0.26,0.44,0.30,-0.47,0.06,0.28,0.35,-0.25,0.18,-0.02,-0.08,0.55,-0.07,0.07,-0.07,0.39,-0.04,0.39,-0.25,-0.13,-1.78,2.38,-0.15,1.67,-1.30,-0.72,0.15,-0.42,0.01,0.36,0.41,0.49
 "17000","Illinois",3,SQGDP11,36,"48-49","   Transportation and warehousing ","Percentage points",0.19,0.73,0.57,0.88,0.78,0.31,-0.78,-0.46,-0.12,-0.38,0.45,-0.31,0.14,-0.15,-0.69,-0.36,0.26,0.01,0.13,0.15,0.46,0.50,0.67,-0.46,0.23,-0.38,0.01,0.37,-0.54,0.08,-0.18,0.48,-0.11,0.04,0.62,-0.79,0.35,0.32,0.05,-1.02,0.56,0.47,-0.18,-1.07,0.43,0.05,0.57,-0.27,0.19,0.13,0.02,0.78,-0.12,0.02,0.10,0.23,-0.09,0.02,-0.20,-0.62,-2.73,1.59,0.30,0.58,-0.13,0.64,0.34,-0.11,0.11,0.39,0.23,0.16
 "17000","Illinois",3,SQGDP11,45,"51","   Information ","Percentage points",-0.09,0.09,-0.19,-0.44,0.58,0.13,0.16,0.56,0.02,0.29,0.37,0.08,0.15,0.76,-1.16,-0.50,0.18,-0.16,1.24,-1.08,0.12,0.47,0.19,0.29,-0.03,0.16,-0.21,0.07,-0.05,-0.25,-0.09,1.14,-0.01,0.12,-0.12,-0.08,0.11,0.12,-0.23,1.23,0.10,0.25,0.29,0.50,-0.18,-0.03,-0.04,-0.33,-0.05,0.14,0.18,0.47,0.33,0.24,0.26,0.37,0.06,0.13,-0.16,0.52,-0.36,0.53,0.09,0.04,1.32,0.45,0.45,0.14,0.06,0.56,0.11,0.30
 "17000","Illinois",3,SQGDP11,51,"52","   Finance and insurance ","Percentage points",1.16,0.50,0.31,1.76,-0.07,1.28,-1.20,0.94,-0.82,-1.43,-1.74,-0.63,-2.35,-3.17,-1.97,7.17,4.12,0.87,0.65,-4.71,0.48,0.57,-1.10,-0.55,-0.10,1.23,1.12,0.32,1.87,-0.70,1.33,-5.06,0.42,-0.92,1.02,1.87,1.56,0.37,-0.11,1.33,1.57,-2.17,-0.06,-2.49,2.10,-0.66,0.46,-1.47,-2.08,1.14,-0.30,0.49,1.26,1.90,-1.45,0.42,0.18,0.29,0.01,-3.90,0.41,1.80,1.77,1.70,-0.20,-0.62,1.74,-1.19,0.42,-0.12,-0.56,-0.54
 "17000","Illinois",3,SQGDP11,56,"53","   Real estate and rental and leasing ","Percentage points",0.88,0.57,-1.10,0.97,-1.98,0.55,2.90,0.37,-0.77,1.75,0.80,0.07,1.51,0.40,0.27,-1.34,0.57,-0.95,-0.01,0.30,1.06,0.05,0.40,-1.58,1.30,-0.27,0.79,-0.34,0.25,0.52,-0.61,0.78,0.03,0.63,0.45,-0.41,0.39,0.32,0.08,0.47,-0.58,0.26,-0.31,0.47,-0.21,-0.14,-0.09,-0.39,0.71,-0.38,0.08,-0.19,0.20,0.07,0.33,0.16,-0.08,-0.25,-0.37,-1.16,-1.99,0.74,0.12,0.49,0.78,0.63,0.86,-0.02,-0.52,-0.01,-0.66,-0.36
 "17000","Illinois",3,SQGDP11,60,"54","   Professional, scientific, and technical services ","Percentage points",-0.08,-0.01,0.21,0.47,0.26,0.17,0.07,-0.58,0.69,0.46,0.75,0.27,0.73,0.76,-0.32,-1.55,-1.26,-0.29,-0.27,-0.02,0.25,0.70,0.88,-0.22,0.33,0.32,-0.33,1.28,0.34,-0.18,-1.04,1.40,-0.78,0.25,0.31,0.35,0.56,0.68,0.00,0.18,0.04,1.41,-0.35,0.62,-0.52,0.08,0.49,-0.39,0.42,0.38,0.40,0.61,1.40,-0.74,-0.32,0.41,-0.15,0.71,-0.14,-0.17,-2.51,2.19,0.83,1.05,1.06,0.74,0.64,1.11,0.26,0.74,0.66,-0.02
 "17000","Illinois",3,SQGDP11,64,"55","   Management of companies and enterprises ","Percentage points",-0.24,-0.14,-0.34,0.18,0.24,-0.06,-0.07,-0.14,-0.13,-0.11,-0.19,-0.18,-0.01,0.47,-0.33,-0.40,-0.23,0.24,0.16,0.39,-0.24,0.35,0.02,-0.08,0.20,-0.11,-0.03,0.66,-0.19,0.08,0.34,0.04,-0.17,0.15,0.02,0.20,-0.12,-0.17,-0.08,-0.46,-0.22,0.37,0.02,-0.15,-0.06,-0.14,0.20,0.13,0.41,-0.19,0.21,0.07,-0.54,0.56,0.02,-0.24,-0.10,-0.18,-0.07,0.25,-0.33,0.54,-0.13,0.09,0.26,-0.20,0.58,-0.01,0.17,0.07,0.16,0.03
 "17000","Illinois",3,SQGDP11,65,"56","   Administrative and support and waste management and remediation services ","Percentage points",0.13,0.02,0.14,-0.02,0.12,0.00,0.08,0.19,0.38,0.48,0.19,-0.33,0.02,0.05,-0.13,-1.03,-0.39,-0.16,0.09,0.75,0.21,0.12,0.31,-0.05,0.11,0.16,0.15,0.15,0.31,-0.24,0.14,-0.33,0.15,0.15,0.19,0.06,0.30,0.06,0.05,0.14,-0.26,0.04,0.05,-0.24,-0.16,0.07,0.43,0.10,0.39,0.27,0.29,-0.06,-0.02,0.34,0.24,-0.14,0.04,-0.02,-0.07,-0.27,-1.56,1.44,0.34,1.29,-0.08,0.57,0.60,0.78,0.09,0.02,-0.10,-0.10
 "17000","Illinois",3,SQGDP11,69,"61","   Educational services ","Percentage points",0.00,0.00,-0.07,0.27,0.11,0.05,0.11,-0.13,0.04,0.05,0.02,0.09,0.15,0.21,0.05,0.39,-0.06,0.03,0.12,-0.02,0.04,0.07,0.07,0.05,-0.05,0.05,-0.04,0.00,0.05,-0.05,0.03,-0.10,-0.02,-0.03,-0.02,-0.08,0.08,-0.08,0.06,-0.05,-0.02,-0.02,0.04,0.08,0.04,-0.09,0.00,-0.01,-0.15,0.00,-0.02,0.09,-0.02,0.02,0.05,-0.01,0.04,0.05,-0.15,-0.14,-0.53,0.24,-0.19,0.08,0.19,0.12,0.02,-0.05,-0.10,0.04,0.18,-0.05
 "17000","Illinois",3,SQGDP11,70,"62","   Health care and social assistance ","Percentage points",0.33,0.31,0.15,0.54,0.11,0.02,0.16,-0.26,0.13,0.15,0.25,0.48,0.29,0.56,0.07,0.20,-0.13,-0.21,0.24,-0.61,0.46,0.12,-0.10,0.04,0.02,0.34,0.38,-0.29,0.18,-0.12,0.14,0.12,0.02,0.04,0.05,-0.03,0.09,0.33,0.35,-0.03,0.49,-0.09,0.35,0.16,0.19,-0.47,0.31,0.36,-0.09,0.46,-0.20,0.65,-0.16,0.34,0.38,-0.52,0.19,0.23,-0.12,-0.10,-3.14,4.29,0.72,-0.93,0.84,-0.04,0.66,-0.21,0.28,0.33,0.43,0.58
 "17000","Illinois",3,SQGDP11,76,"71","   Arts, entertainment, and recreation ","Percentage points",0.12,0.05,0.27,-0.19,0.07,-0.11,-0.05,0.20,0.06,-0.03,-0.08,0.12,-0.01,-0.01,-0.07,-0.31,0.01,-0.04,0.05,0.04,0.14,-0.04,0.00,-0.12,0.30,-0.05,-0.12,0.45,-0.08,0.13,0.22,-0.02,0.11,-0.02,0.20,-0.04,-0.04,0.07,-0.04,0.36,-0.16,-0.08,0.15,-0.03,-0.04,0.07,0.11,-0.12,0.13,0.03,-0.07,0.04,0.21,-0.07,-0.14,0.22,-0.05,0.13,0.17,-1.17,-2.17,1.25,0.34,0.35,0.38,0.35,0.28,0.00,0.18,0.27,-0.04,0.08
 "17000","Illinois",3,SQGDP11,79,"72","   Accommodation and food services ","Percentage points",0.11,0.10,0.01,0.57,0.03,-0.18,0.05,0.60,-0.22,0.04,0.20,-0.14,0.00,-0.11,-0.37,-0.04,-0.37,0.00,0.01,0.18,0.07,0.19,0.02,0.11,0.10,0.10,-0.07,0.19,-0.03,-0.11,0.08,-0.04,-0.21,0.05,0.14,0.12,0.29,0.24,0.03,0.51,0.16,0.11,0.16,-0.42,-0.07,0.04,0.12,0.19,-0.08,-0.04,-0.01,-0.77,0.07,0.02,0.20,-0.06,0.03,0.29,-0.03,-0.70,-4.40,3.55,-1.07,1.30,1.89,0.89,-0.11,-0.20,0.26,0.03,-0.11,0.37
 "17000","Illinois",3,SQGDP11,82,"81","   Other services (except government and government enterprises) ","Percentage points",-0.04,0.13,-0.02,-0.04,0.12,-0.10,-0.06,0.06,-0.10,-0.07,-0.01,-0.13,-0.02,0.01,-0.04,-0.22,-0.11,-0.21,-0.10,-0.25,0.12,0.11,0.01,-0.13,0.18,-0.10,-0.04,0.00,-0.02,0.05,-0.12,-0.13,-0.03,0.10,0.05,0.33,-0.32,0.26,-0.02,-0.05,-0.10,0.02,-0.07,-0.14,-0.02,-0.04,-0.01,-0.15,0.16,0.01,0.12,-0.02,0.01,-0.01,0.06,-0.29,0.06,0.12,0.12,-0.46,-1.20,1.10,-0.15,-0.07,0.41,0.03,-0.26,-0.02,-0.01,0.04,0.00,-0.02
 "17000","Illinois",3,SQGDP11,83,"..."," Government and government enterprises ","Percentage points",-0.20,-0.05,-0.11,0.04,0.12,-0.16,0.01,-0.54,-0.31,-0.09,0.19,-0.07,0.32,-0.07,-0.13,-0.52,0.45,0.24,0.34,0.91,-0.08,-0.38,-0.13,-0.26,-0.50,-0.06,-0.03,-0.24,-0.13,0.28,-0.43,0.15,0.17,0.20,-0.60,-0.11,-0.23,-0.63,0.72,-0.58,0.00,-0.96,0.43,-0.28,-0.03,-0.21,0.58,0.20,-0.04,-0.06,-0.10,-0.22,-0.12,-0.12,-0.16,-0.18,0.45,0.75,-0.42,-0.03,-1.76,0.93,0.59,-0.43,0.05,0.32,0.46,0.49,-0.16,0.28,0.28,0.12
 "17000","Illinois",3,SQGDP11,84,"...","  Federal civilian ","Percentage points",0.03,-0.05,-0.07,-0.04,-0.04,-0.07,-0.02,-0.04,0.00,0.04,0.02,-0.01,-0.05,-0.03,-0.09,0.00,0.09,-0.01,0.03,0.13,0.18,-0.07,-0.07,-0.04,-0.11,-0.09,0.00,-0.02,0.00,-0.03,-0.06,-0.04,-0.07,-0.13,0.03,0.05,0.04,0.04,0.05,0.04,0.02,0.00,0.00,0.03,0.01,0.02,0.02,0.04,0.03,0.03,0.02,0.01,0.01,-0.02,-0.01,-0.10,0.04,0.02,0.01,0.04,0.08,0.37,-0.16,-0.03,-0.03,-0.08,-0.03,0.03,-0.03,-0.01,0.06,0.10
 "17000","Illinois",3,SQGDP11,85,"...","  Military ","Percentage points",-0.05,0.07,-0.01,-0.05,-0.01,-0.03,0.02,0.04,-0.02,-0.01,-0.01,0.03,0.04,0.04,0.05,-0.02,-0.01,-0.07,0.13,0.03,-0.09,-0.14,0.02,0.00,-0.11,-0.10,-0.01,-0.02,0.06,0.02,-0.07,-0.06,0.05,-0.01,-0.12,0.01,-0.12,0.06,0.01,-0.03,-0.02,-0.01,0.01,0.21,0.04,0.03,0.04,0.09,0.03,-0.13,0.02,-0.07,-0.01,-0.12,0.05,0.01,0.04,0.06,-0.03,-0.03,-0.01,0.26,0.04,0.06,0.01,-0.07,-0.07,-0.02,-0.09,0.14,-0.02,-0.24
 "17000","Illinois",3,SQGDP11,86,"...","  State and local ","Percentage points",-0.18,-0.07,-0.03,0.13,0.17,-0.06,0.02,-0.54,-0.30,-0.12,0.19,-0.09,0.33,-0.09,-0.09,-0.50,0.37,0.32,0.18,0.76,-0.17,-0.17,-0.08,-0.21,-0.28,0.14,-0.02,-0.20,-0.19,0.28,-0.30,0.25,0.19,0.34,-0.50,-0.17,-0.15,-0.73,0.66,-0.59,-0.01,-0.95,0.42,-0.52,-0.08,-0.26,0.52,0.07,-0.10,0.04,-0.15,-0.16,-0.11,0.02,-0.19,-0.08,0.37,0.67,-0.40,-0.04,-1.83,0.30,0.71,-0.47,0.07,0.47,0.56,0.48,-0.04,0.15,0.25,0.26
 "18000","Indiana",3,SQGDP11,1,"...","All industry total (percent change) ","Percent change",4.3,2.2,0.3,3.8,1.0,1.0,2.4,0.0,7.1,3.7,4.3,-2.4,-0.8,-7.9,-14.0,-16.6,-0.7,3.8,13.0,6.0,7.9,5.0,0.7,-3.7,0.3,-0.9,4.9,0.2,1.0,-1.8,-4.9,14.8,-3.8,4.4,1.1,5.2,6.6,2.1,-3.1,-5.0,2.3,-1.9,1.2,1.6,3.9,3.6,2.3,-1.3,1.8,1.8,5.7,6.4,1.4,1.9,0.1,-2.0,1.7,2.4,0.5,-3.8,-34.5,48.4,2.9,6.5,5.4,-0.7,7.1,4.0,-3.3,-0.3,1.4,1.0
 "18000","Indiana",3,SQGDP11,2,"..."," Private industries ","Percentage points",2.78,1.75,-1.11,1.14,-0.28,1.00,3.83,2.86,8.86,4.59,4.50,-3.65,-1.21,-8.44,-13.65,-16.33,-0.69,3.89,12.86,6.51,7.73,6.06,-0.18,-2.06,-1.05,-0.98,5.43,0.13,1.57,-1.71,-4.24,15.51,-3.26,4.22,0.60,4.19,5.77,1.92,-3.37,-3.89,1.97,-2.35,1.57,1.34,3.57,3.34,2.23,-1.78,1.60,1.42,5.06,6.75,0.85,1.97,0.31,-1.60,1.64,2.03,0.05,-4.03,-32.97,46.86,3.33,6.86,5.17,-0.64,6.57,4.15,-3.14,-0.30,1.64,0.55
 "18000","Indiana",3,SQGDP11,3,"11","   Agriculture, forestry, fishing and hunting ","Percentage points",0.28,0.09,0.23,0.60,-0.19,-0.35,0.30,0.11,-0.26,-0.11,0.48,1.27,-0.16,-0.54,0.60,-0.71,0.18,0.77,0.49,-1.20,-0.11,0.00,-0.07,0.94,-0.74,0.45,-0.43,-0.57,0.67,-0.70,-0.89,5.91,-0.20,-0.78,0.00,-1.41,0.50,-0.49,0.37,-1.67,0.18,0.43,0.44,0.35,0.01,-0.25,-0.37,0.93,-0.78,-0.29,0.03,-0.23,0.61,0.54,0.17,-1.72,0.11,0.73,-0.52,(D),-0.90,-0.26,0.40,(D),1.44,0.32,-0.90,0.93,0.53,-0.33,-0.71,1.49
 "18000","Indiana",3,SQGDP11,6,"21","   Mining, quarrying, and oil and gas extraction ","Percentage points",0.02,-0.26,-0.06,0.17,0.01,-0.01,0.05,0.03,-0.05,0.06,-0.11,-0.12,-0.06,-0.03,0.35,-0.04,0.00,-0.11,0.02,-0.12,0.19,0.07,0.00,-0.09,0.05,0.02,0.04,0.06,-0.06,-0.05,-0.06,0.43,-0.12,0.04,0.10,-0.10,-0.02,-0.10,-0.06,-0.02,-0.10,0.12,0.03,0.08,-0.18,-0.04,-0.04,0.05,0.12,0.04,0.08,-0.15,-0.03,-0.10,-0.09,-0.03,-0.05,-0.08,0.00,(D),-0.09,-0.06,-0.15,(D),-0.06,0.07,0.01,0.02,-0.03,0.04,0.04,0.01
 "18000","Indiana",3,SQGDP11,10,"22","   Utilities ","Percentage points",0.03,0.37,0.24,-0.67,1.24,-0.45,-0.27,-0.44,0.23,0.19,-0.04,0.22,0.56,-0.02,-0.92,0.20,-0.08,0.30,0.50,0.28,0.29,0.66,-0.21,-0.57,0.84,-0.32,0.60,-0.37,0.27,0.26,-0.33,0.27,-0.26,0.01,-0.09,0.02,-0.24,-0.05,-0.13,-0.49,0.30,0.18,0.15,-0.16,0.26,0.38,0.05,-0.40,-0.23,0.03,-0.01,-0.01,0.04,-0.30,0.12,-0.03,0.36,-0.27,0.42,-0.29,0.12,-0.05,0.02,-0.64,0.62,0.04,-0.30,-0.15,0.16,-0.29,-0.08,-0.09
 "18000","Indiana",3,SQGDP11,11,"23","   Construction ","Percentage points",-0.23,-0.49,-0.07,-0.20,-0.73,-0.25,-0.08,0.14,0.71,-0.31,-0.35,-0.70,-0.06,0.17,-0.77,-1.65,-0.35,-0.15,-0.67,-0.12,0.79,0.09,-0.17,-0.18,0.78,0.67,0.55,0.55,0.43,-0.05,-0.20,0.24,-0.71,-0.42,-0.21,-0.42,0.17,-0.08,0.10,-0.48,0.62,0.08,0.06,0.13,0.18,0.00,0.65,0.49,-0.11,0.18,0.34,-0.02,-0.02,0.23,0.02,0.30,-0.08,0.01,0.07,0.04,-1.00,1.16,0.56,0.52,-0.43,-0.20,-0.65,0.16,-0.96,-0.92,0.06,-0.08
 "18000","Indiana",3,SQGDP11,12,"31-33","   Manufacturing ","Percentage points",-1.01,-0.95,0.36,-0.50,-1.86,3.24,3.13,4.63,6.55,3.93,3.37,-2.13,-0.69,-6.40,-7.56,-13.87,-0.42,3.09,8.95,7.47,3.17,3.90,-1.43,-0.14,-3.04,-3.26,1.66,-2.11,-1.19,-1.81,0.22,6.86,0.14,2.97,-0.53,2.45,2.25,-0.40,-3.22,-3.05,0.15,-3.31,-0.70,3.03,1.08,1.44,-0.24,-2.35,2.29,-0.82,2.98,3.10,-0.23,-0.08,-0.40,-0.10,0.64,-0.27,-0.09,-0.62,-14.52,19.80,0.65,4.79,0.44,-1.92,2.77,2.33,-3.51,-1.06,0.74,-1.83
 "18000","Indiana",3,SQGDP11,13,"321,327-339","     Durable goods manufacturing ","Percentage points",-0.21,-0.73,1.86,-0.98,-0.21,0.68,1.35,2.88,3.06,2.14,-0.52,-2.28,-1.07,-3.99,-5.34,-11.91,-2.21,2.91,6.80,6.48,8.16,4.50,-1.12,-1.25,-3.11,-1.38,1.20,1.69,0.18,-0.34,1.30,0.91,-0.08,0.91,0.01,-1.33,1.23,1.23,-0.33,0.96,2.53,-1.51,0.53,0.96,0.22,0.27,0.00,0.13,-0.79,1.11,0.76,2.47,-0.50,0.23,0.24,0.04,0.85,-0.75,-0.55,-0.06,-11.20,15.58,1.71,3.88,2.16,-1.33,1.89,3.54,-2.04,-0.65,0.57,-1.51
 "18000","Indiana",3,SQGDP11,25,"311-316,322-326","     Nondurable goods manufacturing ","Percentage points",-0.80,-0.22,-1.51,0.47,-1.64,2.56,1.78,1.75,3.49,1.79,3.88,0.15,0.38,-2.41,-2.22,-1.96,1.79,0.18,2.16,0.99,-4.99,-0.60,-0.31,1.12,0.07,-1.88,0.46,-3.80,-1.37,-1.47,-1.08,5.95,0.23,2.06,-0.54,3.78,1.01,-1.63,-2.89,-4.02,-2.38,-1.80,-1.23,2.07,0.86,1.18,-0.24,-2.49,3.09,-1.94,2.21,0.62,0.27,-0.31,-0.65,-0.14,-0.21,0.48,0.46,-0.56,-3.32,4.22,-1.06,0.91,-1.72,-0.59,0.88,-1.21,-1.47,-0.41,0.17,-0.32
 "18000","Indiana",3,SQGDP11,34,"42","   Wholesale trade ","Percentage points",0.13,0.13,0.39,0.07,0.00,-0.22,-0.04,-0.19,0.59,0.16,0.69,-0.14,0.15,-0.10,-1.08,-1.61,-0.96,-0.16,0.84,0.29,0.77,0.62,-0.37,0.30,-0.27,0.15,1.17,-0.60,0.71,-0.15,-0.48,0.64,-0.20,0.22,0.20,-0.40,0.46,0.91,-0.12,0.09,0.36,0.16,-0.10,-0.81,0.26,0.07,0.32,-0.40,-0.20,0.18,0.36,0.87,-0.30,0.35,-0.35,0.03,-0.56,0.06,0.32,0.11,-1.23,2.84,-0.04,0.06,0.44,-0.40,0.60,-0.19,-0.41,0.47,0.44,-0.17
 "18000","Indiana",3,SQGDP11,35,"44-45","   Retail trade ","Percentage points",0.38,0.60,-0.87,0.29,0.25,-0.88,0.26,-0.39,-0.66,-0.20,0.32,-0.12,-0.06,-0.20,-0.58,0.14,-0.09,-0.35,0.71,-0.25,0.97,-0.45,-0.13,0.08,-0.10,0.09,0.31,-0.32,-0.44,0.48,0.06,0.58,-0.28,-0.11,-0.03,0.31,0.33,0.00,-0.32,0.42,0.27,0.33,-0.04,0.66,0.08,0.38,0.21,-0.51,0.30,0.24,0.10,0.00,-0.11,0.28,-0.01,-0.27,0.19,0.23,0.06,-0.73,-0.79,2.00,0.03,0.92,-0.80,-0.85,0.45,-0.79,0.06,0.36,0.46,0.47
 "18000","Indiana",3,SQGDP11,36,"48-49","   Transportation and warehousing ","Percentage points",0.28,0.98,0.14,0.28,0.26,-0.03,-0.09,-0.55,0.22,-0.24,0.47,-0.36,0.20,-0.27,-0.57,-0.84,0.16,-0.02,0.39,-0.24,0.36,0.37,0.48,-0.53,0.16,0.01,-0.13,0.34,-0.11,0.03,-0.14,0.14,-0.13,0.17,0.11,-0.04,-0.02,0.36,-0.08,-0.43,0.26,0.26,0.16,-0.53,0.41,0.11,0.08,0.30,0.07,0.01,0.19,0.17,-0.06,-0.05,-0.12,-0.19,0.11,0.15,0.39,0.10,-2.06,3.21,0.04,0.12,-0.97,0.48,0.17,-1.03,0.13,0.32,0.28,0.10
 "18000","Indiana",3,SQGDP11,45,"51","   Information ","Percentage points",0.20,0.07,-0.24,0.08,0.32,0.23,-0.16,0.17,0.27,0.27,0.05,0.19,0.23,0.07,-0.26,-0.32,0.32,-0.24,0.11,-0.27,0.03,0.30,0.22,-0.70,0.09,0.17,-0.25,0.54,0.12,-0.27,-0.19,0.86,-0.12,0.13,-0.23,-0.01,0.10,-0.05,0.06,-0.04,0.14,0.07,0.14,-0.07,0.08,0.06,-0.14,0.18,-0.11,0.18,-0.01,-0.15,-0.02,-0.05,0.18,-0.11,0.17,0.03,-0.12,-0.30,-0.01,0.48,-0.29,0.11,0.48,0.01,0.39,0.01,0.04,0.25,0.09,0.13
 "18000","Indiana",3,SQGDP11,51,"52","   Finance and insurance ","Percentage points",0.65,-0.05,-0.91,0.49,0.05,0.73,0.53,0.32,1.52,-0.20,-1.15,-1.35,-1.69,-1.81,-2.42,5.01,1.78,0.42,-0.01,-0.55,-1.04,-0.12,0.26,-0.23,-0.11,0.15,0.51,0.82,-0.09,-0.21,-1.32,-2.36,-0.51,0.56,1.54,3.02,1.83,0.67,0.17,0.83,-0.09,-1.02,0.83,-1.66,0.85,0.87,0.59,-1.26,-0.45,0.13,0.03,0.85,-0.12,0.70,-0.36,0.84,0.41,0.42,-0.44,-2.64,0.25,-0.29,1.08,0.93,0.18,0.27,0.66,-0.27,0.37,-0.02,-0.07,-0.26
 "18000","Indiana",3,SQGDP11,56,"53","   Real estate and rental and leasing ","Percentage points",1.48,0.15,-0.22,-1.10,-0.28,0.20,0.28,-0.54,0.12,0.37,0.05,-1.50,-0.39,-0.76,0.01,0.30,-0.13,0.63,0.52,0.40,0.77,0.06,0.47,-0.77,0.67,0.13,1.08,0.07,0.65,0.40,-0.50,0.53,-0.12,0.42,-0.23,0.03,-0.48,0.15,-0.18,0.02,-0.24,-0.13,-0.27,-0.29,-0.16,-0.05,0.02,0.64,0.56,0.22,0.53,0.70,0.34,0.24,0.42,-0.13,0.18,0.26,-0.33,-0.48,-1.00,1.32,-0.07,0.08,0.69,0.03,0.52,0.11,-0.17,0.14,-0.38,-0.11
 "18000","Indiana",3,SQGDP11,60,"54","   Professional, scientific, and technical services ","Percentage points",-0.16,0.15,0.14,0.09,0.27,-0.02,0.08,0.26,-0.14,0.39,0.41,0.83,0.11,0.36,-0.13,-0.60,-0.46,-0.24,0.08,0.33,0.25,0.34,0.16,0.50,-0.31,0.11,0.34,-0.09,0.25,0.22,-0.62,0.55,-0.10,0.55,-0.21,-0.19,0.27,0.30,-0.03,0.33,0.27,-0.08,0.35,0.56,-0.26,0.10,0.27,0.24,0.04,0.49,-0.24,0.66,0.29,0.06,0.64,-0.34,0.16,0.31,-0.02,-0.02,-0.77,1.54,0.24,0.02,1.23,0.63,0.59,0.21,0.07,0.27,0.62,-0.14
 "18000","Indiana",3,SQGDP11,64,"55","   Management of companies and enterprises ","Percentage points",0.15,-0.13,-0.24,0.09,0.39,-0.51,-0.06,0.13,-0.36,0.07,0.03,0.00,0.10,0.12,-0.20,-0.52,0.14,0.14,0.09,-0.27,0.28,0.06,0.23,0.01,-0.13,0.08,0.03,0.12,0.10,-0.03,0.05,0.16,0.05,0.48,-0.29,0.30,0.06,-0.04,0.05,0.05,0.07,0.12,0.04,0.02,0.29,0.04,0.00,0.01,-0.06,0.16,0.36,-0.12,-0.01,0.18,-0.33,0.58,-0.11,-0.13,-0.21,-0.04,0.00,0.53,0.33,-0.02,0.48,-0.37,0.32,0.53,0.12,0.05,0.16,-0.02
 "18000","Indiana",3,SQGDP11,65,"56","   Administrative and support and waste management and remediation services ","Percentage points",-0.02,0.02,0.04,0.31,0.05,-0.09,0.01,-0.03,0.29,0.19,0.07,0.05,0.02,0.00,-0.34,-0.59,-0.43,0.08,0.57,0.51,0.34,0.21,0.08,0.28,0.03,0.07,0.07,0.38,0.05,-0.06,-0.15,0.16,0.00,0.20,0.22,0.03,0.23,0.07,-0.04,-0.20,-0.10,-0.03,0.01,-0.22,-0.02,0.21,0.23,0.18,0.10,0.14,0.14,0.32,-0.08,0.02,0.15,0.09,0.10,-0.04,0.05,-0.05,-1.63,1.86,0.38,0.76,0.01,0.52,0.55,0.57,0.13,-0.12,-0.24,0.21
 "18000","Indiana",3,SQGDP11,69,"61","   Educational services ","Percentage points",0.04,0.10,0.02,0.12,0.03,-0.03,-0.07,-0.04,0.01,0.05,0.01,0.04,0.10,0.14,0.06,0.19,-0.05,0.02,0.09,-0.02,0.09,-0.06,0.09,-0.06,0.03,0.04,-0.11,0.12,0.02,-0.12,0.01,-0.07,-0.03,0.02,0.04,-0.01,0.02,0.04,-0.05,-0.04,-0.02,0.03,0.06,0.05,0.02,-0.07,-0.01,-0.11,-0.05,0.01,0.05,0.00,0.07,0.00,0.01,0.04,0.03,0.01,-0.15,-0.18,-0.39,0.16,-0.06,0.11,0.12,0.14,0.12,-0.09,-0.10,-0.01,0.01,0.00
 "18000","Indiana",3,SQGDP11,70,"62","   Health care and social assistance ","Percentage points",0.70,0.78,-0.08,0.61,0.12,-0.20,0.09,-0.50,0.00,0.16,0.33,0.60,0.45,0.55,0.46,-0.47,0.04,-0.08,0.31,-0.32,0.62,-0.10,0.28,-0.60,0.66,0.44,0.09,0.37,0.03,0.40,0.34,0.21,-0.20,-0.13,0.10,0.36,-0.22,0.54,0.04,0.74,0.03,0.38,0.36,0.39,0.50,-0.05,0.51,0.11,0.49,0.33,-0.04,0.42,0.04,0.07,0.13,0.39,0.19,0.31,0.32,0.04,-3.49,6.10,0.55,-0.90,0.04,0.16,1.29,1.27,0.17,0.39,0.43,0.53
 "18000","Indiana",3,SQGDP11,76,"71","   Arts, entertainment, and recreation ","Percentage points",-0.18,0.09,0.03,0.02,-0.02,-0.25,-0.02,0.10,-0.06,0.10,-0.12,-0.08,-0.04,0.25,0.08,-0.22,0.07,-0.11,-0.08,0.41,-0.19,-0.07,0.10,-0.44,0.33,0.09,-0.03,0.00,0.21,-0.08,-0.09,0.44,-0.28,-0.07,-0.04,0.12,0.09,-0.10,0.08,-0.03,-0.31,0.11,0.07,-0.42,0.25,0.10,0.08,0.02,-0.15,0.08,-0.01,-0.02,0.34,-0.16,0.00,-0.07,-0.10,0.13,0.30,-0.67,-1.61,1.44,0.17,0.02,0.13,0.19,-0.12,0.13,0.15,0.19,0.03,0.06
 "18000","Indiana",3,SQGDP11,79,"72","   Accommodation and food services ","Percentage points",0.03,0.01,0.00,0.40,-0.14,-0.02,-0.02,-0.18,-0.06,-0.18,0.08,-0.22,0.09,0.02,-0.22,-0.38,-0.15,-0.01,-0.09,0.28,0.05,0.06,-0.11,0.29,0.05,-0.01,-0.02,0.55,-0.07,0.03,0.04,0.03,-0.14,-0.06,0.09,0.16,0.24,0.12,-0.03,0.23,0.09,0.03,-0.01,0.27,-0.08,-0.01,0.08,0.12,-0.16,0.00,0.09,0.27,0.04,0.03,0.16,-0.79,-0.08,0.02,-0.06,-0.58,-2.50,3.52,-0.64,0.95,0.84,0.07,0.04,0.32,0.09,-0.10,-0.16,0.20
 "18000","Indiana",3,SQGDP11,82,"81","   Other services (except government and government enterprises) ","Percentage points",0.01,0.10,-0.01,0.00,-0.06,-0.07,-0.10,-0.18,-0.06,-0.12,-0.10,-0.15,-0.08,0.00,-0.16,-0.32,-0.26,-0.09,0.04,-0.11,0.10,0.11,-0.06,-0.16,-0.04,-0.06,-0.06,0.28,0.00,0.00,0.01,-0.06,-0.07,0.01,0.05,-0.02,0.22,0.07,0.02,-0.14,0.09,-0.08,0.01,-0.05,-0.01,0.06,-0.05,-0.04,-0.05,0.08,0.10,0.11,0.05,0.01,-0.02,-0.08,-0.02,0.16,0.04,-0.05,-1.34,1.56,0.11,-0.28,0.29,0.16,0.05,0.09,0.01,0.08,-0.06,0.04
 "18000","Indiana",3,SQGDP11,83,"..."," Government and government enterprises ","Percentage points",1.55,0.41,1.38,2.61,1.32,0.05,-1.45,-2.82,-1.77,-0.88,-0.16,1.27,0.42,0.51,-0.39,-0.30,-0.04,-0.06,0.11,-0.48,0.14,-1.10,0.90,-1.62,1.39,0.10,-0.58,0.05,-0.61,-0.08,-0.66,-0.75,-0.49,0.22,0.53,1.06,0.83,0.13,0.23,-1.14,0.38,0.48,-0.32,0.27,0.33,0.27,0.07,0.46,0.18,0.34,0.68,-0.36,0.58,-0.08,-0.22,-0.43,0.07,0.32,0.48,0.26,-1.54,1.49,-0.43,-0.38,0.26,-0.02,0.53,-0.20,-0.18,0.02,-0.22,0.43
 "18000","Indiana",3,SQGDP11,84,"...","  Federal civilian ","Percentage points",-0.05,-0.01,0.06,-0.04,0.04,0.01,0.00,-0.01,0.01,0.06,0.00,0.04,-0.04,-0.02,-0.07,0.05,0.16,-0.13,0.15,0.17,0.19,-0.17,-0.11,-0.10,-0.10,0.00,0.05,-0.03,0.01,0.01,-0.06,-0.05,-0.12,-0.16,-0.02,0.15,0.05,0.03,0.05,0.07,0.07,0.07,0.03,0.03,0.04,0.06,0.05,0.05,0.03,0.03,0.03,0.04,0.03,0.01,0.00,-0.08,0.12,0.08,0.06,0.11,0.09,0.36,-0.26,-0.06,-0.09,-0.06,-0.04,-0.01,-0.06,-0.04,0.05,0.09
 "18000","Indiana",3,SQGDP11,85,"...","  Military ","Percentage points",0.03,0.05,0.05,-0.18,0.01,0.02,0.01,-0.01,-0.02,0.04,0.01,0.09,0.03,0.03,0.00,0.09,-0.01,-0.02,0.01,-0.05,-0.05,0.01,-0.04,-0.11,0.01,-0.01,0.00,-0.12,-0.03,0.01,-0.04,-0.01,-0.01,-0.03,-0.04,-0.08,0.00,0.02,0.02,-0.13,0.02,0.01,0.04,-0.04,0.00,0.00,0.00,-0.05,0.00,0.01,0.00,-0.03,0.00,0.00,-0.01,-0.02,0.03,0.00,0.00,-0.03,0.02,0.01,0.01,0.05,0.01,-0.01,0.00,0.28,-0.14,-0.04,0.00,-0.02
 "18000","Indiana",3,SQGDP11,86,"...","  State and local ","Percentage points",1.56,0.38,1.27,2.83,1.28,0.01,-1.46,-2.79,-1.76,-0.98,-0.17,1.14,0.43,0.50,-0.33,-0.43,-0.20,0.09,-0.05,-0.60,0.00,-0.94,1.06,-1.41,1.48,0.12,-0.63,0.19,-0.59,-0.10,-0.56,-0.69,-0.36,0.41,0.58,0.99,0.78,0.07,0.16,-1.08,0.29,0.40,-0.39,0.28,0.29,0.21,0.02,0.47,0.15,0.30,0.66,-0.37,0.56,-0.09,-0.21,-0.33,-0.09,0.23,0.42,0.18,-1.65,1.12,-0.17,-0.37,0.34,0.06,0.58,-0.47,0.02,0.11,-0.27,0.36
 "19000","Iowa",4,SQGDP11,1,"...","All industry total (percent change) ","Percent change",1.3,2.8,-4.1,5.0,2.8,-2.5,5.2,6.3,9.0,1.4,1.6,-3.4,-2.1,-7.5,-11.2,-2.6,2.4,5.8,5.9,-2.3,5.5,1.5,2.3,-4.1,2.4,3.2,12.7,3.9,5.4,-2.1,-7.7,4.4,-2.5,4.6,3.8,4.0,12.6,5.5,-0.1,3.8,0.9,1.3,0.1,-1.8,-3.8,4.5,-0.8,-0.4,1.3,-2.3,4.7,2.9,2.0,-0.9,-1.2,-6.2,3.1,8.6,4.9,-7.5,-29.1,36.9,11.6,16.6,-3.9,-14.4,1.6,2.5,-0.8,0.3,-1.2,5.2
 "19000","Iowa",4,SQGDP11,2,"..."," Private industries ","Percentage points",0.52,2.76,-4.27,5.17,2.58,-2.65,5.61,6.51,8.73,1.26,1.44,-3.77,-2.18,-8.00,-10.97,-3.57,2.14,5.71,5.42,-2.24,5.66,0.98,2.88,-3.70,2.80,2.49,12.63,4.29,4.79,-2.05,-7.52,4.57,-2.59,4.61,3.66,3.70,12.30,5.57,-0.15,3.84,0.70,1.42,-0.36,-2.35,-3.91,4.12,-0.71,-0.39,1.45,-2.71,4.62,3.02,1.66,-0.91,-0.90,-5.74,2.74,8.57,4.51,-7.63,-27.07,35.72,10.82,17.35,-4.20,-14.85,1.66,2.61,-0.78,0.13,-1.33,4.96
 "19000","Iowa",4,SQGDP11,3,"11","   Agriculture, forestry, fishing and hunting ","Percentage points",0.41,-1.04,-0.91,1.41,1.26,-0.96,-0.47,1.40,-0.68,-1.02,1.06,4.10,-0.76,-1.24,1.26,-1.21,0.59,1.64,0.35,-3.75,1.20,0.35,-0.82,6.47,-2.50,0.18,2.28,-2.55,1.82,-2.23,0.19,3.66,2.64,0.61,-0.19,-2.80,1.53,-0.16,-0.49,-1.33,0.52,0.83,0.25,-0.16,0.21,-0.56,-2.03,2.35,0.94,-1.71,-0.26,3.62,-0.69,-1.18,-0.29,-5.37,3.01,3.56,4.46,-6.23,-6.74,5.25,8.27,8.39,-4.88,-13.72,-6.16,2.10,1.14,-0.43,-2.49,4.74
 "19000","Iowa",4,SQGDP11,6,"21","   Mining, quarrying, and oil and gas extraction ","Percentage points",0.03,-0.10,-0.01,0.07,0.04,-0.06,-0.06,0.12,-0.19,-0.03,0.00,0.07,-0.01,-0.03,0.06,-0.16,-0.08,-0.05,-0.14,0.00,0.15,0.00,-0.02,-0.15,0.02,-0.01,0.07,0.06,0.04,-0.02,-0.02,0.01,-0.03,0.04,0.06,0.01,0.05,0.01,0.02,0.01,-0.01,0.00,-0.02,-0.01,-0.07,0.00,0.01,0.11,0.10,0.04,0.02,-0.06,0.01,0.02,0.05,0.07,0.04,0.03,-0.07,0.04,-0.01,-0.03,0.01,0.03,0.11,0.16,0.09,-0.06,-0.08,0.03,0.10,-0.01
 "19000","Iowa",4,SQGDP11,10,"22","   Utilities ","Percentage points",-0.25,0.14,0.03,0.19,0.89,-0.29,-0.07,0.64,-0.24,-0.32,-0.14,1.58,0.97,-0.21,-1.44,-0.29,0.54,-0.50,0.92,-1.32,0.83,-0.06,0.34,-2.23,0.78,0.01,0.31,0.01,-0.14,0.31,0.44,-0.32,-0.06,-0.06,-0.64,0.42,-0.31,0.35,-0.43,-0.17,0.16,0.56,-0.20,0.22,0.03,0.43,0.26,-0.71,0.59,-0.78,0.44,-0.34,0.51,-0.54,0.34,-0.04,0.39,-0.55,0.39,0.55,-0.19,0.29,-0.59,-0.05,0.07,-0.19,-0.25,0.30,0.05,-0.36,-0.01,-0.07
 "19000","Iowa",4,SQGDP11,11,"23","   Construction ","Percentage points",-0.09,-0.06,-0.50,1.04,-0.66,-0.64,-0.38,0.39,-0.02,0.01,-0.16,-0.69,0.28,1.19,-0.91,-0.44,-0.31,0.26,-0.66,-0.03,0.29,-0.60,0.45,-0.37,0.58,0.60,0.13,0.10,0.27,-0.28,0.35,-0.13,-0.14,0.77,-0.16,-0.11,0.83,0.13,0.50,0.54,-0.26,-0.39,0.10,1.09,0.00,0.24,-0.29,-0.27,-1.34,-0.37,0.52,0.15,-0.12,0.17,-0.14,-0.36,0.16,0.26,-0.32,-0.14,-0.43,0.05,0.65,-0.23,0.47,-0.40,-0.38,-0.09,-0.95,-0.92,0.09,0.45
 "19000","Iowa",4,SQGDP11,12,"31-33","   Manufacturing ","Percentage points",-0.17,-0.49,0.92,6.11,0.06,-1.15,0.30,-1.56,0.58,2.06,2.10,-2.23,1.58,-1.82,-3.37,-10.44,0.68,3.09,3.85,-0.13,2.28,0.24,-1.51,-2.87,0.41,0.14,3.61,3.47,1.83,-1.65,-2.79,1.45,-1.36,0.21,1.36,2.54,3.84,1.73,0.69,0.05,-1.52,-1.77,-3.47,-2.01,-4.91,0.24,-0.39,2.07,2.59,1.90,1.80,-0.70,0.99,0.55,0.96,-2.37,0.08,2.88,-1.90,2.07,-7.76,10.06,0.64,3.11,-0.76,-0.67,3.78,0.39,-1.16,0.20,0.67,-0.76
 "19000","Iowa",4,SQGDP11,13,"321,327-339","     Durable goods manufacturing ","Percentage points",1.02,0.13,1.00,1.13,0.34,-0.81,0.16,-0.72,0.44,1.07,-0.07,-0.21,-0.85,-0.71,-3.45,-4.05,-2.01,0.72,1.44,2.75,2.25,1.61,-1.58,-2.45,0.33,1.24,5.21,3.46,3.85,-0.08,-2.93,-3.25,-3.11,-0.54,1.70,3.95,3.00,1.84,-0.46,-0.95,-1.11,-1.79,-2.15,-2.13,-2.71,0.16,-0.08,2.69,1.30,1.67,0.94,-1.21,0.38,0.82,0.90,-0.10,0.12,1.02,-1.77,3.41,-6.51,6.54,-0.06,3.71,-0.92,-0.30,2.11,1.51,-0.03,-0.01,0.73,-0.53
 "19000","Iowa",4,SQGDP11,25,"311-316,322-326","     Nondurable goods manufacturing ","Percentage points",-1.19,-0.62,-0.07,4.97,-0.28,-0.35,0.15,-0.84,0.13,0.98,2.18,-2.02,2.43,-1.11,0.09,-6.39,2.69,2.38,2.41,-2.88,0.03,-1.37,0.06,-0.42,0.08,-1.10,-1.60,0.01,-2.02,-1.57,0.14,4.71,1.75,0.74,-0.34,-1.41,0.84,-0.11,1.14,1.00,-0.41,0.02,-1.33,0.12,-2.20,0.08,-0.31,-0.62,1.29,0.23,0.87,0.51,0.60,-0.27,0.07,-2.27,-0.04,1.86,-0.13,-1.34,-1.25,3.52,0.71,-0.61,0.16,-0.36,1.67,-1.12,-1.12,0.21,-0.06,-0.23
 "19000","Iowa",4,SQGDP11,34,"42","   Wholesale trade ","Percentage points",-0.04,0.38,0.38,-0.17,0.00,-0.10,-0.02,0.08,0.98,0.32,0.39,1.07,0.13,0.05,-0.53,-1.13,-0.77,0.23,0.83,-0.22,0.88,0.62,-0.35,-0.06,-0.35,0.10,1.85,0.03,0.56,-0.15,-0.67,1.15,-0.59,0.36,0.09,-0.49,0.68,0.61,-0.05,-1.03,0.50,0.17,-0.07,-0.63,0.66,0.01,-0.09,0.29,-0.67,0.11,0.11,0.30,-0.61,0.08,-0.04,-0.72,-0.35,0.50,0.12,0.05,-0.70,2.37,-0.28,0.13,0.14,-0.49,0.58,0.05,-0.64,0.47,0.17,-0.01
 "19000","Iowa",4,SQGDP11,35,"44-45","   Retail trade ","Percentage points",0.51,0.44,-0.92,0.26,0.21,-0.78,0.11,-0.24,-0.28,0.02,0.41,0.28,-0.09,0.15,-0.27,0.44,-0.05,-0.48,0.48,-0.08,0.24,0.05,-0.08,0.11,-0.26,-0.01,0.40,0.11,-0.27,0.38,-0.17,0.08,-0.37,-0.03,-0.07,-0.19,0.15,0.16,-0.11,0.19,0.51,0.10,0.22,0.37,0.25,0.19,0.15,0.05,0.00,0.31,-0.13,0.22,-0.20,0.19,-0.23,0.24,0.05,0.34,0.10,-0.57,-0.52,1.15,0.37,0.45,-0.92,-0.90,0.20,-0.45,0.00,0.37,0.60,0.55
 "19000","Iowa",4,SQGDP11,36,"48-49","   Transportation and warehousing ","Percentage points",0.36,0.74,0.11,0.02,0.30,-0.09,0.21,-0.65,1.08,-0.84,0.48,-0.60,0.20,-0.11,-0.54,-0.38,0.03,-0.04,0.21,-0.06,0.25,0.34,0.35,-0.68,0.24,-0.03,0.16,0.01,-0.01,0.01,0.08,-0.08,-0.18,0.05,0.09,0.08,0.10,0.42,-0.15,-0.17,0.08,0.07,-0.18,-0.43,0.24,0.01,0.22,0.09,0.18,0.01,0.18,0.05,-0.20,0.00,-0.08,-0.33,-0.03,0.29,0.04,0.02,-1.85,2.30,-0.03,0.20,-0.68,0.22,0.25,-0.90,-0.02,0.22,0.15,0.06
 "19000","Iowa",4,SQGDP11,45,"51","   Information ","Percentage points",-0.04,0.56,-0.40,-0.13,0.85,0.93,-0.74,0.64,0.24,0.24,0.40,-0.31,0.62,-0.19,0.15,0.34,-0.20,-0.10,0.58,0.01,0.01,-0.07,0.30,-1.04,0.54,-0.01,0.55,-1.20,-0.02,-0.11,-0.46,0.67,-0.23,0.32,-0.45,0.47,-0.22,-0.01,0.07,0.43,-0.13,0.31,0.41,-0.68,0.18,0.16,-0.26,0.21,0.26,0.10,-0.20,0.32,-0.04,0.25,0.09,0.05,-0.02,0.06,0.21,-0.76,0.27,-0.21,0.46,0.08,0.26,-0.02,0.34,0.02,0.06,0.22,0.05,0.18
 "19000","Iowa",4,SQGDP11,51,"52","   Finance and insurance ","Percentage points",-0.35,1.37,-3.29,-3.75,-1.26,0.80,5.50,4.68,5.15,-0.29,-4.20,-6.18,-5.88,-6.34,-5.68,9.88,3.04,0.95,-0.63,1.73,-2.13,-0.52,3.00,-2.76,1.81,1.35,1.36,3.10,-0.43,1.32,-4.59,-2.45,-1.78,0.92,3.19,3.65,4.99,1.35,0.27,4.37,0.92,0.61,2.67,-1.77,0.37,3.47,1.25,-4.40,-1.88,-1.56,0.71,-0.41,1.12,-0.11,-2.11,2.56,-0.68,0.26,1.95,-1.20,1.29,1.89,0.95,2.70,0.55,0.07,1.21,-0.06,0.69,-0.26,-1.03,-0.73
 "19000","Iowa",4,SQGDP11,56,"53","   Real estate and rental and leasing ","Percentage points",0.44,-0.03,-0.18,-0.95,0.79,0.02,1.13,0.64,1.00,0.73,0.37,-0.95,-0.29,-0.70,-0.08,0.93,-0.39,0.55,0.36,0.54,1.19,0.34,0.82,-0.35,0.74,0.30,1.01,-0.11,0.53,0.31,-0.30,1.07,0.00,0.69,-0.04,-0.61,-0.11,0.01,-0.20,-0.05,-0.01,-0.05,-0.14,0.27,-0.15,-0.07,-0.25,0.03,0.20,-0.26,0.06,-0.36,0.08,-0.08,0.22,0.06,-0.03,0.20,-0.45,-0.73,-0.88,0.92,-0.28,0.28,0.17,0.07,0.21,0.09,-0.35,0.02,-0.46,-0.23
 "19000","Iowa",4,SQGDP11,60,"54","   Professional, scientific, and technical services ","Percentage points",-0.08,0.04,0.03,-0.02,0.19,-0.01,0.10,0.19,0.22,0.19,0.32,0.04,0.49,0.32,0.01,-0.21,-0.41,0.16,-0.07,0.21,0.10,0.30,0.00,0.16,0.10,0.05,0.26,0.26,0.27,0.05,-0.11,0.04,-0.05,0.06,0.33,-0.14,0.21,0.29,0.05,0.06,0.09,0.31,0.00,0.38,0.17,-0.01,0.09,0.24,0.04,0.14,0.11,0.29,0.20,0.03,0.05,-0.09,-0.06,0.30,-0.06,0.38,-0.82,1.02,-0.22,0.65,0.19,0.18,0.20,0.42,0.13,0.13,0.21,0.26
 "19000","Iowa",4,SQGDP11,64,"55","   Management of companies and enterprises ","Percentage points",-0.03,0.05,0.15,0.00,0.01,0.02,-0.03,0.00,0.28,-0.21,-0.05,-0.15,0.15,0.05,0.12,-0.13,-0.18,0.18,-0.16,0.19,-0.07,-0.04,-0.09,0.42,0.05,-0.01,0.15,0.22,0.13,0.05,0.48,-0.60,0.09,0.23,0.16,0.12,0.25,0.12,-0.11,0.26,-0.08,0.16,0.10,0.18,-0.41,-0.01,0.16,0.17,-0.12,-0.05,0.26,-0.16,0.24,0.11,0.14,0.24,0.04,0.08,0.11,0.03,0.36,0.10,0.38,0.42,0.10,0.15,0.26,0.11,0.07,-0.02,0.15,-0.09
 "19000","Iowa",4,SQGDP11,65,"56","   Administrative and support and waste management and remediation services ","Percentage points",0.02,0.05,0.02,0.26,0.00,-0.06,0.09,0.31,0.29,0.25,0.17,-0.06,-0.04,0.19,-0.21,-0.19,-0.15,-0.09,0.07,0.50,0.22,0.03,0.20,-0.22,0.04,0.10,-0.01,0.36,-0.03,-0.03,-0.09,0.04,-0.10,0.12,0.09,0.02,0.11,0.01,-0.07,-0.09,0.05,-0.01,-0.25,-0.08,-0.05,0.06,0.21,-0.04,0.08,0.08,0.31,0.01,0.05,0.05,0.10,-0.09,-0.04,0.07,0.00,-0.02,-0.70,0.89,0.10,0.50,0.10,0.27,0.47,0.42,-0.08,-0.05,0.02,0.04
 "19000","Iowa",4,SQGDP11,69,"61","   Educational services ","Percentage points",-0.05,0.01,-0.06,0.15,-0.04,-0.04,0.00,-0.07,0.01,0.07,0.06,0.02,0.08,0.16,-0.07,0.31,-0.05,-0.02,-0.01,0.06,-0.02,0.02,-0.02,0.01,-0.09,0.02,-0.01,0.02,0.07,-0.07,-0.07,-0.10,-0.04,-0.01,0.07,0.01,-0.02,-0.01,-0.04,-0.07,-0.04,0.00,0.04,0.36,-0.03,0.00,-0.09,-0.10,-0.08,-0.04,0.02,0.06,0.00,0.00,0.01,0.03,0.01,-0.03,-0.10,-0.15,-0.41,0.25,-0.14,0.18,0.03,0.07,0.06,0.06,-0.02,0.05,0.10,0.03
 "19000","Iowa",4,SQGDP11,70,"62","   Health care and social assistance ","Percentage points",0.07,0.59,0.29,0.10,0.11,-0.08,0.09,-0.46,0.24,0.12,0.21,0.50,0.43,0.47,0.54,-0.55,0.15,0.06,-0.10,-0.40,0.25,-0.18,0.30,-0.30,0.46,-0.04,0.34,0.04,0.22,0.02,0.12,0.07,-0.23,0.33,-0.37,0.56,0.09,0.32,-0.15,0.78,-0.12,0.39,0.03,0.41,-0.18,0.04,0.36,-0.35,0.64,-0.68,0.51,0.03,0.32,-0.35,-0.05,0.26,0.06,0.12,-0.09,-0.04,-3.05,4.40,0.59,-0.34,-0.07,-0.19,0.53,0.14,0.14,0.25,0.29,0.42
 "19000","Iowa",4,SQGDP11,76,"71","   Arts, entertainment, and recreation ","Percentage points",-0.07,0.07,0.00,0.44,0.01,-0.14,-0.09,0.57,-0.13,0.02,-0.06,0.08,-0.04,0.07,0.03,0.03,-0.06,0.00,-0.16,0.30,-0.08,0.03,0.02,0.03,0.13,-0.21,0.14,-0.05,-0.11,-0.06,0.01,-0.24,0.10,-0.04,0.02,0.13,-0.08,-0.02,-0.05,-0.07,-0.04,0.08,0.06,-0.15,0.03,-0.06,0.10,-0.09,0.12,0.03,0.08,0.03,0.05,-0.06,-0.10,0.23,-0.03,-0.02,0.08,-0.12,-1.20,0.77,0.15,0.21,0.18,0.31,0.14,-0.21,0.09,0.24,0.06,0.07
 "19000","Iowa",4,SQGDP11,79,"72","   Accommodation and food services ","Percentage points",-0.09,-0.05,0.07,0.10,-0.13,0.04,0.02,-0.14,0.12,-0.01,0.10,-0.14,-0.02,-0.02,-0.10,-0.24,-0.08,-0.08,-0.19,0.26,0.00,0.13,-0.08,0.30,0.10,-0.02,0.10,0.12,0.15,0.02,0.11,0.38,-0.17,-0.04,0.13,0.04,0.09,0.08,0.14,0.06,0.14,0.01,-0.03,0.19,-0.14,-0.02,0.03,0.01,-0.10,-0.01,-0.05,-0.09,-0.05,-0.01,0.14,-0.06,-0.03,0.22,-0.02,-0.66,-2.58,3.12,-0.42,0.80,0.72,0.08,0.01,0.19,0.17,-0.04,-0.02,0.16
 "19000","Iowa",4,SQGDP11,82,"81","   Other services (except government and government enterprises) ","Percentage points",-0.08,0.06,-0.01,0.04,-0.06,-0.06,-0.09,-0.03,0.07,-0.05,-0.03,-0.20,0.03,0.01,0.05,-0.11,-0.16,-0.06,-0.09,-0.05,0.05,-0.01,0.05,-0.15,0.00,-0.02,-0.08,0.31,-0.07,0.08,-0.04,-0.12,-0.09,0.11,0.00,0.00,0.13,0.18,-0.04,0.07,-0.04,0.02,0.11,0.10,-0.14,-0.01,-0.13,-0.04,-0.08,0.03,0.13,0.06,0.02,-0.02,0.05,-0.05,0.16,0.00,0.05,-0.16,-1.16,1.13,0.19,-0.18,0.04,0.17,0.11,0.11,-0.03,0.02,0.02,-0.11
 "19000","Iowa",4,SQGDP11,83,"..."," Government and government enterprises ","Percentage points",0.76,0.02,0.13,-0.19,0.19,0.17,-0.44,-0.19,0.24,0.10,0.13,0.34,0.12,0.47,-0.22,1.00,0.23,0.06,0.47,-0.02,-0.20,0.56,-0.53,-0.36,-0.40,0.67,0.06,-0.43,0.56,-0.05,-0.18,-0.17,0.14,-0.01,0.13,0.34,0.32,-0.03,0.10,-0.01,0.17,-0.08,0.48,0.54,0.13,0.39,-0.07,-0.06,-0.13,0.39,0.08,-0.11,0.31,0.02,-0.29,-0.42,0.33,-0.02,0.36,0.14,-2.00,1.17,0.75,-0.77,0.33,0.42,-0.10,-0.09,-0.03,0.18,0.17,0.27
 "19000","Iowa",4,SQGDP11,84,"...","  Federal civilian ","Percentage points",0.02,0.00,0.06,-0.04,0.07,-0.06,-0.02,-0.02,-0.07,-0.03,-0.17,-0.08,-0.10,-0.01,0.01,0.10,0.13,0.02,0.08,0.33,-0.16,0.20,-0.01,-0.14,-0.14,-0.11,0.03,0.05,0.02,-0.07,-0.15,-0.16,-0.15,-0.08,0.01,0.11,0.13,0.09,0.07,0.08,0.05,0.05,0.07,0.06,0.04,0.05,0.03,0.02,0.03,0.05,0.02,0.08,0.03,0.03,0.01,-0.07,0.11,0.00,0.01,0.06,-0.01,0.15,-0.14,-0.11,-0.09,-0.08,-0.08,0.00,-0.02,-0.03,0.03,0.02
 "19000","Iowa",4,SQGDP11,85,"...","  Military ","Percentage points",0.00,0.00,0.02,-0.14,-0.08,-0.07,-0.09,-0.08,0.00,0.13,0.13,0.01,-0.10,0.08,0.05,0.11,0.07,0.01,0.03,0.03,0.01,-0.01,0.06,-0.06,0.04,0.02,0.03,-0.07,0.07,0.03,0.01,0.00,0.01,0.03,-0.01,-0.02,-0.01,0.01,0.02,-0.08,0.02,0.01,-0.04,0.02,-0.02,-0.03,-0.03,-0.08,0.05,0.06,0.04,-0.04,0.01,0.03,0.03,-0.04,0.13,0.03,0.02,0.03,0.08,0.01,0.03,0.13,0.04,0.06,-0.05,-0.04,0.01,-0.04,0.01,0.05
 "19000","Iowa",4,SQGDP11,86,"...","  State and local ","Percentage points",0.73,0.02,0.05,-0.02,0.20,0.30,-0.33,-0.10,0.31,-0.01,0.16,0.41,0.31,0.41,-0.28,0.79,0.02,0.03,0.36,-0.38,-0.05,0.37,-0.59,-0.16,-0.30,0.77,-0.01,-0.41,0.47,-0.01,-0.04,-0.01,0.27,0.04,0.13,0.25,0.21,-0.13,0.02,-0.01,0.11,-0.13,0.45,0.46,0.12,0.36,-0.07,0.01,-0.22,0.27,0.01,-0.15,0.27,-0.04,-0.34,-0.31,0.09,-0.05,0.32,0.06,-2.08,1.01,0.86,-0.79,0.38,0.44,0.03,-0.05,-0.02,0.26,0.12,0.20
 "20000","Kansas",4,SQGDP11,1,"...","All industry total (percent change) ","Percent change",0.6,1.8,-6.5,24.2,2.9,-1.6,4.8,12.0,4.8,1.5,4.6,4.2,3.9,-4.1,-12.0,-5.8,-0.8,1.2,4.9,-9.0,7.1,7.4,4.3,-2.5,7.6,-1.1,1.8,17.8,-7.0,-12.7,-1.6,5.3,3.1,1.6,6.1,-9.3,11.2,10.2,3.9,-7.3,6.8,2.4,2.4,0.5,7.3,4.2,2.0,-0.8,-0.6,0.4,2.1,2.6,3.1,3.8,-0.6,-2.4,3.7,0.7,-0.6,8.6,-30.2,32.4,-0.5,-1.0,7.3,0.3,3.7,2.7,-2.5,1.9,0.7,6.0
 "20000","Kansas",4,SQGDP11,2,"..."," Private industries ","Percentage points",0.66,0.51,-7.24,24.41,2.10,-1.28,4.25,11.79,3.84,1.15,3.63,4.25,3.67,-4.44,-11.06,-5.40,-0.85,1.53,4.41,-9.07,6.73,7.97,3.49,-1.83,6.39,-1.02,2.22,17.77,-6.22,-13.44,-1.04,5.28,3.54,1.84,7.05,-10.06,11.27,10.41,4.37,-7.17,7.41,2.29,2.89,0.68,6.73,3.80,1.59,0.45,-2.14,1.60,0.91,3.64,2.63,3.91,-0.28,-2.47,3.19,0.18,-0.93,9.51,-28.50,32.10,-0.78,-1.42,7.66,0.28,3.43,3.08,-2.35,1.79,0.81,5.49
 "20000","Kansas",4,SQGDP11,3,"11","   Agriculture, forestry, fishing and hunting ","Percentage points",0.28,-0.64,-0.87,-0.66,1.87,-1.74,-2.92,5.92,-3.27,-1.11,-0.47,6.03,-1.64,-2.04,-0.79,4.21,0.03,0.87,0.62,-3.28,1.96,1.44,0.71,-0.83,-1.72,0.40,0.81,0.07,-2.69,-2.75,2.41,3.17,3.30,-0.40,0.61,-7.69,1.10,2.07,1.93,-2.49,0.87,0.18,-2.49,5.07,-0.48,-0.02,-0.36,-1.58,0.63,-1.81,-0.18,2.70,-1.55,0.67,0.19,-0.68,1.87,-0.53,-1.15,4.50,-4.45,1.22,1.65,-3.49,3.80,0.14,-2.66,1.67,0.15,0.34,-3.24,5.87
 "20000","Kansas",4,SQGDP11,6,"21","   Mining, quarrying, and oil and gas extraction ","Percentage points",0.15,-0.79,0.37,1.02,0.37,-0.10,0.27,0.24,-0.27,0.06,-0.60,-0.14,-0.15,0.45,2.06,0.08,-0.66,-0.09,-0.47,0.08,0.06,-0.28,-0.07,-0.31,0.34,0.78,-0.43,0.51,0.61,-0.15,-0.04,0.10,-0.02,-0.16,0.18,0.00,0.24,-0.07,0.36,0.14,-0.71,0.10,-0.27,0.16,-0.46,0.00,0.14,-0.03,0.14,0.02,-0.15,-0.22,0.19,-0.37,-0.04,0.11,0.10,0.19,0.27,0.36,-0.02,-0.02,-0.31,0.05,-0.26,-0.03,-0.17,0.15,-0.04,0.15,0.22,0.02
 "20000","Kansas",4,SQGDP11,10,"22","   Utilities ","Percentage points",0.30,0.07,-0.24,-0.50,0.71,0.48,-0.03,-0.28,-0.05,0.23,-0.13,0.36,0.65,-0.23,-0.98,0.18,0.12,0.57,0.50,0.30,-0.29,0.73,0.24,-0.26,0.80,0.74,-0.23,-0.38,0.26,-0.19,-0.07,0.42,-0.25,-0.02,-0.10,-0.78,0.44,-0.01,0.05,-1.34,0.92,-0.26,0.09,0.03,0.29,0.48,0.04,-0.31,-0.32,0.27,-0.51,0.06,0.17,-0.29,0.25,-0.23,-0.21,0.01,0.27,-0.30,0.75,-0.46,0.02,-0.53,0.31,-0.12,-0.29,-0.02,0.17,-0.29,-0.08,-0.10
 "20000","Kansas",4,SQGDP11,11,"23","   Construction ","Percentage points",-0.07,-0.21,-0.75,0.39,0.03,-0.37,-0.57,0.32,0.16,0.49,0.10,-0.60,0.39,0.21,-0.35,-0.82,-0.06,0.35,-0.57,-0.41,0.71,0.40,-0.12,-0.96,0.22,-0.06,0.49,1.04,-0.09,-0.68,0.07,-0.27,0.25,0.71,0.02,0.02,0.07,-0.52,-0.34,0.08,0.72,-0.47,0.27,0.04,-0.27,0.21,0.12,0.35,-0.89,0.07,0.12,0.27,-0.04,0.18,0.24,-0.03,0.39,-0.54,-0.01,-0.34,0.18,0.13,0.17,0.18,-0.08,-0.04,-0.90,-0.31,-0.80,-0.76,0.02,-0.07
 "20000","Kansas",4,SQGDP11,12,"31-33","   Manufacturing ","Percentage points",1.15,0.61,-0.01,5.92,1.56,2.30,6.56,0.25,1.36,0.33,0.19,-3.35,0.57,-2.05,-5.74,-6.98,1.47,0.20,2.58,2.69,2.27,2.13,-1.44,4.53,3.44,-2.68,-1.70,8.37,-2.95,-7.69,-4.16,-4.36,1.14,0.18,4.22,-4.40,5.42,5.13,1.66,-3.48,-0.88,3.27,2.28,-4.58,4.11,1.66,0.46,-1.94,1.44,1.07,1.36,0.92,1.09,0.64,-0.79,0.86,0.29,-0.80,-0.33,1.59,-8.75,7.81,0.58,0.03,1.16,0.26,2.50,0.43,-1.12,0.53,1.42,-1.05
 "20000","Kansas",4,SQGDP11,13,"321,327-339","     Durable goods manufacturing ","Percentage points",0.37,0.29,0.71,3.11,2.45,2.82,6.84,-0.30,0.80,0.06,-0.90,0.15,-0.70,-1.53,-4.76,-5.85,-0.54,-0.57,1.36,1.99,4.16,3.07,-0.56,-0.54,0.88,-0.72,1.59,-1.05,-0.50,-1.44,-2.16,-2.49,-0.88,-0.44,1.13,0.65,1.27,1.32,-0.41,1.15,-0.47,0.64,0.81,0.59,1.38,0.83,0.31,-1.19,0.65,0.22,0.20,-0.63,0.38,0.17,0.48,0.50,0.17,-0.02,-0.22,0.17,-6.04,5.10,0.01,0.10,1.98,0.12,1.28,0.10,-0.06,-0.03,0.82,-0.37
 "20000","Kansas",4,SQGDP11,25,"311-316,322-326","     Nondurable goods manufacturing ","Percentage points",0.79,0.32,-0.72,2.81,-0.89,-0.52,-0.28,0.55,0.57,0.27,1.09,-3.50,1.27,-0.52,-0.98,-1.13,2.02,0.77,1.21,0.70,-1.89,-0.94,-0.88,5.06,2.56,-1.96,-3.29,9.41,-2.44,-6.25,-2.00,-1.87,2.02,0.62,3.08,-5.05,4.15,3.80,2.07,-4.63,-0.41,2.64,1.47,-5.17,2.72,0.83,0.15,-0.75,0.78,0.85,1.16,1.56,0.71,0.47,-1.27,0.36,0.13,-0.78,-0.11,1.41,-2.72,2.71,0.56,-0.07,-0.82,0.13,1.22,0.33,-1.06,0.56,0.60,-0.67
 "20000","Kansas",4,SQGDP11,34,"42","   Wholesale trade ","Percentage points",1.15,0.21,0.13,0.14,-0.31,-0.08,0.02,0.49,0.69,0.08,0.51,1.57,-0.55,0.33,-1.05,-0.40,-0.89,-0.02,1.71,-1.71,1.58,1.43,-1.09,-1.02,0.48,-0.71,1.29,-0.72,1.07,-0.45,1.61,-1.31,0.18,0.56,0.53,-0.78,1.29,0.52,-0.27,-0.66,0.06,0.09,-0.24,-0.51,0.39,-0.15,0.30,0.49,-0.86,0.59,-0.19,0.62,0.22,-0.72,-0.37,1.11,-0.92,0.29,0.49,-1.06,-1.22,3.21,-0.32,-0.30,0.46,-0.64,0.39,-0.05,-0.52,0.39,0.45,-0.03
 "20000","Kansas",4,SQGDP11,35,"44-45","   Retail trade ","Percentage points",0.73,0.00,-1.24,1.38,-0.06,-0.52,0.34,0.22,-0.74,0.07,-0.15,0.10,-0.21,-0.18,-0.46,0.43,-0.06,-0.20,0.68,-0.47,0.38,0.31,0.03,0.12,0.24,-0.06,0.62,0.19,-1.22,0.38,-0.09,0.89,-0.20,0.06,-0.05,-0.45,0.54,0.05,-0.18,0.12,0.75,0.36,-0.03,0.53,-0.08,0.01,0.17,-0.04,-0.11,0.40,-0.16,0.51,-0.37,0.19,-0.26,0.03,-0.01,0.28,-0.01,-0.51,-1.24,2.02,-0.16,1.09,-1.33,-0.86,0.21,0.16,0.07,0.45,0.44,0.65
 "20000","Kansas",4,SQGDP11,36,"48-49","   Transportation and warehousing ","Percentage points",0.26,0.60,0.10,-0.26,0.28,-0.02,-0.08,-0.63,0.13,0.06,0.66,-0.59,0.52,-0.14,-0.58,-0.68,-0.04,-0.33,0.34,-0.34,0.52,0.45,0.13,0.30,0.23,-0.26,0.25,1.00,-0.10,-0.21,-0.23,1.21,-0.56,-0.22,0.30,-1.21,0.29,0.49,-0.13,0.12,0.08,0.26,-0.16,-0.16,0.28,-0.05,0.11,0.82,0.10,0.13,0.72,-1.47,0.20,0.26,0.14,-0.73,-0.01,0.20,0.04,0.28,-2.15,2.61,-0.27,0.33,-0.87,0.49,0.20,-0.76,0.09,0.30,0.23,0.03
 "20000","Kansas",4,SQGDP11,45,"51","   Information ","Percentage points",-3.64,0.67,-4.06,14.34,-0.52,-3.17,-0.55,3.86,3.77,-0.94,1.40,-3.23,1.14,0.88,-1.10,-4.30,1.23,0.03,-0.55,-6.53,-0.85,0.09,3.58,-2.58,-0.84,-0.87,-0.88,5.17,-1.46,-2.12,-0.68,7.48,0.26,0.17,-1.27,4.07,-1.88,-0.50,-1.00,-3.65,1.36,-0.82,-0.10,1.16,0.04,-0.58,0.14,4.10,-0.25,-0.10,-0.12,-0.27,0.46,1.24,-0.15,-5.06,0.05,0.02,-0.21,7.31,-1.63,-0.03,-0.13,0.31,1.30,0.24,1.14,0.51,-0.42,0.18,0.74,0.02
 "20000","Kansas",4,SQGDP11,51,"52","   Finance and insurance ","Percentage points",1.10,0.14,-0.27,-0.65,-0.62,1.06,0.40,0.65,1.09,0.03,-0.47,1.23,-0.36,-2.69,-2.48,4.38,0.22,0.15,-0.63,-0.07,-1.15,0.27,0.14,0.55,0.59,0.75,1.47,0.76,0.45,0.41,-0.67,-1.31,0.35,-0.06,0.47,0.65,1.44,-0.49,-0.24,0.44,-0.13,-0.91,0.86,-0.26,0.46,2.15,0.86,-0.59,-1.24,-0.29,-0.95,-0.90,-0.03,-0.17,-1.13,0.05,0.11,0.70,1.00,-0.35,0.88,1.29,0.97,-0.08,0.94,-1.34,0.25,-1.29,0.03,-0.24,-0.25,-0.38
 "20000","Kansas",4,SQGDP11,56,"53","   Real estate and rental and leasing ","Percentage points",-0.45,-1.19,-0.57,0.23,-0.23,0.53,0.51,0.78,0.62,1.07,1.25,1.88,1.26,0.71,0.93,0.51,-1.22,-0.27,-0.13,0.38,0.13,-0.32,0.25,-0.04,0.91,0.34,1.32,-1.02,0.58,0.03,-1.30,-1.01,-0.68,0.33,0.60,0.63,1.34,1.65,1.40,0.63,1.18,1.72,1.91,2.32,1.41,0.29,-0.62,-1.45,-0.54,-0.20,0.33,0.99,1.29,0.94,1.47,1.36,0.71,0.47,-0.84,-1.77,-1.71,0.51,-0.45,0.31,0.20,0.10,0.29,-0.02,-0.60,-0.01,-0.68,-0.40
 "20000","Kansas",4,SQGDP11,60,"54","   Professional, scientific, and technical services ","Percentage points",0.02,0.30,0.02,0.46,-0.12,0.03,-0.01,0.40,0.31,0.55,0.52,0.35,0.72,0.30,0.16,-0.76,-0.61,0.10,0.02,0.12,0.44,0.46,0.23,-0.67,0.41,0.55,0.06,0.45,0.62,-0.26,0.26,0.68,-0.05,-0.05,0.67,-0.19,0.21,0.92,0.29,0.96,-0.38,0.29,0.52,0.17,0.78,-0.19,-0.24,-0.15,0.20,0.32,0.45,0.08,0.13,0.21,0.15,0.22,-0.27,-0.08,0.23,0.41,-1.17,2.50,-1.94,0.83,0.72,1.05,0.17,0.38,-0.01,0.27,0.93,0.22
 "20000","Kansas",4,SQGDP11,64,"55","   Management of companies and enterprises ","Percentage points",-0.18,-0.06,0.18,1.38,-0.84,0.01,0.11,0.01,-0.23,0.05,0.09,0.57,-0.08,0.11,-0.28,-0.69,0.44,-0.10,0.38,0.03,0.46,0.44,-0.47,-0.33,0.25,-0.05,-0.14,-0.02,-0.19,0.08,1.32,-0.87,-0.14,0.67,0.76,0.28,-0.34,0.29,1.04,0.63,3.95,-1.35,0.17,-2.14,0.10,0.18,0.22,0.16,0.10,0.61,-0.32,0.09,0.32,0.52,-0.40,1.09,0.86,-0.26,-0.82,0.07,0.80,-0.53,-0.27,-0.32,-0.83,0.55,0.96,1.69,0.14,0.04,0.15,0.09
 "20000","Kansas",4,SQGDP11,65,"56","   Administrative and support and waste management and remediation services ","Percentage points",0.07,0.24,0.06,0.39,-0.02,0.29,0.12,0.17,0.27,0.39,0.40,-0.34,0.60,-0.44,-0.48,-0.36,-0.13,-0.03,0.10,0.39,0.12,0.28,0.59,0.29,0.20,0.14,-0.17,0.79,-0.52,0.17,0.17,0.36,0.18,-0.02,-0.04,-0.06,0.16,0.10,-0.20,-0.42,-0.03,-0.15,0.01,-0.56,0.28,0.01,0.04,0.13,-0.16,0.15,0.20,0.23,0.21,0.32,0.19,-0.29,-0.21,-0.15,-0.03,0.08,-1.15,1.30,0.12,0.17,1.21,-0.01,0.40,0.67,0.15,-0.06,0.07,-0.06
 "20000","Kansas",4,SQGDP11,69,"61","   Educational services ","Percentage points",-0.03,0.01,0.07,0.00,0.02,0.01,0.02,0.04,0.06,0.03,0.07,0.10,0.08,0.04,0.09,0.07,-0.06,0.14,-0.17,0.10,0.00,0.05,-0.01,-0.03,0.02,-0.01,-0.02,0.01,-0.03,-0.03,-0.03,-0.01,0.00,0.02,0.00,-0.08,0.11,-0.01,0.00,-0.01,-0.09,0.00,0.19,-0.14,-0.04,-0.05,-0.05,0.08,-0.12,0.04,-0.01,0.01,0.04,-0.02,0.02,0.04,0.06,-0.04,-0.11,-0.09,-0.32,0.15,-0.06,0.11,0.15,-0.08,0.02,-0.14,-0.04,0.03,0.04,-0.04
 "20000","Kansas",4,SQGDP11,70,"62","   Health care and social assistance ","Percentage points",0.31,0.57,-0.08,0.37,0.01,-0.03,0.16,-0.16,0.20,0.20,0.45,0.56,0.53,0.46,0.45,-0.16,-0.06,0.10,0.05,-0.25,0.12,-0.01,0.46,-0.25,0.74,-0.06,-0.29,0.84,-0.48,0.16,0.33,0.29,-0.16,0.07,-0.06,-0.25,0.35,0.39,-0.03,1.06,-0.01,0.00,0.00,-0.10,0.01,-0.13,0.15,0.19,-0.08,0.17,0.13,0.38,0.16,0.25,0.02,0.09,0.29,0.20,0.29,0.79,-3.11,5.24,0.36,-1.31,0.01,0.16,0.63,0.03,0.21,0.36,0.35,0.57
 "20000","Kansas",4,SQGDP11,76,"71","   Arts, entertainment, and recreation ","Percentage points",-0.03,0.01,-0.04,-0.08,0.03,0.01,0.06,-0.27,0.07,0.03,0.03,-0.08,0.01,0.01,-0.01,0.01,-0.03,0.03,-0.04,0.10,0.06,-0.04,0.07,-0.09,0.13,0.04,-0.04,0.34,-0.04,-0.04,0.00,0.04,-0.09,-0.03,-0.02,0.27,-0.01,0.03,-0.06,0.41,-0.07,0.03,0.04,-0.27,0.08,0.00,0.13,-0.17,0.04,0.02,0.00,0.00,0.10,-0.05,0.00,-0.11,-0.04,0.01,0.02,-0.46,-0.67,0.47,0.00,0.27,0.02,0.14,0.03,-0.05,0.06,0.05,0.04,0.02
 "20000","Kansas",4,SQGDP11,79,"72","   Accommodation and food services ","Percentage points",-0.17,0.01,0.03,0.41,-0.13,-0.04,-0.01,-0.40,-0.04,-0.39,-0.10,-0.01,0.14,-0.11,-0.27,0.06,-0.29,0.15,0.09,-0.18,0.08,0.19,0.00,-0.25,0.19,0.07,-0.12,0.31,-0.09,-0.10,0.12,-0.07,-0.09,0.04,0.12,0.28,0.29,0.15,0.00,0.30,0.00,-0.01,-0.05,-0.25,-0.09,0.02,0.09,-0.04,-0.04,0.06,0.02,-0.37,-0.02,0.14,0.24,-0.48,0.06,0.15,-0.16,-0.73,-2.19,3.32,-0.83,1.10,0.55,0.04,0.27,-0.07,0.14,-0.02,0.01,0.12
 "20000","Kansas",4,SQGDP11,82,"81","   Other services (except government and government enterprises) ","Percentage points",-0.30,-0.03,-0.05,0.13,0.08,0.06,-0.17,0.18,-0.28,-0.10,-0.12,-0.16,0.02,-0.06,-0.20,-0.18,-0.24,-0.12,-0.10,-0.02,0.13,-0.06,0.24,0.03,-0.26,-0.05,-0.07,0.07,0.03,0.01,-0.05,-0.16,0.12,-0.01,0.11,-0.36,0.21,0.25,0.09,-0.02,-0.18,-0.06,-0.13,0.18,-0.10,-0.04,-0.10,0.41,-0.18,0.06,0.18,0.00,0.05,-0.03,-0.04,0.17,0.07,0.07,0.12,-0.28,-1.33,1.36,0.09,-0.17,0.18,0.22,0.00,0.10,-0.01,0.06,-0.04,-0.01
 "20000","Kansas",4,SQGDP11,83,"..."," Government and government enterprises ","Percentage points",-0.03,1.29,0.69,-0.16,0.79,-0.30,0.53,0.17,0.98,0.34,1.02,-0.03,0.24,0.30,-0.92,-0.35,0.01,-0.30,0.53,0.08,0.42,-0.60,0.84,-0.67,1.17,-0.13,-0.39,-0.01,-0.81,0.71,-0.56,-0.02,-0.46,-0.29,-0.93,0.78,-0.10,-0.20,-0.49,-0.09,-0.66,0.14,-0.53,-0.20,0.62,0.38,0.37,-1.23,1.51,-1.18,1.15,-1.01,0.45,-0.09,-0.30,0.08,0.55,0.56,0.33,-0.88,-1.69,0.29,0.29,0.45,-0.39,0.07,0.29,-0.43,-0.14,0.10,-0.15,0.56
 "20000","Kansas",4,SQGDP11,84,"...","  Federal civilian ","Percentage points",-0.04,0.06,0.25,0.30,-0.11,0.07,-0.29,-0.19,-0.20,-0.15,-0.15,-0.12,-0.01,0.02,-0.01,-0.10,0.20,0.01,0.20,0.44,0.41,0.04,-0.02,-0.03,-0.11,-0.07,0.00,-0.11,-0.08,-0.18,-0.23,-0.27,-0.29,-0.25,-0.09,0.19,0.09,0.06,0.11,0.12,0.12,0.05,0.03,0.03,0.02,0.06,0.07,0.09,0.04,0.10,0.03,0.05,0.04,0.04,-0.03,-0.07,0.15,0.05,0.03,0.07,0.05,0.06,-0.22,-0.13,-0.15,-0.07,-0.08,-0.03,-0.05,-0.08,-0.05,0.06
 "20000","Kansas",4,SQGDP11,85,"...","  Military ","Percentage points",0.07,0.12,0.43,0.33,0.11,0.24,0.01,0.15,0.36,0.27,0.22,0.02,0.06,-0.09,-0.13,0.05,0.06,0.46,0.14,0.17,-0.05,-0.05,-0.11,0.01,0.04,-0.15,0.09,0.13,-0.24,-0.17,-0.21,-0.04,-0.13,-0.07,-0.28,-0.12,0.01,0.02,0.00,-0.07,-0.13,-0.27,-0.02,-0.12,0.04,-0.01,-0.05,-0.24,-0.03,0.01,-0.01,-0.20,-0.01,0.00,-0.10,-0.24,0.11,0.00,-0.02,0.02,0.10,0.03,0.08,0.20,0.03,-0.11,0.01,-0.13,-0.06,0.01,-0.10,0.06
 "20000","Kansas",4,SQGDP11,86,"...","  State and local ","Percentage points",-0.07,1.11,0.01,-0.79,0.79,-0.60,0.81,0.21,0.82,0.22,0.95,0.07,0.19,0.37,-0.78,-0.30,-0.26,-0.77,0.20,-0.53,0.06,-0.59,0.98,-0.66,1.25,0.10,-0.48,-0.03,-0.49,1.06,-0.12,0.29,-0.04,0.03,-0.56,0.70,-0.20,-0.27,-0.60,-0.13,-0.65,0.36,-0.54,-0.11,0.56,0.33,0.35,-1.07,1.49,-1.29,1.13,-0.86,0.42,-0.13,-0.17,0.40,0.29,0.51,0.31,-0.97,-1.85,0.19,0.42,0.38,-0.27,0.25,0.37,-0.27,-0.04,0.18,0.00,0.44
 "21000","Kentucky",5,SQGDP11,1,"...","All industry total (percent change) ","Percent change",6.9,3.5,1.8,5.5,2.2,-1.8,-1.7,-4.7,2.6,0.6,5.5,-0.9,2.4,-8.8,-10.4,-5.5,-3.2,3.4,8.4,-1.5,10.9,7.0,0.3,-5.9,2.3,1.2,8.6,-1.1,1.4,-1.8,-3.7,14.0,-3.4,1.3,-1.2,-1.7,4.1,0.2,-1.4,0.4,3.8,-0.5,0.8,-4.9,6.0,4.3,-0.4,-2.4,2.3,1.4,3.0,-2.0,3.6,-0.3,1.5,3.8,3.9,2.7,3.5,-4.0,-33.9,49.3,1.1,4.8,4.1,1.0,5.0,2.1,-1.8,1.3,2.2,3.0
 "21000","Kentucky",5,SQGDP11,2,"..."," Private industries ","Percentage points",5.87,3.27,0.58,5.68,1.75,-2.27,-1.62,-4.05,2.11,-0.20,4.56,-1.91,1.77,-8.36,-9.51,-4.47,-3.40,4.01,7.29,-3.35,10.28,7.31,1.19,-5.62,2.21,1.70,8.48,-1.08,1.52,-1.70,-3.41,13.99,-3.10,1.78,-0.49,-1.90,4.45,0.75,-0.45,-0.56,4.29,-0.24,1.34,-4.55,6.11,4.38,-0.38,-1.16,2.01,1.15,2.65,-1.58,3.33,-0.12,1.49,4.51,3.12,2.51,2.83,-3.97,-32.05,48.67,1.20,4.35,3.85,0.32,5.23,2.07,-1.59,1.13,1.52,2.54
 "21000","Kentucky",5,SQGDP11,3,"11","   Agriculture, forestry, fishing and hunting ","Percentage points",0.45,0.06,0.09,0.88,0.29,-0.72,-0.88,-2.19,0.21,1.01,1.47,-2.00,-0.35,-1.92,0.09,3.17,-0.80,-0.15,0.65,-2.72,1.18,0.68,-0.56,1.70,-1.81,-0.63,-0.13,2.05,-0.66,-1.86,-0.08,6.05,-0.67,-0.33,0.53,-1.26,0.36,-0.11,-0.06,0.59,-0.25,0.27,0.40,-0.30,0.07,-0.17,-0.30,1.03,-0.35,-0.10,0.25,-0.31,0.50,-0.37,-0.25,0.34,-0.24,0.03,0.38,0.01,-1.19,0.82,0.30,0.44,-0.49,-0.15,-0.47,0.10,-0.06,0.01,0.03,0.72
 "21000","Kentucky",5,SQGDP11,6,"21","   Mining, quarrying, and oil and gas extraction ","Percentage points",0.82,-1.21,-0.06,0.99,0.07,-0.03,0.16,0.36,-0.59,-0.04,-0.60,-0.46,-0.39,0.31,2.68,0.13,-1.36,-1.31,-1.03,-0.83,2.37,0.18,0.02,-0.95,0.93,-0.26,-0.14,-2.03,-0.84,-1.13,-0.17,0.55,-0.01,0.14,-0.09,-0.47,-0.30,-0.38,-0.13,-0.07,-0.57,0.13,-0.07,-0.37,-0.70,-0.03,-0.21,-0.09,0.08,-0.02,-0.05,-0.16,0.26,-0.16,-0.17,-0.02,-0.19,-0.22,0.00,0.09,-0.33,0.06,-0.49,-0.36,-0.23,-0.03,-0.02,-0.16,-0.03,0.10,0.09,0.03
 "21000","Kentucky",5,SQGDP11,10,"22","   Utilities ","Percentage points",0.01,0.25,-0.09,-0.14,0.63,-0.16,-0.18,-0.11,0.40,0.16,0.00,-0.36,0.67,0.15,-0.79,0.68,-0.64,0.40,0.36,0.29,0.24,0.74,-0.03,-0.73,0.80,-0.06,0.58,-0.51,0.30,0.06,-0.20,0.11,0.11,-0.24,0.04,-0.25,-0.05,-0.07,-0.09,-0.64,0.55,0.10,0.07,0.12,0.30,0.05,-0.08,-0.21,-0.06,0.07,-0.17,-0.07,0.11,-0.37,0.23,-0.39,0.55,-0.19,0.32,-0.17,-0.04,0.02,-0.29,0.17,0.14,0.09,-0.23,-0.09,0.19,-0.32,-0.02,0.02
 "21000","Kentucky",5,SQGDP11,11,"23","   Construction ","Percentage points",0.01,-0.66,-0.43,0.11,-0.79,-0.61,-0.49,0.20,0.65,0.08,-0.30,-0.85,0.59,0.23,-0.92,-0.53,-0.86,0.67,-0.22,-0.82,-0.04,-0.17,-0.34,-0.20,0.74,-0.10,-0.07,0.64,-0.04,-0.02,-0.12,-0.12,-0.29,0.17,-0.16,-0.06,0.37,-0.03,0.01,-0.47,0.65,-0.14,0.16,-0.24,-0.24,-0.37,0.11,0.49,-0.80,0.41,0.03,-0.21,0.20,-0.17,-0.06,0.51,-0.03,0.01,-0.14,-0.08,-0.80,0.47,1.04,-0.37,0.26,-0.43,-0.37,0.22,-0.95,-0.84,-0.24,0.24
 "21000","Kentucky",5,SQGDP11,12,"31-33","   Manufacturing ","Percentage points",0.66,1.72,3.20,3.61,1.10,-0.11,-1.16,-3.06,0.28,-1.16,0.81,0.20,0.03,-4.31,-5.03,-8.75,1.11,2.85,4.34,1.51,2.49,3.02,-0.51,-1.75,-1.95,2.36,3.73,0.51,3.03,-0.03,0.25,3.59,-0.45,0.35,-0.98,-0.37,0.65,-0.74,-0.96,-0.60,1.13,-1.54,-0.56,-3.13,3.98,0.89,0.34,-1.09,3.89,-0.42,0.54,-2.24,1.18,-0.40,0.93,2.15,2.80,0.28,-0.07,-0.37,-11.63,16.73,-0.34,0.47,2.64,0.37,0.82,0.97,-1.73,-0.54,0.29,-0.58
 "21000","Kentucky",5,SQGDP11,13,"321,327-339","     Durable goods manufacturing ","Percentage points",0.49,1.48,2.30,1.97,0.63,-0.14,-1.83,-1.41,-0.32,-1.28,-0.60,1.41,-1.29,-3.02,-3.06,-7.35,-1.13,1.63,2.65,2.54,3.71,3.72,-0.12,-0.50,-1.43,1.58,1.94,-0.99,2.42,0.13,-0.03,1.08,-0.93,0.20,0.65,0.75,0.76,0.92,-0.23,0.50,0.38,0.31,-0.07,-2.67,2.86,0.81,0.44,-2.26,3.04,-0.11,-0.51,-2.64,1.58,-0.67,0.95,1.98,0.72,-0.66,-0.41,0.35,-9.14,12.68,-0.46,0.97,2.73,-0.50,0.25,1.90,-0.44,-0.34,0.32,-0.39
 "21000","Kentucky",5,SQGDP11,25,"311-316,322-326","     Nondurable goods manufacturing ","Percentage points",0.17,0.24,0.90,1.63,0.46,0.03,0.67,-1.65,0.60,0.12,1.41,-1.21,1.32,-1.29,-1.97,-1.39,2.24,1.21,1.69,-1.03,-1.23,-0.70,-0.39,-1.25,-0.52,0.78,1.79,1.49,0.60,-0.16,0.28,2.51,0.48,0.15,-1.63,-1.13,-0.11,-1.67,-0.73,-1.10,0.76,-1.84,-0.49,-0.46,1.12,0.08,-0.10,1.18,0.85,-0.31,1.05,0.40,-0.39,0.27,-0.01,0.17,2.09,0.94,0.34,-0.73,-2.49,4.05,0.12,-0.50,-0.09,0.88,0.56,-0.93,-1.29,-0.20,-0.03,-0.19
 "21000","Kentucky",5,SQGDP11,34,"42","   Wholesale trade ","Percentage points",0.32,0.57,0.46,-0.20,0.29,0.08,0.38,0.63,0.63,-0.19,0.16,0.50,-0.54,-0.19,-0.94,-2.36,-0.73,0.12,1.11,-0.75,1.46,0.61,0.17,-0.86,-0.51,0.07,1.36,-0.56,0.48,0.14,-0.90,1.36,-0.33,0.29,0.28,0.12,0.92,0.96,-0.11,0.04,0.34,0.37,0.06,-0.55,0.52,0.40,0.05,-0.07,-0.25,0.15,0.15,0.41,-0.19,0.52,0.07,0.33,-0.06,-0.24,0.11,-0.21,-1.93,3.50,0.71,0.03,0.48,-0.56,0.63,0.78,-0.55,0.28,-0.08,0.25
 "21000","Kentucky",5,SQGDP11,35,"44-45","   Retail trade ","Percentage points",0.64,0.21,-0.77,0.26,0.64,-1.38,0.51,-0.10,-0.81,0.04,0.10,-0.16,-0.07,-0.12,-0.29,-0.40,-0.06,-0.34,0.62,0.10,0.39,0.03,-0.21,0.09,-0.22,-0.24,0.44,0.01,-0.35,0.31,-0.32,0.36,-0.41,0.03,-0.03,-0.26,0.29,0.25,-0.18,0.19,0.75,0.38,0.09,0.59,0.29,-0.14,0.42,0.04,-0.01,0.41,0.06,-0.02,-0.07,0.41,-0.07,0.40,-0.03,0.26,0.04,-0.43,-0.95,2.46,-0.40,0.83,-0.92,-0.79,0.16,-0.47,0.00,0.45,0.50,0.61
 "21000","Kentucky",5,SQGDP11,36,"48-49","   Transportation and warehousing ","Percentage points",0.39,1.42,-0.57,-0.68,0.37,-0.16,0.38,-0.69,0.72,-1.72,0.52,-0.11,0.48,-0.36,-0.29,-1.14,0.01,0.55,0.12,-0.26,-0.21,0.62,0.28,-0.50,0.10,-0.17,0.33,0.03,-0.23,-0.12,-0.12,0.04,-0.39,0.26,-0.12,0.21,-0.06,0.34,0.02,0.03,0.55,-0.18,0.25,-0.34,0.24,0.45,-0.06,0.29,-0.22,0.18,0.33,0.29,-0.14,-0.05,0.12,-0.50,0.14,0.65,0.19,0.67,-2.49,3.94,-0.31,0.55,-1.59,0.24,0.43,0.41,0.19,0.45,0.59,0.39
 "21000","Kentucky",5,SQGDP11,45,"51","   Information ","Percentage points",0.52,-0.14,-0.44,0.52,0.06,0.18,-0.17,0.08,0.00,0.41,-0.15,2.26,0.21,-0.12,-0.87,2.24,-0.43,0.23,0.40,-0.59,0.29,0.31,0.28,-1.80,0.94,0.15,0.36,-2.17,0.17,-0.10,-0.13,0.17,-0.09,0.01,-0.48,0.80,0.23,-0.20,0.80,-0.79,0.40,0.24,0.06,-0.13,0.00,0.34,-0.22,0.38,-0.03,0.05,0.35,-0.78,0.51,-0.07,-0.10,0.59,-0.06,0.05,0.38,-0.20,0.01,0.54,-0.45,0.55,0.39,0.12,0.05,1.00,0.06,0.38,0.30,0.19
 "21000","Kentucky",5,SQGDP11,51,"52","   Finance and insurance ","Percentage points",0.32,0.55,0.20,-0.14,0.10,0.55,-0.83,-0.47,0.06,0.17,-0.19,0.79,0.48,-1.73,-2.56,4.10,0.93,-0.20,-0.20,-0.44,-0.54,-0.29,0.86,-0.12,0.51,-0.22,0.51,0.23,-0.46,0.65,-1.29,0.17,0.70,0.23,-0.09,0.73,0.70,0.03,0.10,1.01,0.07,-0.29,0.67,-0.87,0.69,1.55,0.33,-1.15,-0.51,0.03,0.03,0.76,0.20,-0.65,-0.31,-0.02,-0.16,0.48,1.38,-1.32,1.38,0.25,1.04,0.60,-0.22,-0.11,0.15,-1.05,0.37,-0.15,-0.64,-0.43
 "21000","Kentucky",5,SQGDP11,56,"53","   Real estate and rental and leasing ","Percentage points",0.82,-0.20,-0.24,-0.95,-0.04,0.41,0.45,1.71,0.37,0.62,0.98,-1.29,-0.92,-0.86,0.00,0.63,-0.05,0.85,0.54,0.87,1.00,0.20,0.94,-0.12,0.90,0.32,1.14,-0.18,0.32,0.42,-0.48,0.96,0.03,0.43,-0.25,-0.99,-0.25,-0.19,-0.25,-0.14,-0.51,-0.08,0.01,0.34,0.08,0.11,-0.50,-0.48,0.18,0.14,0.03,0.39,0.34,0.14,0.48,0.49,0.31,0.30,-0.06,-0.63,-1.14,1.30,-0.14,0.34,0.48,0.34,0.61,-0.03,-0.21,0.15,-0.45,-0.12
 "21000","Kentucky",5,SQGDP11,60,"54","   Professional, scientific, and technical services ","Percentage points",-0.14,0.14,-0.03,0.04,0.05,-0.04,0.13,0.05,0.20,0.24,0.35,0.51,0.27,0.61,-0.04,-0.33,-0.51,0.19,0.10,-0.03,0.01,0.21,0.08,0.01,0.26,0.02,0.00,-0.28,0.27,0.01,-0.51,0.53,-0.25,0.18,0.28,0.02,0.31,0.37,0.08,0.10,0.19,0.24,0.07,0.25,-0.05,0.20,-0.10,-0.07,-0.01,0.15,0.30,0.25,0.27,0.13,0.13,0.05,-0.03,0.19,0.04,-0.13,-0.63,1.02,0.07,-0.09,0.87,0.57,0.28,-0.21,0.19,0.23,0.37,0.03
 "21000","Kentucky",5,SQGDP11,64,"55","   Management of companies and enterprises ","Percentage points",0.10,-0.10,-0.58,0.78,-0.68,0.05,0.31,-0.18,0.07,0.15,0.43,-0.69,0.58,-0.38,-0.28,0.10,0.15,-0.04,-0.34,0.19,0.04,0.61,-0.02,-0.32,0.35,-0.08,0.43,-0.09,-0.07,-0.06,0.51,-0.46,-0.34,0.28,-0.10,0.02,0.17,-0.20,0.19,-0.29,0.50,-0.37,0.00,0.39,0.10,0.38,-0.50,-0.06,0.07,0.09,0.42,-0.44,-0.02,0.41,-0.02,0.13,0.05,0.04,0.10,-0.18,-0.03,-0.07,0.71,-0.24,0.33,-0.05,0.29,0.16,0.11,0.05,0.07,-0.04
 "21000","Kentucky",5,SQGDP11,65,"56","   Administrative and support and waste management and remediation services ","Percentage points",0.08,0.02,0.03,0.38,-0.01,-0.07,0.07,0.03,0.13,0.17,0.17,0.05,-0.10,-0.14,-0.45,-0.41,-0.04,0.13,0.54,0.49,0.42,0.09,-0.06,0.14,0.21,0.35,0.08,0.18,0.10,-0.03,0.07,0.18,-0.01,0.06,0.23,0.02,0.33,0.11,0.04,-0.08,0.24,0.09,-0.17,-0.16,0.05,0.06,0.61,-0.13,-0.08,0.21,0.01,0.32,0.02,0.06,0.19,-0.06,0.03,-0.03,-0.02,0.29,-1.71,2.19,0.47,0.40,0.09,0.37,0.51,0.37,0.21,0.19,0.69,0.38
 "21000","Kentucky",5,SQGDP11,69,"61","   Educational services ","Percentage points",0.03,0.01,-0.07,-0.04,-0.05,0.02,-0.04,-0.02,0.01,0.00,0.05,-0.06,0.06,0.06,0.06,0.16,-0.03,0.05,0.05,0.03,0.08,0.02,0.04,-0.01,-0.02,0.02,0.00,0.03,0.01,-0.02,-0.04,-0.08,-0.06,0.00,0.05,-0.08,0.01,0.00,0.01,-0.04,-0.01,-0.01,0.09,0.00,-0.04,-0.09,-0.03,-0.03,0.06,0.02,-0.09,0.08,0.00,0.07,0.04,0.08,-0.01,-0.01,-0.06,-0.13,-0.30,0.18,-0.11,0.16,0.02,0.06,0.04,0.02,-0.04,0.03,0.07,-0.03
 "21000","Kentucky",5,SQGDP11,70,"62","   Health care and social assistance ","Percentage points",0.67,0.62,-0.08,0.05,-0.03,0.00,0.01,-0.37,-0.01,0.05,0.67,-0.15,0.54,0.48,0.89,-0.91,0.57,-0.03,0.36,-0.54,0.56,0.11,0.16,0.25,0.77,0.18,-0.16,1.07,-0.60,0.23,0.08,0.03,-0.44,-0.12,0.05,-0.29,0.26,0.36,0.19,0.78,0.09,0.50,-0.01,0.09,0.53,0.60,-0.17,0.40,0.10,-0.25,0.17,0.92,0.05,0.24,0.02,0.23,0.27,0.31,0.27,-0.02,-4.34,7.66,0.27,0.00,0.47,0.03,1.36,0.07,0.33,0.56,0.28,0.71
 "21000","Kentucky",5,SQGDP11,76,"71","   Arts, entertainment, and recreation ","Percentage points",0.02,-0.03,-0.03,0.03,0.03,-0.14,0.03,0.01,-0.02,0.12,-0.05,-0.10,0.07,0.01,-0.04,0.03,-0.05,0.01,-0.05,0.06,0.04,0.03,0.02,-0.07,0.03,-0.01,0.09,-0.03,0.09,-0.04,-0.01,0.04,0.04,-0.05,0.09,0.11,-0.11,0.12,-0.08,-0.06,-0.07,0.09,0.11,-0.24,0.27,-0.07,-0.01,-0.14,0.17,0.10,0.21,-0.15,0.02,0.01,-0.03,0.06,-0.08,0.04,0.01,0.06,-0.99,0.75,0.07,0.29,-0.08,0.13,0.07,-0.01,0.09,0.07,-0.03,0.07
 "21000","Kentucky",5,SQGDP11,79,"72","   Accommodation and food services ","Percentage points",0.09,0.02,0.00,0.26,-0.18,-0.01,-0.10,0.15,-0.24,-0.20,0.12,0.03,0.15,-0.04,-0.68,-0.63,-0.52,0.06,-0.07,0.33,0.29,0.23,0.00,-0.10,0.14,0.01,-0.04,-0.24,0.00,-0.08,0.16,0.60,-0.14,0.04,0.22,0.18,0.36,0.10,0.05,-0.04,0.21,0.08,0.03,0.11,-0.04,0.22,0.01,-0.33,-0.18,-0.14,0.06,-0.77,0.00,0.08,0.29,0.17,-0.06,0.36,-0.15,-0.78,-3.66,5.24,-1.03,0.96,0.74,0.11,0.74,0.14,0.28,-0.02,-0.29,0.11
 "21000","Kentucky",5,SQGDP11,82,"81","   Other services (except government and government enterprises) ","Percentage points",0.06,0.04,-0.03,-0.10,-0.10,-0.14,-0.19,-0.08,0.06,-0.10,0.01,-0.03,0.02,-0.05,-0.05,-0.26,-0.08,-0.03,0.00,-0.25,0.20,0.08,0.06,-0.31,0.02,0.03,-0.04,0.28,0.00,-0.02,-0.11,-0.09,-0.10,0.04,0.05,-0.09,0.25,0.05,-0.07,-0.09,0.03,-0.10,0.09,-0.10,0.05,0.01,-0.07,0.04,-0.03,0.06,0.00,0.15,0.08,0.04,-0.01,-0.03,-0.07,0.21,0.10,-0.43,-1.27,1.61,0.09,-0.37,0.48,-0.01,0.17,-0.14,-0.02,0.04,-0.01,-0.01
 "21000","Kentucky",5,SQGDP11,83,"..."," Government and government enterprises ","Percentage points",1.03,0.18,1.21,-0.18,0.44,0.51,-0.08,-0.65,0.48,0.84,0.91,1.05,0.68,-0.40,-0.89,-1.02,0.17,-0.62,1.10,1.81,0.61,-0.26,-0.85,-0.25,0.06,-0.53,0.14,-0.04,-0.12,-0.07,-0.27,-0.01,-0.29,-0.49,-0.72,0.20,-0.33,-0.55,-0.99,0.94,-0.48,-0.25,-0.54,-0.40,-0.10,-0.08,-0.04,-1.27,0.29,0.23,0.36,-0.45,0.29,-0.22,0.00,-0.71,0.75,0.14,0.71,0.01,-1.89,0.63,-0.12,0.44,0.25,0.70,-0.23,0.06,-0.17,0.21,0.66,0.43
 "21000","Kentucky",5,SQGDP11,84,"...","  Federal civilian ","Percentage points",-0.01,0.02,0.03,0.05,0.15,0.02,-0.10,-0.07,-0.07,-0.11,-0.05,-0.10,0.02,0.10,0.08,0.14,0.35,0.05,-0.03,-0.21,0.02,-0.06,0.06,0.16,-0.04,-0.17,-0.01,-0.06,-0.06,-0.05,-0.07,0.02,-0.02,-0.12,0.01,0.26,-0.01,0.03,-0.02,0.07,0.06,0.03,0.09,0.11,0.01,-0.04,-0.03,-0.04,0.06,0.06,-0.06,0.01,-0.18,0.00,-0.03,-0.17,0.09,-0.10,-0.08,-0.06,0.08,0.13,-0.20,0.02,-0.06,-0.03,-0.13,-0.04,-0.04,0.00,0.15,0.06
 "21000","Kentucky",5,SQGDP11,85,"...","  Military ","Percentage points",0.39,0.32,0.24,0.00,0.09,0.15,-0.05,-0.19,-0.10,0.14,0.27,0.34,0.37,0.37,0.14,0.13,-0.30,-0.04,0.32,0.44,-0.10,0.06,0.09,0.41,0.27,-0.02,-0.61,-0.09,-0.20,-0.25,-0.20,-0.11,-0.11,0.00,-0.21,-0.06,-0.24,-0.51,-0.13,0.22,0.01,-0.28,-0.22,-0.04,0.05,0.02,-0.01,-0.19,-0.09,0.02,0.06,-0.20,-0.09,-0.02,-0.04,-0.25,0.24,-0.08,-0.01,0.03,0.23,0.19,0.10,0.27,0.18,-0.03,0.03,0.02,0.00,0.00,-0.08,0.20
 "21000","Kentucky",5,SQGDP11,86,"...","  State and local ","Percentage points",0.65,-0.16,0.94,-0.23,0.20,0.33,0.08,-0.39,0.65,0.81,0.69,0.81,0.29,-0.87,-1.11,-1.29,0.11,-0.63,0.81,1.59,0.69,-0.26,-1.00,-0.82,-0.17,-0.33,0.76,0.11,0.15,0.24,0.00,0.08,-0.15,-0.36,-0.52,0.00,-0.07,-0.07,-0.84,0.65,-0.55,0.01,-0.41,-0.46,-0.16,-0.06,0.00,-1.03,0.31,0.15,0.35,-0.26,0.56,-0.19,0.06,-0.28,0.41,0.31,0.80,0.03,-2.21,0.31,-0.02,0.16,0.13,0.76,-0.14,0.07,-0.12,0.20,0.59,0.18
 "22000","Louisiana",5,SQGDP11,1,"...","All industry total (percent change) ","Percent change",5.1,-7.0,-0.8,1.2,-0.9,-2.4,0.3,-17.4,-5.2,-1.7,-1.1,1.0,4.8,1.5,3.2,2.3,-2.6,3.3,4.2,10.8,5.1,2.4,-7.4,-12.0,-4.3,-3.9,7.2,3.7,1.6,-9.5,-5.2,-0.8,-4.6,1.3,1.5,-0.4,11.4,5.9,2.6,-6.6,-3.7,-1.6,-3.9,-3.3,-0.6,0.1,2.2,5.1,1.4,1.7,0.3,4.7,1.1,-0.1,-0.4,0.9,-1.8,1.4,-2.5,-12.3,-32.1,28.8,-6.9,0.3,10.9,-1.4,0.8,-8.9,-3.0,2.5,2.2,1.4
 "22000","Louisiana",5,SQGDP11,2,"..."," Private industries ","Percentage points",5.22,-6.70,0.79,1.71,-1.11,-2.25,0.99,-16.09,-4.05,-1.33,-0.96,0.88,4.78,0.07,3.39,0.36,-3.49,2.36,3.60,10.60,5.13,1.85,-6.84,-12.57,-4.00,-3.61,6.70,5.01,1.33,-8.53,-4.91,-0.31,-4.15,2.27,2.07,0.00,11.73,6.01,2.33,-5.84,-3.63,-1.36,-3.81,-3.52,-0.61,0.03,2.54,4.12,2.11,1.11,0.31,4.68,0.80,0.04,-0.30,1.17,-1.92,1.24,-2.90,-12.33,-30.12,27.13,-6.81,1.71,9.78,-1.32,0.46,-6.97,-2.87,2.46,1.99,1.11
 "22000","Louisiana",5,SQGDP11,3,"11","   Agriculture, forestry, fishing and hunting ","Percentage points",0.13,0.02,-0.02,0.29,0.09,-0.14,0.06,-0.52,0.04,0.03,0.47,-0.57,0.11,-0.34,-0.07,1.21,-0.37,0.04,-0.30,0.52,-0.09,0.05,-0.06,-0.54,0.01,0.05,-0.05,0.20,0.07,0.38,-0.41,0.18,0.21,0.48,-0.41,-0.25,0.20,-0.45,-0.22,0.20,-0.09,0.16,0.01,0.25,-0.12,-0.02,0.06,0.24,-0.30,0.00,0.03,-0.21,0.46,0.01,0.05,-0.28,-0.13,0.14,-0.21,0.16,0.52,-0.27,0.02,-0.89,0.33,0.28,-0.26,0.04,0.13,0.02,0.12,0.43
 "22000","Louisiana",5,SQGDP11,6,"21","   Mining, quarrying, and oil and gas extraction ","Percentage points",0.54,-4.01,0.31,6.07,1.20,1.73,3.26,-1.67,-0.43,-2.87,-4.40,-2.76,-2.72,4.20,10.97,4.39,-1.62,-1.63,-3.02,-2.94,2.16,-0.91,-0.26,-3.05,0.00,1.45,1.75,1.14,-0.72,-3.23,0.01,-1.29,-0.99,-0.77,0.56,-2.19,1.57,0.88,0.20,1.58,-2.72,0.68,-0.14,0.13,-1.70,-0.51,-0.48,-0.28,0.97,0.97,-0.39,-0.03,0.11,0.06,0.18,1.22,0.00,0.15,0.05,-0.43,-0.67,-0.23,0.49,-0.63,0.08,-0.34,-0.11,-2.32,-0.63,0.50,0.70,0.29
 "22000","Louisiana",5,SQGDP11,10,"22","   Utilities ","Percentage points",-0.07,0.75,-0.09,-1.23,1.48,-0.16,-0.39,-0.33,0.17,0.16,0.05,0.57,0.39,0.27,-2.33,0.19,-0.53,0.17,0.91,0.67,0.68,0.09,0.22,-0.13,0.22,-0.19,0.29,-0.81,0.31,0.10,-0.02,-0.46,0.06,0.52,-0.38,0.05,-0.02,-0.32,0.26,-0.61,0.42,-0.31,0.37,-0.43,0.41,0.32,-0.14,-0.24,0.16,-0.06,-0.17,0.09,-0.12,-0.16,0.24,0.03,0.80,-0.41,0.42,-0.07,-0.01,0.42,0.32,-1.04,0.61,0.32,0.00,-1.16,-0.05,-0.41,-0.14,-0.08
 "22000","Louisiana",5,SQGDP11,11,"23","   Construction ","Percentage points",-0.05,-0.92,1.09,1.39,0.75,-0.53,0.05,0.58,0.52,1.03,-0.61,-1.13,1.41,-0.02,0.75,-1.24,-0.09,0.73,-1.15,-0.82,-0.12,0.71,-0.52,-0.14,0.44,-1.05,-0.87,0.87,0.20,-0.78,1.07,-0.38,0.22,-0.09,-0.12,0.14,0.90,0.38,0.07,-0.28,-0.20,0.45,0.38,-0.18,-0.23,0.32,0.91,1.29,-0.33,0.09,-0.65,0.56,0.66,0.02,-0.89,-0.61,-1.12,-0.79,0.01,-1.04,-2.33,0.79,0.08,-0.30,2.20,-0.51,-1.98,-1.85,-1.05,-1.30,-0.42,0.49
 "22000","Louisiana",5,SQGDP11,12,"31-33","   Manufacturing ","Percentage points",4.33,-1.29,-1.89,-8.70,-7.52,-4.87,-3.74,-7.76,-2.16,-1.53,1.50,-3.13,1.45,-3.28,-6.54,-4.70,2.33,2.93,7.49,7.20,0.03,-1.68,-5.90,-6.34,-6.18,-3.75,3.23,2.46,0.22,-5.09,-5.65,-2.18,-1.56,0.00,1.99,3.77,5.05,1.72,0.46,-3.62,-2.23,-2.81,-2.37,-0.54,0.39,0.05,0.89,3.60,2.40,0.02,0.90,1.36,-1.24,-0.23,0.08,1.47,-0.46,0.07,-3.20,-6.63,-7.95,1.35,-2.79,0.36,2.53,-0.95,0.72,0.88,-1.53,0.33,0.66,-1.16
 "22000","Louisiana",5,SQGDP11,13,"321,327-339","     Durable goods manufacturing ","Percentage points",0.47,-0.26,0.22,0.31,-0.01,0.61,0.20,0.56,0.69,0.24,-0.01,-0.67,-0.12,-0.21,-0.56,-1.22,-0.26,-0.01,-0.09,0.61,0.14,0.51,0.04,-0.14,0.14,0.08,0.78,-0.74,0.47,-0.56,0.03,-0.28,-0.15,0.27,0.20,0.48,0.46,0.08,-0.23,-0.82,-0.85,-0.35,-0.18,-0.44,-0.63,-0.25,0.14,0.13,-0.08,0.19,0.25,0.44,0.07,0.04,-0.03,0.01,-0.01,0.10,-0.42,-0.57,-1.20,1.43,-0.77,0.13,1.19,-0.61,0.26,-0.71,0.04,0.13,0.51,-0.12
 "22000","Louisiana",5,SQGDP11,25,"311-316,322-326","     Nondurable goods manufacturing ","Percentage points",3.86,-1.03,-2.11,-9.01,-7.51,-5.48,-3.94,-8.31,-2.86,-1.77,1.51,-2.47,1.56,-3.07,-5.98,-3.48,2.58,2.94,7.58,6.59,-0.11,-2.19,-5.93,-6.20,-6.32,-3.83,2.45,3.19,-0.25,-4.52,-5.68,-1.90,-1.41,-0.26,1.80,3.29,4.59,1.64,0.69,-2.80,-1.38,-2.46,-2.20,-0.11,1.01,0.30,0.75,3.47,2.48,-0.16,0.65,0.92,-1.31,-0.27,0.10,1.45,-0.45,-0.03,-2.78,-6.06,-6.75,-0.08,-2.02,0.23,1.34,-0.34,0.46,1.58,-1.57,0.20,0.15,-1.04
 "22000","Louisiana",5,SQGDP11,34,"42","   Wholesale trade ","Percentage points",0.20,-0.17,0.19,0.44,-0.10,0.27,0.42,-0.25,0.50,0.34,0.12,-0.12,0.09,-0.18,-0.52,-1.25,-0.89,-0.18,0.55,-0.04,0.82,0.47,-0.12,-0.43,-0.07,0.14,1.09,-0.64,0.69,-0.32,0.28,0.40,-0.44,0.14,0.17,-0.28,0.65,0.64,-0.34,-0.27,-0.23,-0.22,-0.31,-0.12,0.04,0.27,-0.29,0.19,-0.21,-0.02,-0.14,0.92,-0.33,0.27,-0.02,0.35,-0.47,0.19,-0.16,0.93,-1.86,2.14,-0.09,0.10,0.42,-0.20,0.32,-0.36,-0.43,0.76,0.71,-0.06
 "22000","Louisiana",5,SQGDP11,35,"44-45","   Retail trade ","Percentage points",1.13,-0.62,0.37,2.18,0.73,-0.37,0.22,0.29,-0.78,0.21,0.01,-0.90,-0.24,-0.32,-0.12,-0.67,-0.01,-0.39,0.11,-0.14,0.56,0.32,-0.56,0.38,-0.30,-0.22,-0.11,0.41,-0.36,0.39,0.12,0.55,-0.25,-0.06,-0.27,-0.12,0.41,0.16,-0.24,-0.42,0.59,0.49,-0.14,0.57,0.71,-0.01,1.04,-0.38,-0.04,0.11,-0.17,0.26,-0.23,0.05,-0.42,-0.02,-0.30,0.23,-0.32,-0.68,-0.99,3.28,-0.92,1.31,-0.93,-1.24,0.12,-0.59,0.06,0.42,0.33,0.49
 "22000","Louisiana",5,SQGDP11,36,"48-49","   Transportation and warehousing ","Percentage points",0.32,0.47,0.11,0.60,0.73,0.21,0.52,-0.06,0.62,-0.13,0.68,0.60,0.35,0.23,-0.28,-0.94,0.04,-0.19,-0.09,0.10,0.08,0.63,0.12,-0.44,0.25,-0.06,0.05,0.22,0.13,0.14,0.45,0.60,-0.03,0.21,0.45,-1.00,0.00,0.65,0.07,-2.45,-0.10,-0.08,-0.73,-0.87,-0.16,-0.79,-0.20,0.13,-0.21,-0.13,0.23,-0.12,0.22,-0.02,-0.08,-0.29,-0.08,0.29,0.06,-0.30,-2.22,2.02,-0.79,0.11,-0.84,0.38,-0.01,-0.35,0.04,0.32,0.12,-0.04
 "22000","Louisiana",5,SQGDP11,45,"51","   Information ","Percentage points",-0.06,0.48,0.09,-0.21,0.12,-0.02,-0.06,0.58,0.00,0.41,-0.09,0.19,0.50,-0.86,0.09,-0.13,-0.39,0.84,0.00,0.07,0.39,0.37,0.01,-0.45,-0.07,-0.39,0.19,0.28,-0.01,-0.36,-0.12,0.77,0.22,0.39,-0.21,-0.79,0.67,-0.24,0.65,-0.03,0.91,0.02,-0.51,-0.28,-0.31,0.46,-0.19,0.17,0.03,0.10,0.01,0.04,0.33,-0.50,0.23,0.00,-0.12,0.34,-0.60,-0.18,-0.91,0.78,0.18,-0.25,1.14,0.06,0.56,0.04,0.04,0.42,-0.06,0.22
 "22000","Louisiana",5,SQGDP11,51,"52","   Finance and insurance ","Percentage points",-0.33,-0.46,1.54,-1.06,-0.28,0.15,-0.19,0.13,0.08,0.09,-0.32,1.27,0.01,-1.11,-1.58,2.93,0.24,-0.09,-0.49,0.54,-0.68,0.45,-0.36,0.80,-0.20,-0.07,-0.43,0.62,-0.67,-0.21,-0.92,-0.12,-0.32,-0.14,0.37,0.97,1.09,-0.12,0.38,0.45,0.36,-0.33,0.93,-0.55,0.83,0.51,0.48,-0.05,-0.53,0.35,-0.25,1.14,-0.64,0.55,-0.90,0.20,-0.34,-0.20,0.90,-0.80,0.74,1.64,-0.03,0.08,0.22,-0.37,0.58,-0.57,0.00,-0.18,-0.20,-0.28
 "22000","Louisiana",5,SQGDP11,56,"53","   Real estate and rental and leasing ","Percentage points",-0.18,-0.37,0.48,0.02,0.20,0.75,0.12,-7.42,-2.73,0.02,0.44,4.78,2.33,1.48,1.51,2.43,-1.00,-0.11,-0.39,3.74,0.12,0.12,0.40,0.08,1.25,0.84,1.35,-0.67,1.03,0.44,-0.18,0.29,-0.24,0.30,-0.28,-1.30,0.11,0.78,0.71,-0.27,-0.06,-0.05,-0.44,-0.35,-0.46,-0.51,-0.30,-0.36,0.33,-0.11,0.18,0.89,0.41,0.33,0.60,0.09,0.25,0.49,-0.19,-0.19,-1.92,1.01,-0.53,0.46,0.23,0.24,0.45,0.13,-0.13,0.26,-0.43,-0.01
 "22000","Louisiana",5,SQGDP11,60,"54","   Professional, scientific, and technical services ","Percentage points",-0.37,-0.27,-0.07,1.13,0.34,0.09,0.10,0.34,0.12,0.60,0.45,0.76,0.71,0.27,0.45,-1.30,-0.49,-0.17,-0.23,0.52,0.27,0.40,-0.03,-0.32,0.21,0.07,0.30,0.31,0.17,-0.04,-0.30,0.63,-0.29,0.11,0.26,0.07,0.28,0.61,-0.13,-0.21,0.02,-0.15,-0.31,-0.27,-0.38,-0.28,0.01,0.03,-0.06,-0.01,0.50,-0.03,0.21,0.10,-0.06,0.28,0.01,0.05,-0.25,-0.89,-1.05,0.89,-0.73,0.16,1.31,0.49,-0.05,0.10,0.31,0.52,0.25,-0.01
 "22000","Louisiana",5,SQGDP11,64,"55","   Management of companies and enterprises ","Percentage points",-0.27,0.75,-0.82,-0.21,-0.01,0.39,-0.07,-0.09,-0.05,-0.19,0.13,0.37,0.08,-0.13,0.09,-0.13,-0.25,0.31,-0.05,-0.13,0.12,0.34,-0.05,-0.19,0.13,-0.15,0.07,-0.10,0.34,-0.20,0.59,0.03,-0.34,0.65,-0.61,0.37,-0.18,-0.02,-0.02,-0.07,-0.19,0.13,-0.05,-0.02,0.11,0.14,-0.07,0.11,0.06,0.03,0.19,-0.51,0.29,-0.09,0.30,-0.17,-0.02,0.01,-0.01,0.26,-0.36,-0.09,0.25,0.47,-0.20,0.27,-0.08,0.27,0.06,0.03,0.11,-0.03
 "22000","Louisiana",5,SQGDP11,65,"56","   Administrative and support and waste management and remediation services ","Percentage points",0.48,-0.25,1.44,0.31,0.00,-0.29,-0.04,0.36,0.13,0.27,0.18,0.22,0.38,-0.43,0.34,-0.69,0.00,-0.03,-0.14,0.29,0.46,0.37,0.01,-0.61,-0.15,-0.34,-0.10,0.23,0.32,-0.19,0.36,-0.03,-0.01,-0.06,0.15,0.22,0.12,0.09,0.07,0.04,-0.05,0.18,-0.58,-0.40,0.03,0.00,0.11,0.13,0.01,0.08,0.01,0.31,0.15,0.07,0.11,-0.06,0.10,-0.12,0.03,-0.23,-1.13,1.21,-0.12,0.46,0.47,0.43,0.64,-0.11,-0.12,-0.07,0.03,0.08
 "22000","Louisiana",5,SQGDP11,69,"61","   Educational services ","Percentage points",-0.02,-0.07,-0.28,0.12,0.00,0.00,0.14,-0.04,0.02,0.05,0.04,0.07,0.06,0.13,0.06,0.14,0.05,-0.03,0.08,0.08,0.11,0.03,0.10,-0.18,0.07,-0.09,0.02,0.08,-0.06,-0.03,0.00,0.04,-0.02,0.09,-0.04,-0.07,-0.01,0.10,-0.03,-0.14,0.00,0.05,0.01,0.22,-0.01,-0.07,0.09,-0.06,0.05,-0.12,0.02,0.13,0.00,0.01,0.09,0.06,0.02,0.04,0.07,-0.29,-0.37,0.22,-0.25,0.24,0.12,0.09,-0.04,0.02,-0.10,0.18,0.13,-0.06
 "22000","Louisiana",5,SQGDP11,70,"62","   Health care and social assistance ","Percentage points",-0.16,-0.09,-0.66,0.22,0.44,-0.01,0.76,-0.56,0.21,0.11,0.60,0.69,0.32,0.52,0.35,0.51,-0.11,-0.01,0.36,0.41,0.21,-0.08,-0.19,0.08,-0.03,0.12,0.11,0.08,-0.05,0.17,0.01,0.20,-0.02,0.34,0.15,0.48,0.34,0.61,0.28,0.17,0.04,0.55,0.12,-0.32,0.51,0.24,0.48,-0.45,0.19,-0.57,0.24,0.19,0.18,0.05,0.11,0.13,0.31,0.11,0.57,-0.51,-2.64,5.71,-1.39,-0.04,0.09,-0.45,0.03,-0.06,0.24,0.50,0.29,0.72
 "22000","Louisiana",5,SQGDP11,76,"71","   Arts, entertainment, and recreation ","Percentage points",-0.40,0.12,-0.13,-0.47,0.30,0.17,-0.28,0.21,-0.17,0.21,-0.22,0.39,-0.23,-0.03,0.04,-0.64,0.15,-0.11,0.24,0.11,-0.32,-0.23,0.59,-0.37,0.15,0.09,-0.26,0.23,-0.29,0.44,-0.47,0.33,-0.15,-0.09,0.16,-0.08,0.05,0.15,-0.15,-0.02,-0.12,-0.13,0.20,-0.18,0.05,0.27,-0.11,0.17,-0.31,0.31,-0.06,0.00,0.31,-0.29,0.02,-0.18,0.08,0.39,0.01,-0.74,-1.28,0.70,0.58,0.32,-0.32,0.40,0.35,-0.70,0.08,0.03,0.05,0.00
 "22000","Louisiana",5,SQGDP11,79,"72","   Accommodation and food services ","Percentage points",0.05,-0.50,-0.72,0.56,0.27,0.35,0.11,0.06,-0.12,-0.13,0.04,-0.54,-0.15,-0.12,-0.01,0.39,-0.27,0.30,-0.14,0.33,0.21,0.36,-0.23,-0.43,0.27,-0.08,0.07,0.05,-0.03,-0.09,0.24,0.32,-0.08,0.19,0.07,0.26,0.24,0.22,0.29,0.20,0.06,0.08,-0.24,-0.22,-0.17,-0.25,0.19,0.15,-0.09,0.02,-0.15,-0.40,-0.06,-0.14,0.09,-0.87,-0.32,0.08,-0.18,-0.38,-4.39,4.28,-0.80,0.89,1.99,-0.14,-0.42,-0.33,0.23,0.06,-0.08,0.16
 "22000","Louisiana",5,SQGDP11,82,"81","   Other services (except government and government enterprises) ","Percentage points",-0.06,-0.25,-0.14,0.27,0.14,0.03,0.01,0.06,-0.03,0.00,-0.04,0.12,-0.10,-0.20,0.18,-0.12,-0.29,-0.02,-0.11,0.09,0.14,0.05,-0.04,-0.31,0.00,0.00,-0.03,0.06,0.01,-0.02,0.04,-0.19,-0.11,0.07,0.02,-0.23,0.26,0.16,0.01,-0.11,-0.05,-0.08,-0.01,0.05,-0.15,-0.12,0.05,-0.26,-0.01,0.06,-0.01,0.10,0.10,-0.04,-0.04,-0.18,-0.12,0.17,0.09,-0.31,-1.32,1.28,-0.30,-0.09,0.34,-0.11,-0.34,-0.05,-0.01,0.08,-0.15,-0.03
 "22000","Louisiana",5,SQGDP11,83,"..."," Government and government enterprises ","Percentage points",-0.16,-0.27,-1.64,-0.55,0.17,-0.13,-0.65,-1.32,-1.17,-0.35,-0.14,0.17,0.00,1.47,-0.18,1.96,0.90,0.94,0.58,0.18,-0.04,0.55,-0.60,0.59,-0.33,-0.25,0.50,-1.27,0.26,-0.98,-0.28,-0.53,-0.43,-0.93,-0.56,-0.37,-0.35,-0.09,0.26,-0.71,-0.09,-0.26,-0.04,0.22,0.01,0.05,-0.35,1.01,-0.67,0.60,0.03,0.02,0.28,-0.10,-0.12,-0.23,0.15,0.16,0.39,0.05,-2.01,1.63,-0.06,-1.39,1.09,-0.04,0.35,-1.89,-0.15,0.05,0.26,0.24
 "22000","Louisiana",5,SQGDP11,84,"...","  Federal civilian ","Percentage points",-0.04,-0.06,-0.04,-0.09,-0.02,-0.10,-0.08,-0.04,-0.03,0.09,0.06,0.09,0.04,0.02,0.00,-0.04,0.10,-0.14,-0.03,0.13,-0.06,-0.07,-0.13,-0.01,-0.02,-0.05,-0.02,-0.02,0.10,-0.02,-0.02,-0.07,-0.14,-0.15,-0.05,0.10,0.00,0.00,0.00,0.00,0.09,0.04,0.07,0.15,0.02,0.05,0.01,0.01,0.02,0.05,0.06,0.02,0.01,-0.01,0.03,-0.08,0.11,0.06,0.01,0.08,0.04,0.43,-0.28,-0.07,-0.02,-0.07,-0.01,0.00,-0.05,-0.04,0.08,0.02
 "22000","Louisiana",5,SQGDP11,85,"...","  Military ","Percentage points",-0.02,-0.09,-0.06,-0.23,-0.10,-0.07,0.00,-0.07,0.08,0.12,0.06,0.05,0.04,0.09,-0.02,0.01,0.00,0.08,0.13,0.23,0.10,0.00,-0.04,-0.03,-0.04,-0.02,0.03,-0.05,-0.09,-0.05,-0.06,0.00,-0.06,-0.03,-0.11,-0.12,-0.02,-0.06,-0.04,-0.12,-0.04,0.04,-0.08,0.05,0.02,0.00,-0.04,-0.32,0.00,0.00,0.00,-0.17,0.00,0.01,0.02,-0.07,0.09,0.01,0.01,-0.02,0.10,0.03,0.04,0.14,0.03,-0.05,0.00,0.10,0.13,-0.09,-0.02,-0.04
 "22000","Louisiana",5,SQGDP11,86,"...","  State and local ","Percentage points",-0.10,-0.12,-1.54,-0.23,0.29,0.04,-0.57,-1.21,-1.21,-0.55,-0.26,0.02,-0.08,1.36,-0.16,2.00,0.80,1.00,0.48,-0.18,-0.08,0.62,-0.44,0.62,-0.27,-0.18,0.50,-1.19,0.24,-0.92,-0.19,-0.46,-0.23,-0.74,-0.40,-0.35,-0.33,-0.04,0.30,-0.59,-0.13,-0.35,-0.03,0.02,-0.03,0.00,-0.32,1.32,-0.69,0.54,-0.02,0.16,0.27,-0.11,-0.17,-0.09,-0.05,0.09,0.37,-0.02,-2.14,1.17,0.18,-1.47,1.08,0.08,0.36,-1.99,-0.23,0.18,0.19,0.25
 "23000","Maine",1,SQGDP11,1,"...","All industry total (percent change) ","Percent change",2.4,1.1,3.8,-0.5,2.0,-2.6,0.4,-3.5,4.6,0.6,-1.0,-1.1,-0.6,-3.5,-9.4,-3.4,3.5,4.2,2.5,-1.6,2.2,2.3,-3.5,-3.0,-1.2,-0.9,6.6,-2.2,2.1,-4.3,-7.5,6.1,-4.2,1.7,2.8,-0.6,3.7,2.6,3.0,-5.7,4.4,0.6,3.6,0.0,4.8,-0.4,3.7,0.9,-1.1,3.9,3.2,4.6,3.0,2.4,-2.1,5.1,1.0,5.3,4.9,-1.0,-24.2,35.2,9.6,2.1,6.0,3.2,5.1,-0.5,-1.2,2.8,2.3,1.6
 "23000","Maine",1,SQGDP11,2,"..."," Private industries ","Percentage points",1.56,1.99,3.35,-0.89,2.71,-3.45,1.87,-4.39,5.00,0.35,-0.67,-1.82,-0.76,-3.29,-9.34,-1.76,2.27,4.43,2.54,-0.93,1.48,3.37,-2.55,-2.88,0.31,-0.82,6.96,-2.46,2.62,-4.23,-7.09,5.85,-3.84,2.46,1.99,-0.91,3.00,3.16,2.59,-3.81,3.27,0.19,3.00,-1.19,4.50,-0.44,4.59,0.57,-0.03,3.40,3.80,4.08,3.21,2.63,-1.72,5.13,0.79,5.53,3.94,-0.74,-23.05,32.84,10.39,2.24,5.30,2.91,4.84,-1.02,-1.04,2.29,2.48,1.29
 "23000","Maine",1,SQGDP11,3,"11","   Agriculture, forestry, fishing and hunting ","Percentage points",0.48,1.10,1.76,-1.18,-0.11,-0.42,0.12,-1.29,0.28,0.06,-0.43,(D),-0.13,0.34,0.91,0.15,-0.54,0.25,-0.80,(D),-0.22,-0.23,-0.20,-0.99,0.42,0.23,0.40,(D),-0.24,-0.16,-0.47,(D),0.54,0.17,0.45,0.12,-0.63,0.18,-0.45,1.98,-0.53,-0.02,-0.12,0.27,-0.54,0.23,0.66,-0.91,0.15,0.38,-0.36,-0.40,0.25,0.40,-0.01,0.23,-0.14,-0.45,-0.33,-0.13,0.73,-0.16,-0.13,-0.67,-0.52,0.50,0.69,-0.91,-0.82,0.25,0.36,0.75
 "23000","Maine",1,SQGDP11,6,"21","   Mining, quarrying, and oil and gas extraction ","Percentage points",0.00,-0.01,0.01,-0.01,0.00,0.01,0.00,-0.01,0.01,0.02,0.02,(D),-0.05,-0.08,0.03,0.02,-0.04,-0.01,-0.01,(D),0.02,-0.01,-0.02,-0.02,0.01,0.03,0.03,(D),0.07,0.00,0.01,(D),0.01,0.01,0.03,-0.05,-0.01,-0.01,0.03,0.00,0.04,0.05,-0.01,0.02,-0.05,-0.01,0.00,0.03,0.03,0.03,0.04,0.04,-0.03,-0.02,-0.03,-0.05,-0.02,0.00,0.04,0.10,0.05,0.04,-0.06,-0.01,-0.02,0.01,0.00,-0.02,0.00,0.00,0.00,0.01
 "23000","Maine",1,SQGDP11,10,"22","   Utilities ","Percentage points",-0.48,-0.07,0.03,0.38,0.52,0.02,0.04,-0.26,1.65,-1.12,-0.43,0.34,0.39,0.06,-0.78,-0.50,-0.21,0.36,0.31,0.49,-0.23,-0.31,0.33,-0.55,0.41,0.16,-0.16,-0.11,0.82,-0.57,-0.31,0.81,-0.81,0.37,-0.19,0.25,-1.11,0.39,0.43,-0.72,0.10,0.47,-0.45,0.11,0.61,-0.11,-0.52,0.19,0.21,-0.53,0.81,-0.51,0.36,-0.49,-0.01,0.02,-0.07,-0.02,0.69,-0.33,0.15,-0.21,-0.05,-0.22,-0.01,0.20,-0.44,0.67,0.12,-0.26,-0.07,-0.10
 "23000","Maine",1,SQGDP11,11,"23","   Construction ","Percentage points",-0.24,-0.15,-0.39,-0.19,-0.42,-0.85,-1.26,0.08,0.13,-0.19,-0.53,-1.09,0.03,-0.28,-0.82,-0.53,0.51,0.97,-0.12,-0.56,0.22,-0.49,-0.10,-0.68,0.07,-0.22,0.25,-0.21,-0.32,-0.65,-0.71,-0.25,-0.18,0.22,-0.28,-0.38,0.16,-0.17,0.21,-0.53,0.09,-0.02,0.26,-0.08,-0.22,-0.26,0.16,0.09,-0.13,0.20,0.38,0.03,0.25,-0.57,-0.28,0.45,-0.07,0.20,-0.14,-0.16,-0.47,0.33,0.99,0.22,-0.12,-0.26,-0.21,-0.16,-0.75,-0.66,-0.19,-0.10
 "23000","Maine",1,SQGDP11,12,"31-33","   Manufacturing ","Percentage points",-0.43,-0.66,1.20,0.08,1.50,-1.56,0.32,0.32,0.75,1.23,1.69,-2.69,1.67,-0.83,-2.28,-3.03,2.06,0.90,1.04,-0.03,-0.46,0.85,-2.64,1.11,-1.32,-0.92,1.17,-0.24,1.16,-2.49,-1.38,1.19,-1.26,0.53,0.51,-0.67,0.88,-0.10,0.02,-1.03,-1.21,-0.04,0.15,0.54,1.56,0.00,1.35,0.44,0.48,0.08,1.37,-0.08,-0.06,0.10,-0.40,0.88,1.10,0.55,0.11,0.78,-4.44,5.71,1.68,1.64,-1.32,-0.08,0.06,1.18,-1.09,-0.15,0.47,-0.84
 "23000","Maine",1,SQGDP11,13,"321,327-339","     Durable goods manufacturing ","Percentage points",-0.39,-0.30,0.61,-0.11,0.30,-0.82,-0.29,0.76,-0.11,0.17,-0.06,-0.27,0.79,0.79,-0.46,-1.43,1.06,0.28,0.51,0.97,-0.52,1.60,-1.45,1.46,-1.04,-0.60,-0.09,-0.89,0.02,-1.31,0.54,1.30,0.12,0.49,0.14,-0.49,0.18,0.24,-0.13,-0.75,0.05,0.81,-0.02,0.70,-0.50,-0.38,1.15,-0.20,-0.01,0.22,0.88,0.67,0.07,-0.08,0.58,-0.36,-0.26,0.06,-0.58,0.63,-2.95,1.84,1.17,1.46,-0.52,0.22,0.25,0.94,-0.21,-0.05,0.27,-0.53
 "23000","Maine",1,SQGDP11,25,"311-316,322-326","     Nondurable goods manufacturing ","Percentage points",-0.03,-0.36,0.59,0.19,1.19,-0.74,0.61,-0.44,0.86,1.07,1.74,-2.42,0.87,-1.61,-1.82,-1.60,1.00,0.62,0.53,-1.00,0.06,-0.75,-1.19,-0.36,-0.28,-0.33,1.26,0.65,1.14,-1.18,-1.92,-0.11,-1.38,0.04,0.37,-0.19,0.71,-0.34,0.15,-0.28,-1.25,-0.85,0.17,-0.16,2.07,0.37,0.20,0.64,0.49,-0.14,0.50,-0.75,-0.13,0.18,-0.98,1.24,1.36,0.49,0.69,0.15,-1.48,3.87,0.51,0.17,-0.80,-0.30,-0.19,0.23,-0.88,-0.10,0.20,-0.31
 "23000","Maine",1,SQGDP11,34,"42","   Wholesale trade ","Percentage points",-0.28,-0.06,0.55,0.08,-0.02,0.02,0.01,-0.31,0.61,-0.12,-0.21,0.06,-0.22,-0.35,-1.11,-0.76,-0.77,0.01,1.07,-0.62,0.75,0.86,-0.40,-0.11,-1.02,0.16,1.07,-0.31,0.97,-0.34,-0.57,0.60,-0.29,0.47,0.22,-0.38,0.57,0.78,0.11,-0.44,0.51,0.09,0.80,-1.26,1.14,-0.38,-0.01,-0.29,-0.21,0.45,-0.42,0.54,-0.31,0.11,-0.03,-0.08,-0.65,0.40,0.44,0.52,-1.28,1.72,0.09,1.05,-0.40,-0.15,0.36,-0.33,-0.59,0.03,0.07,0.13
 "23000","Maine",1,SQGDP11,35,"44-45","   Retail trade ","Percentage points",1.16,0.32,-0.80,0.14,0.32,-1.12,0.29,-1.14,-0.95,0.05,-0.10,0.02,-0.17,-0.32,-0.77,-0.37,0.07,-0.24,0.82,-0.70,0.47,0.02,-0.32,-0.21,-0.62,-0.56,0.96,-0.82,-0.32,0.42,-0.59,0.90,-0.15,-0.02,0.15,0.09,0.13,0.38,0.06,0.09,0.95,0.67,-0.20,0.08,0.24,-0.39,0.69,0.00,0.47,0.63,-0.02,0.22,-0.03,0.68,-0.06,0.48,0.15,0.54,0.09,-0.13,-2.00,3.37,0.18,0.93,-1.38,-1.26,0.35,-0.41,0.02,0.58,1.07,0.54
 "23000","Maine",1,SQGDP11,36,"48-49","   Transportation and warehousing ","Percentage points",-0.16,0.53,0.30,0.18,0.20,0.15,0.13,-0.53,0.07,-0.16,0.30,-0.20,0.09,-0.22,-0.37,-0.22,0.31,0.12,0.11,-0.27,0.30,-0.10,0.15,-0.46,0.01,-0.19,0.07,-0.18,-0.12,0.04,-0.07,0.14,-0.11,0.11,0.03,0.10,-0.07,0.22,-0.06,-0.22,0.13,0.09,-0.09,-0.32,0.48,-0.15,0.14,0.07,0.09,-0.02,0.00,-0.22,-0.06,0.03,0.13,-0.12,-0.12,0.13,0.04,-0.03,-1.24,1.10,0.18,0.08,-0.35,0.16,0.05,-0.56,0.01,0.21,0.11,0.02
 "23000","Maine",1,SQGDP11,45,"51","   Information ","Percentage points",0.31,-0.29,0.33,-0.72,0.17,0.17,-0.44,0.13,-0.24,0.06,-0.07,-0.03,0.39,-0.14,0.14,-0.24,0.17,-0.04,0.05,0.62,-0.31,0.27,-0.24,-0.80,-0.02,-0.19,-0.02,-0.32,-0.08,-0.35,-0.11,0.98,-0.19,-0.08,-0.34,0.12,-0.10,0.03,-0.18,0.31,0.63,0.12,0.18,0.16,-0.10,0.34,0.21,-0.45,0.15,-0.30,0.25,0.53,0.24,0.25,-0.33,0.24,-0.28,0.31,-0.01,-0.34,0.01,0.50,0.11,0.49,0.69,-0.22,0.28,1.48,0.10,0.43,0.19,0.09
 "23000","Maine",1,SQGDP11,51,"52","   Finance and insurance ","Percentage points",-0.05,0.46,-0.77,-0.21,-0.14,0.37,-0.43,0.16,0.93,-0.54,-0.22,1.69,-0.04,-1.98,-3.06,4.73,0.61,0.51,-0.83,0.17,-0.98,-0.06,0.23,0.74,-0.45,0.54,0.86,0.26,-0.27,0.09,-1.26,0.34,-0.87,-0.24,0.37,-0.69,1.30,-0.31,1.56,-0.23,0.73,-0.69,0.29,-1.30,0.62,0.78,1.21,0.43,-1.51,0.73,-0.29,1.22,0.19,0.45,-0.80,0.12,0.36,0.57,2.22,-0.85,1.58,1.82,2.02,-0.74,0.67,-0.42,-0.48,-0.36,0.33,-0.25,-0.19,-0.50
 "23000","Maine",1,SQGDP11,56,"53","   Real estate and rental and leasing ","Percentage points",1.51,-0.02,0.37,-1.73,-0.03,0.33,3.54,-1.46,1.20,0.48,-1.09,-2.32,-2.33,-1.96,-0.05,1.69,0.27,1.42,0.41,0.07,0.96,0.37,1.31,-0.19,1.65,0.15,1.47,-0.56,0.12,-0.02,-1.25,0.27,-0.39,0.71,0.14,0.33,0.28,-0.05,-0.87,-0.95,-0.73,-0.41,0.01,0.57,0.46,-0.39,-0.50,-0.13,-0.51,-0.14,0.74,1.37,0.86,0.54,0.24,0.01,0.56,1.47,1.11,1.98,-0.21,2.85,0.07,0.02,0.39,0.23,0.99,0.06,0.17,0.49,-0.38,0.35
 "23000","Maine",1,SQGDP11,60,"54","   Professional, scientific, and technical services ","Percentage points",-0.25,-0.25,0.06,0.09,0.32,-0.19,0.07,-0.06,-0.05,0.45,0.71,0.46,-0.03,1.73,-1.18,-0.10,-0.78,-0.05,-0.16,-0.19,0.30,0.37,-0.06,-0.36,0.48,0.25,-0.01,-0.10,0.39,-0.15,-0.65,0.79,-0.36,0.20,0.09,-0.02,0.26,0.82,-0.05,-0.37,0.52,-0.08,1.21,0.11,-0.41,-0.17,0.33,0.11,0.64,0.02,0.75,0.58,0.48,0.02,-0.56,0.86,-0.16,1.14,0.01,0.42,-0.58,0.12,0.92,0.55,0.39,1.21,0.42,0.26,0.04,0.31,0.47,-0.03
 "23000","Maine",1,SQGDP11,64,"55","   Management of companies and enterprises ","Percentage points",0.04,0.13,-0.20,0.62,0.15,-0.27,-0.18,-0.26,0.62,0.06,-0.56,1.82,-1.00,-0.14,-0.25,-0.60,0.15,0.32,0.02,-0.05,-0.05,0.16,0.21,-0.33,-0.03,0.32,0.40,-0.15,0.09,0.29,0.03,-0.57,0.45,-0.12,0.14,0.86,0.06,0.08,0.29,-0.42,0.12,0.22,0.09,0.34,0.05,0.73,-0.21,-0.27,0.27,0.72,0.05,-0.11,0.49,0.42,0.05,0.97,-0.30,0.10,0.57,-0.31,0.04,0.21,1.12,0.87,0.74,0.59,0.88,-0.70,0.26,0.20,0.37,-0.06
 "23000","Maine",1,SQGDP11,65,"56","   Administrative and support and waste management and remediation services ","Percentage points",0.13,0.09,0.00,0.30,0.06,0.00,0.03,0.57,0.57,0.39,0.48,-0.08,0.11,0.27,-0.24,-0.51,0.14,-0.01,0.34,0.25,0.05,-0.07,0.21,0.08,-0.16,0.26,-0.03,-0.25,0.16,-0.12,-0.03,0.30,0.09,0.14,0.06,0.15,0.05,0.21,-0.07,0.05,-0.05,0.18,-0.05,-0.22,0.16,-0.21,0.39,-0.11,0.29,0.00,0.31,0.27,-0.08,0.14,-0.12,-0.10,-0.05,0.19,-0.38,0.82,-1.19,1.49,0.29,-0.42,0.39,0.10,0.90,0.98,0.25,0.20,-0.12,0.08
 "23000","Maine",1,SQGDP11,69,"61","   Educational services ","Percentage points",0.02,0.14,0.08,0.04,0.06,0.03,0.00,0.28,-0.04,-0.02,-0.01,0.01,0.08,0.11,0.11,0.17,0.01,-0.02,0.00,0.10,0.00,0.08,0.05,-0.08,0.07,-0.05,0.01,0.07,0.04,0.00,-0.08,0.00,-0.05,0.05,0.04,-0.05,0.07,0.09,0.01,-0.17,0.03,0.04,0.16,-0.10,0.06,0.01,0.05,-0.05,0.00,0.00,0.02,0.15,0.06,0.05,0.17,0.23,0.08,0.00,-0.12,-0.19,-0.80,0.22,0.03,0.03,0.32,0.17,0.05,0.14,-0.06,0.02,0.10,-0.08
 "23000","Maine",1,SQGDP11,70,"62","   Health care and social assistance ","Percentage points",-0.29,0.54,0.63,1.09,0.36,-0.05,0.02,-0.30,-0.23,0.11,0.08,0.84,0.62,0.50,0.99,-1.07,0.53,0.01,-0.22,-1.31,0.41,1.13,-1.30,0.38,0.78,-0.90,0.68,0.18,-0.11,-0.21,0.25,-0.04,-0.17,0.09,0.26,-0.84,0.77,-0.04,1.24,-0.77,1.47,-0.44,0.52,-0.19,0.48,-0.79,0.01,1.12,-0.53,0.90,0.15,0.37,-0.17,0.42,0.13,1.04,0.45,-0.04,-0.17,0.09,-4.86,7.27,2.33,-3.20,2.10,0.66,1.04,-1.26,0.36,0.44,0.44,0.76
 "23000","Maine",1,SQGDP11,76,"71","   Arts, entertainment, and recreation ","Percentage points",0.06,0.09,0.12,-0.09,0.06,0.02,0.00,0.05,0.12,-0.12,-0.04,0.00,-0.03,0.20,-0.14,-0.08,0.10,0.02,0.25,-0.22,0.14,0.08,0.19,-0.16,0.02,-0.10,0.07,0.07,0.07,0.10,0.01,0.11,-0.08,-0.08,0.06,0.04,-0.02,0.10,-0.03,-0.06,-0.10,-0.02,0.05,0.15,-0.02,-0.02,0.34,-0.27,0.11,0.08,-0.15,0.13,0.18,0.02,0.01,-0.03,-0.01,0.07,0.04,-0.23,-2.01,0.80,0.47,0.50,0.19,0.63,0.55,-0.23,0.16,0.35,0.20,0.35
 "23000","Maine",1,SQGDP11,79,"72","   Accommodation and food services ","Percentage points",0.04,0.07,0.00,0.36,-0.24,-0.05,-0.25,-0.03,-0.32,-0.17,-0.10,-0.40,-0.08,-0.16,-0.26,-0.32,-0.22,-0.05,0.14,0.29,0.13,0.31,0.03,-0.07,0.04,0.28,-0.25,0.64,0.16,-0.13,0.18,0.54,0.00,-0.04,0.15,0.14,0.30,0.34,0.28,-0.17,0.44,0.09,0.19,-0.02,-0.02,0.33,0.26,0.61,0.01,0.10,0.14,-0.22,0.48,0.08,0.18,-0.01,0.05,0.22,-0.32,-2.74,-5.08,4.42,-0.33,1.49,3.36,0.50,-0.79,-0.83,0.39,-0.05,-0.63,0.03
 "23000","Maine",1,SQGDP11,82,"81","   Other services (except government and government enterprises) ","Percentage points",0.00,0.01,0.08,-0.12,-0.05,-0.05,-0.13,-0.30,-0.09,-0.12,-0.15,-0.13,-0.08,-0.05,-0.19,-0.18,-0.10,-0.02,0.11,-0.17,0.00,0.13,0.03,-0.18,-0.03,-0.10,-0.01,-0.12,0.03,0.01,-0.09,0.08,-0.04,-0.05,0.10,-0.02,0.12,0.21,0.06,-0.14,0.12,-0.10,0.03,-0.05,0.00,0.03,0.03,-0.03,-0.05,0.08,0.02,0.16,0.11,0.00,0.02,-0.02,-0.09,0.14,0.04,-0.01,-1.45,1.26,0.48,-0.37,0.16,0.33,0.14,-0.02,0.06,0.14,0.21,-0.09
 "23000","Maine",1,SQGDP11,83,"..."," Government and government enterprises ","Percentage points",0.83,-0.86,0.44,0.43,-0.68,0.89,-1.48,0.93,-0.42,0.21,-0.31,0.73,0.12,-0.21,-0.03,-1.65,1.23,-0.22,-0.07,-0.67,0.72,-1.05,-0.99,-0.12,-1.47,-0.13,-0.40,0.23,-0.48,-0.10,-0.37,0.25,-0.39,-0.74,0.84,0.29,0.67,-0.60,0.40,-1.94,1.15,0.36,0.61,1.21,0.34,0.03,-0.90,0.35,-1.11,0.49,-0.55,0.52,-0.23,-0.20,-0.36,-0.01,0.18,-0.24,0.99,-0.27,-1.20,2.37,-0.83,-0.13,0.74,0.29,0.27,0.57,-0.21,0.50,-0.16,0.30
 "23000","Maine",1,SQGDP11,84,"...","  Federal civilian ","Percentage points",0.02,-0.07,0.03,0.11,0.02,0.03,0.03,0.08,0.02,0.16,0.09,0.00,0.11,0.05,-0.07,-0.15,0.19,-0.07,-0.14,0.13,0.39,-0.77,-0.05,0.18,0.00,0.02,0.15,-0.12,0.04,-0.01,-0.10,0.02,-0.17,-0.18,0.03,0.30,0.01,0.00,0.02,0.20,0.27,0.18,0.16,0.24,0.03,0.12,0.11,0.09,0.09,0.13,0.01,-0.03,0.09,0.14,0.14,-0.05,0.23,0.06,0.08,0.25,0.25,0.50,-0.58,0.19,-0.07,-0.07,-0.04,0.05,0.07,0.06,0.20,0.26
 "23000","Maine",1,SQGDP11,85,"...","  Military ","Percentage points",0.09,-0.10,0.19,-0.16,-0.05,0.06,-0.45,0.02,0.00,0.07,-0.13,0.11,-0.06,0.10,0.00,-0.22,0.03,-0.18,0.01,-0.09,-0.15,-0.17,-0.11,-0.11,-0.26,0.05,0.01,-0.04,-0.07,-0.10,-0.09,-0.04,0.01,-0.01,-0.09,-0.06,-0.06,-0.08,-0.06,-0.08,-0.01,-0.01,-0.02,0.11,-0.09,-0.06,-0.06,-0.16,-0.12,-0.07,0.00,-0.42,-0.11,-0.01,0.07,-0.29,0.03,-0.01,0.01,0.00,-0.01,0.03,-0.01,0.15,0.02,-0.12,0.03,0.18,-0.24,0.04,-0.13,0.00
 "23000","Maine",1,SQGDP11,86,"...","  State and local ","Percentage points",0.72,-0.69,0.22,0.47,-0.64,0.80,-1.07,0.83,-0.43,-0.03,-0.28,0.62,0.07,-0.36,0.03,-1.28,1.01,0.03,0.07,-0.71,0.48,-0.11,-0.82,-0.20,-1.21,-0.20,-0.56,0.39,-0.45,0.00,-0.18,0.26,-0.24,-0.55,0.90,0.05,0.72,-0.52,0.44,-2.06,0.88,0.19,0.46,0.87,0.40,-0.02,-0.96,0.42,-1.08,0.43,-0.55,0.97,-0.20,-0.33,-0.57,0.33,-0.07,-0.28,0.90,-0.52,-1.43,1.85,-0.24,-0.47,0.79,0.48,0.28,0.34,-0.04,0.39,-0.23,0.04
 "24000","Maryland",2,SQGDP11,1,"...","All industry total (percent change) ","Percent change",4.7,7.4,1.6,-1.7,0.2,1.6,1.2,-4.2,4.2,-0.8,4.6,4.9,4.5,-1.1,-4.7,-5.3,2.1,2.7,5.0,5.6,5.0,3.0,5.9,-1.9,4.0,0.3,1.6,0.7,-4.0,2.6,-4.4,5.4,-1.8,2.1,1.3,-0.5,5.6,3.4,-1.8,5.6,1.1,2.6,3.2,4.9,3.6,2.8,3.0,-0.8,1.3,2.5,3.4,-3.3,1.8,-0.1,-0.4,-3.4,3.7,1.2,0.5,-10.0,-25.3,28.9,1.1,12.3,-3.0,3.0,4.4,-4.1,-0.9,1.8,0.3,0.7
 "24000","Maryland",2,SQGDP11,2,"..."," Private industries ","Percentage points",3.07,7.36,1.19,-1.56,0.04,0.73,1.15,-3.95,3.92,-1.26,3.67,4.62,3.89,-1.36,-5.17,-4.88,1.01,2.22,4.46,4.75,4.59,3.09,4.68,-2.31,3.12,-0.50,2.35,0.33,-3.53,2.90,-3.56,3.81,-1.32,2.33,1.88,-1.22,4.89,3.17,-1.68,5.42,1.20,1.84,2.89,4.75,3.40,2.93,2.17,-1.09,1.19,2.51,2.81,-2.75,2.02,-0.28,0.57,-3.12,2.52,1.07,-0.56,-10.66,-25.15,28.43,0.84,11.13,-2.20,2.78,5.00,-5.41,-0.98,1.27,-0.30,0.13
 "24000","Maryland",2,SQGDP11,3,"11","   Agriculture, forestry, fishing and hunting ","Percentage points",0.06,0.01,-0.01,0.02,0.09,-0.10,-0.07,-0.11,-0.06,-0.04,-0.09,0.30,-0.08,-0.08,0.05,0.21,-0.03,0.13,-0.03,-0.33,0.12,0.02,-0.07,0.01,-0.12,-0.05,-0.02,0.30,-0.10,-0.12,-0.07,0.27,0.14,0.02,-0.03,-0.07,0.02,-0.02,0.00,-0.02,0.03,0.05,-0.02,0.08,0.01,-0.04,-0.09,0.22,-0.07,-0.01,0.07,-0.11,0.08,-0.09,-0.10,0.21,-0.08,0.01,0.06,0.03,-0.56,0.31,0.10,0.22,-0.18,-0.01,-0.07,0.15,0.10,-0.03,0.10,-0.07
 "24000","Maryland",2,SQGDP11,6,"21","   Mining, quarrying, and oil and gas extraction ","Percentage points",0.04,-0.07,0.00,0.05,-0.01,0.03,-0.03,0.02,-0.01,-0.02,-0.03,0.00,-0.07,-0.07,-0.05,-0.09,-0.06,0.00,0.07,0.08,0.13,0.08,-0.07,-0.11,0.00,-0.06,0.02,0.00,0.01,-0.04,-0.01,-0.01,-0.02,0.01,0.00,-0.02,0.01,0.00,0.02,0.01,0.00,0.02,0.00,0.00,-0.03,-0.01,-0.01,0.02,0.02,0.00,0.00,-0.03,0.01,0.01,-0.01,0.06,0.00,0.00,-0.01,0.03,-0.03,-0.01,-0.04,-0.01,0.00,0.01,0.01,-0.03,-0.01,0.01,0.00,0.00
 "24000","Maryland",2,SQGDP11,10,"22","   Utilities ","Percentage points",-0.61,0.61,-0.14,0.27,0.80,-0.55,0.16,1.57,0.01,-0.77,0.38,-0.20,0.33,0.32,-0.80,-0.64,0.68,0.32,0.31,2.08,-1.07,-0.37,0.33,0.41,0.28,-0.41,-0.49,0.57,-0.97,0.60,-0.51,0.26,-0.12,-0.25,-0.32,0.05,0.04,0.22,-0.40,0.74,-0.16,0.41,-0.31,0.67,-0.29,0.17,-0.02,-0.09,0.31,-0.13,0.83,-1.11,0.87,-0.47,0.02,-0.45,-0.10,-0.11,0.29,-0.42,0.14,0.06,-0.46,0.04,0.10,-0.28,0.10,-0.90,-0.06,-0.34,0.07,-0.01
 "24000","Maryland",2,SQGDP11,11,"23","   Construction ","Percentage points",-0.49,-0.29,-0.16,0.27,-0.62,-0.52,-0.61,0.00,0.23,-0.46,-0.43,-0.43,-0.20,0.12,-0.81,-1.56,-0.03,0.43,-0.85,-0.82,0.84,-0.36,0.19,-0.09,0.06,-0.05,0.17,0.38,-0.43,0.05,0.53,0.14,-0.07,0.38,-0.24,0.25,0.66,0.05,0.04,-0.20,0.93,0.40,0.38,0.45,0.46,0.58,0.61,0.69,-0.18,-0.03,0.49,-0.27,-0.49,-0.11,-0.04,-0.09,0.24,0.11,-0.41,-0.35,-1.18,0.99,0.55,-0.04,0.15,-0.95,-0.83,-0.57,-1.20,-1.13,-0.32,-0.01
 "24000","Maryland",2,SQGDP11,12,"31-33","   Manufacturing ","Percentage points",-0.26,0.23,0.90,0.16,0.27,0.86,0.34,-0.74,3.00,-1.37,0.99,-0.49,0.89,0.04,-0.50,-0.81,1.01,1.01,1.21,0.23,-0.94,0.46,0.76,-1.05,0.52,-0.49,-0.32,-0.73,-1.60,-0.19,-0.32,2.00,-0.32,0.68,-0.13,-0.46,0.31,-0.19,-0.23,0.22,-0.09,-0.20,0.48,0.81,0.39,0.45,-0.25,-0.03,0.42,-0.29,0.89,-0.19,0.18,0.29,0.47,-1.07,1.53,0.86,0.32,-0.78,-1.32,2.43,-0.55,1.18,-0.95,-0.59,0.73,0.25,-0.55,-0.08,0.27,-0.19
 "24000","Maryland",2,SQGDP11,13,"321,327-339","     Durable goods manufacturing ","Percentage points",0.13,-0.05,0.35,-0.02,0.27,0.19,-0.13,-0.20,0.70,0.34,0.79,0.69,0.52,0.84,-0.03,-0.92,0.18,-0.07,0.29,-0.09,0.28,0.27,0.31,-0.58,1.23,-0.21,-0.15,-0.37,-0.81,-0.18,-0.17,0.95,-0.48,0.29,0.21,-0.33,0.09,0.23,-0.25,0.23,-0.23,0.26,0.09,0.64,-0.03,0.37,0.22,-0.08,0.13,0.10,0.79,0.01,0.72,0.15,0.25,-0.02,0.15,0.05,0.02,-0.44,-0.92,1.27,-0.13,0.26,-0.10,-0.49,0.44,0.10,-0.03,0.01,0.30,-0.05
 "24000","Maryland",2,SQGDP11,25,"311-316,322-326","     Nondurable goods manufacturing ","Percentage points",-0.40,0.28,0.55,0.18,0.01,0.66,0.47,-0.54,2.30,-1.71,0.20,-1.18,0.37,-0.80,-0.48,0.11,0.83,1.07,0.91,0.32,-1.21,0.19,0.45,-0.47,-0.72,-0.27,-0.17,-0.36,-0.79,-0.01,-0.15,1.04,0.16,0.39,-0.34,-0.13,0.21,-0.42,0.02,-0.01,0.15,-0.47,0.39,0.17,0.42,0.07,-0.47,0.05,0.29,-0.38,0.10,-0.20,-0.55,0.15,0.22,-1.05,1.38,0.81,0.30,-0.34,-0.40,1.16,-0.42,0.91,-0.85,-0.10,0.30,0.15,-0.53,-0.09,-0.03,-0.14
 "24000","Maryland",2,SQGDP11,34,"42","   Wholesale trade ","Percentage points",-0.07,0.30,0.53,-0.33,-0.22,-0.10,-0.01,-0.17,0.40,-0.02,0.15,0.15,-0.05,-0.32,-0.94,-1.17,-0.76,0.35,0.57,-0.41,0.71,0.50,-0.08,-0.19,-0.23,-0.39,0.53,-0.13,0.36,-0.06,-0.68,0.76,-0.49,0.17,0.51,-0.35,0.33,0.37,0.04,0.24,0.30,0.26,-0.31,-0.39,0.22,0.25,0.02,-0.07,0.02,0.09,-0.11,0.27,-0.37,0.06,-0.04,0.35,-0.37,0.12,-0.17,0.23,-1.50,1.83,0.10,0.49,0.17,-0.63,0.48,-0.77,-0.27,0.20,-0.02,0.01
 "24000","Maryland",2,SQGDP11,35,"44-45","   Retail trade ","Percentage points",0.58,1.13,-1.02,-0.06,0.19,-0.79,0.46,-0.62,-0.57,-0.12,0.19,-0.64,-0.22,-0.29,-0.41,-0.56,-0.32,0.04,0.41,0.45,0.53,0.03,0.04,0.13,-0.07,-0.37,0.27,0.60,-0.59,0.55,-0.03,0.17,-0.27,0.01,0.06,0.12,0.32,0.00,-0.35,0.56,0.36,0.13,0.00,0.39,-0.05,0.28,-0.02,-0.02,0.14,0.37,-0.12,0.25,-0.19,0.29,-0.32,0.20,-0.06,0.10,-0.20,-0.40,-2.28,2.66,-0.38,1.58,-1.09,-0.76,0.24,-0.18,0.03,0.33,0.22,0.35
 "24000","Maryland",2,SQGDP11,36,"48-49","   Transportation and warehousing ","Percentage points",0.23,0.39,0.07,-0.12,0.06,-0.14,-0.18,-0.07,-0.07,-0.08,0.22,-0.21,0.15,-0.08,-0.29,-0.28,0.24,0.11,0.14,-0.05,0.19,0.39,0.11,-0.29,0.04,-0.14,0.22,-0.15,-0.09,0.03,-0.12,-0.10,0.22,0.04,0.12,0.29,-0.11,0.21,-0.15,0.24,0.01,0.17,-0.04,0.20,0.02,-0.01,0.23,-0.37,0.22,-0.06,-0.07,0.42,-0.18,0.02,0.00,-0.29,0.16,0.05,-0.02,0.04,-1.40,1.15,-0.01,0.19,-0.35,0.40,0.11,-0.52,0.05,0.21,0.00,0.08
 "24000","Maryland",2,SQGDP11,45,"51","   Information ","Percentage points",0.47,0.30,-0.32,-1.55,0.70,1.18,0.89,-5.12,1.14,0.48,-0.31,5.21,-0.29,-0.51,-0.89,1.95,-0.15,0.19,1.41,1.94,0.31,0.18,-0.23,-0.43,0.89,0.13,0.98,-2.83,0.80,0.10,-0.26,-1.13,0.38,0.42,0.05,-2.54,0.52,-0.09,-0.15,1.68,-0.30,0.64,0.42,1.13,0.46,-0.06,0.03,0.30,0.29,0.58,0.08,-2.41,0.65,0.46,0.98,-3.28,0.89,1.27,0.27,-2.57,1.40,1.65,0.60,3.47,-3.33,2.12,1.22,-2.70,-0.09,0.57,0.09,0.16
 "24000","Maryland",2,SQGDP11,51,"52","   Finance and insurance ","Percentage points",0.98,1.25,0.08,-0.72,-1.04,0.54,-0.60,1.88,-0.89,-1.31,-0.88,-0.49,-0.63,-1.53,-0.47,2.16,1.52,0.31,-0.75,-0.30,-1.08,-0.25,0.43,-0.22,-0.98,0.45,0.02,1.81,-0.62,0.87,-1.28,-0.36,-0.19,-0.02,1.21,1.44,1.16,-0.20,0.06,-0.01,-0.47,-1.17,0.24,0.26,1.06,0.94,0.64,-1.23,-0.84,1.01,0.23,0.02,0.54,-0.20,-1.42,0.60,-0.27,-0.14,0.69,-1.29,0.13,1.94,0.16,0.61,-0.52,0.10,0.45,-1.00,0.13,-0.24,-0.56,-0.59
 "24000","Maryland",2,SQGDP11,56,"53","   Real estate and rental and leasing ","Percentage points",1.23,1.33,1.13,-1.41,-0.56,0.58,0.67,0.51,0.73,1.55,1.88,0.97,2.26,-0.50,-0.28,-2.68,-0.71,-0.54,0.73,1.84,2.37,0.96,1.66,0.16,0.88,0.02,0.59,-1.25,-0.09,0.44,-0.15,1.13,0.51,0.83,0.01,-1.24,0.00,0.55,0.08,1.95,-0.03,0.64,1.01,1.02,0.57,-0.04,-0.28,-0.01,-0.01,0.58,-1.16,-0.48,-0.03,-0.77,0.26,-0.42,-0.23,-0.51,-1.61,-1.40,-3.04,0.72,0.10,0.02,0.62,0.36,0.78,0.19,-0.22,0.21,-0.58,-0.07
 "24000","Maryland",2,SQGDP11,60,"54","   Professional, scientific, and technical services ","Percentage points",0.37,0.65,0.20,0.53,-0.08,0.21,0.19,-0.42,-0.01,0.74,0.68,0.73,0.98,0.96,-0.07,-0.11,-0.50,0.48,0.43,0.23,0.80,0.90,0.92,-0.69,1.04,0.41,0.40,0.31,0.64,0.29,-0.96,-0.12,-0.47,-0.13,0.48,0.02,0.80,1.26,-0.62,-0.88,0.24,0.00,0.87,0.30,0.09,0.01,0.29,-0.21,0.05,0.50,0.65,0.93,0.23,0.19,0.49,0.33,1.16,-0.52,0.15,-0.56,-1.61,2.78,0.28,0.28,1.85,1.46,0.45,-0.57,0.31,0.75,0.21,-0.32
 "24000","Maryland",2,SQGDP11,64,"55","   Management of companies and enterprises ","Percentage points",-0.07,-0.06,-0.24,0.51,-0.13,-0.03,0.01,-0.06,0.00,-0.14,0.07,-0.04,0.00,0.01,-0.08,-0.52,0.39,0.15,0.31,-0.36,0.18,0.28,-0.14,0.41,-0.17,-0.08,0.21,0.30,-0.20,0.09,0.15,0.15,0.00,0.05,0.06,0.13,-0.17,0.19,-0.11,0.01,-0.05,0.03,-0.01,0.01,0.07,-0.06,0.24,-0.08,0.33,-0.12,0.26,0.20,-0.06,0.14,-0.04,0.59,-0.38,0.03,0.07,-0.33,-0.03,0.15,0.24,0.35,-0.08,-0.10,0.08,1.11,0.10,0.05,0.24,0.01
 "24000","Maryland",2,SQGDP11,65,"56","   Administrative and support and waste management and remediation services ","Percentage points",0.11,0.04,-0.03,0.26,-0.02,0.07,0.03,0.17,0.13,0.26,0.43,-0.43,0.21,-0.03,-0.13,-0.51,-0.15,-0.07,0.30,0.65,0.09,-0.04,0.19,-0.01,0.09,0.14,0.10,0.27,-0.29,0.08,-0.05,0.47,-0.27,0.06,0.02,0.00,0.29,0.13,-0.05,0.06,0.08,0.01,-0.09,-0.06,0.06,0.07,0.35,0.10,0.02,0.19,0.39,-0.24,-0.05,0.07,0.13,-0.12,-0.03,0.11,-0.28,0.12,-1.50,1.11,0.03,1.22,0.01,0.48,0.67,0.24,0.09,0.06,-0.17,-0.15
 "24000","Maryland",2,SQGDP11,69,"61","   Educational services ","Percentage points",0.01,0.07,-0.01,-0.01,-0.01,0.05,0.00,-0.01,-0.03,-0.02,0.08,0.04,0.08,0.19,0.04,0.33,0.10,-0.16,-0.01,0.12,0.09,0.03,-0.04,0.15,-0.03,0.03,0.16,-0.11,0.06,-0.05,-0.05,-0.32,0.07,-0.06,0.21,-0.01,0.09,-0.01,-0.08,0.01,-0.03,0.06,0.06,0.16,-0.01,-0.13,0.08,-0.09,-0.03,0.16,0.08,0.07,0.18,-0.08,-0.03,0.01,0.07,-0.27,0.26,-0.41,-0.60,0.36,-0.30,0.48,-0.15,0.29,0.05,-0.01,-0.10,0.02,0.16,0.04
 "24000","Maryland",2,SQGDP11,70,"62","   Health care and social assistance ","Percentage points",0.37,1.06,0.20,-0.02,0.66,-0.50,0.35,-0.46,0.23,0.21,0.33,0.64,0.36,0.52,0.50,-0.05,0.14,-0.24,0.25,-0.55,0.62,-0.03,0.41,-0.15,0.60,0.32,-0.32,0.43,-0.43,0.34,0.05,0.16,-0.04,0.00,-0.26,0.48,0.19,0.38,0.24,0.46,0.06,0.47,0.18,-0.37,0.30,0.21,0.32,-0.23,0.53,-0.54,0.53,0.20,0.18,-0.08,0.06,0.40,0.04,-0.03,-0.02,0.01,-4.05,4.50,0.18,0.42,-0.22,-0.29,0.57,0.44,0.30,0.37,0.26,0.65
 "24000","Maryland",2,SQGDP11,76,"71","   Arts, entertainment, and recreation ","Percentage points",-0.10,-0.01,0.06,0.25,-0.07,-0.03,-0.22,0.24,0.01,0.05,0.03,-0.41,0.14,-0.03,0.18,-0.12,-0.08,-0.08,-0.04,0.21,0.13,0.06,0.14,-0.04,0.08,0.09,-0.07,0.29,0.07,-0.04,0.16,0.63,-0.15,0.11,0.03,0.67,0.01,0.07,0.04,0.17,0.04,-0.11,0.05,0.06,0.09,0.13,0.07,-0.40,0.09,0.20,-0.22,-0.31,0.38,-0.01,-0.08,-0.51,-0.02,0.06,0.18,-0.83,-1.93,1.11,0.73,0.17,-0.14,0.32,0.24,-0.38,0.16,0.23,0.24,0.01
 "24000","Maryland",2,SQGDP11,79,"72","   Accommodation and food services ","Percentage points",0.18,0.25,-0.03,0.35,-0.02,-0.03,-0.17,-0.47,-0.27,-0.19,0.07,0.00,0.15,-0.04,-0.18,-0.24,-0.13,-0.01,0.08,-0.11,0.38,0.13,0.07,-0.16,0.19,0.04,0.01,-0.04,0.06,-0.02,0.07,-0.19,-0.17,-0.04,0.06,0.01,0.25,0.09,0.04,0.25,0.21,0.14,-0.04,0.10,-0.01,0.11,0.04,0.42,-0.14,-0.08,-0.07,0.02,0.05,-0.01,0.23,0.46,0.02,-0.07,-0.19,-1.48,-4.06,3.35,-0.56,0.58,1.58,0.57,-0.38,-0.13,0.23,0.04,-0.38,0.13
 "24000","Maryland",2,SQGDP11,82,"81","   Other services (except government and government enterprises) ","Percentage points",0.06,0.17,-0.01,-0.02,0.04,0.01,-0.06,-0.10,-0.06,-0.01,-0.07,-0.09,-0.11,-0.05,-0.04,-0.20,-0.14,-0.18,-0.07,-0.15,0.18,0.10,0.07,-0.16,0.04,-0.08,-0.12,0.31,-0.14,-0.01,-0.04,-0.08,-0.07,0.05,0.04,0.00,0.19,0.16,-0.10,-0.06,0.06,-0.10,0.02,-0.08,-0.03,0.09,-0.08,-0.02,0.00,0.10,0.06,0.03,0.08,0.02,0.01,-0.12,-0.05,-0.01,0.05,-0.29,-1.74,1.35,0.09,-0.13,0.32,0.28,0.10,-0.03,0.03,0.05,-0.15,0.10
 "24000","Maryland",2,SQGDP11,83,"..."," Government and government enterprises ","Percentage points",1.60,0.07,0.41,-0.10,0.18,0.86,0.02,-0.22,0.23,0.51,0.88,0.30,0.60,0.25,0.43,-0.37,1.12,0.44,0.58,0.87,0.44,-0.05,1.20,0.43,0.92,0.78,-0.74,0.38,-0.46,-0.35,-0.86,1.61,-0.51,-0.26,-0.60,0.70,0.76,0.23,-0.15,0.16,-0.12,0.73,0.31,0.18,0.16,-0.10,0.85,0.30,0.10,-0.01,0.62,-0.56,-0.20,0.19,-0.94,-0.33,1.20,0.14,1.02,0.65,-0.12,0.45,0.27,1.15,-0.79,0.26,-0.57,1.33,0.07,0.57,0.63,0.54
 "24000","Maryland",2,SQGDP11,84,"...","  Federal civilian ","Percentage points",0.28,0.06,0.38,-0.14,0.01,-0.05,0.03,0.29,0.28,0.44,0.17,0.25,0.40,0.23,0.21,0.59,0.21,0.68,0.35,0.40,0.80,0.22,0.17,0.98,0.71,0.34,-0.08,0.12,-0.36,-0.19,-0.17,0.18,0.00,-0.54,-0.07,0.82,0.11,0.07,0.07,0.10,0.08,0.45,0.43,0.55,-0.01,0.24,0.11,0.27,0.27,0.20,0.20,0.01,0.23,0.26,-0.20,-0.25,1.06,0.40,0.27,0.19,0.65,-0.19,0.91,0.32,-0.21,-0.02,-0.37,-0.15,0.24,0.15,0.35,0.57
 "24000","Maryland",2,SQGDP11,85,"...","  Military ","Percentage points",0.12,-0.10,0.00,-0.10,0.20,0.28,-0.07,-0.18,-0.17,-0.02,0.07,0.10,0.04,0.12,0.02,-0.01,0.06,-0.18,0.04,0.18,0.02,0.03,0.03,0.20,0.10,0.04,0.60,0.08,0.03,0.01,0.00,0.07,0.05,0.01,-0.34,0.23,0.04,-0.01,-0.16,0.25,0.01,0.00,-0.03,0.34,0.00,0.01,0.05,0.15,-0.26,-0.06,0.01,-0.30,-0.30,-0.03,-0.01,-0.18,0.21,0.00,-0.05,-0.17,0.27,0.10,0.07,0.33,0.00,-0.25,-0.29,0.29,-0.17,0.20,0.03,-0.18
 "24000","Maryland",2,SQGDP11,86,"...","  State and local ","Percentage points",1.21,0.12,0.03,0.13,-0.04,0.63,0.07,-0.33,0.12,0.09,0.65,-0.04,0.16,-0.09,0.21,-0.94,0.85,-0.06,0.19,0.29,-0.37,-0.30,1.00,-0.75,0.12,0.39,-1.27,0.18,-0.14,-0.16,-0.69,1.36,-0.55,0.27,-0.19,-0.35,0.61,0.16,-0.05,-0.19,-0.22,0.29,-0.09,-0.71,0.18,-0.35,0.70,-0.11,0.08,-0.15,0.42,-0.27,-0.13,-0.04,-0.72,0.10,-0.08,-0.25,0.80,0.64,-1.04,0.55,-0.70,0.51,-0.58,0.53,0.10,1.19,0.00,0.22,0.25,0.15
 "25000","Massachusetts",1,SQGDP11,1,"...","All industry total (percent change) ","Percent change",1.2,4.9,1.7,2.6,2.0,-1.5,7.3,-0.9,3.7,5.3,5.7,1.8,4.4,-4.7,-7.8,-2.0,-0.4,2.6,3.8,5.6,6.7,6.8,1.1,-5.3,13.0,-5.8,6.9,0.1,3.3,1.1,-1.8,-0.3,0.1,3.5,0.9,-4.2,4.1,6.8,5.9,1.9,4.5,-0.9,4.4,-1.7,2.9,4.5,-1.5,-1.0,2.9,4.5,4.2,5.3,3.9,1.9,1.1,4.4,1.9,2.4,1.5,-1.2,-31.8,29.0,12.1,4.5,8.3,5.0,5.8,-0.9,-2.6,3.2,2.9,2.5
 "25000","Massachusetts",1,SQGDP11,2,"..."," Private industries ","Percentage points",1.65,4.57,0.84,3.35,1.34,-1.50,6.99,-0.88,2.97,5.30,5.32,1.58,4.39,-4.68,-8.16,-1.09,-0.93,2.95,3.68,6.59,6.20,7.11,-0.04,-5.87,11.58,-5.52,7.75,0.80,4.67,0.74,-1.19,-1.16,0.22,3.39,1.28,-4.70,4.32,6.33,6.50,1.40,4.97,-1.82,4.50,-0.66,2.32,4.89,-1.94,-0.70,2.34,4.74,3.61,5.44,3.61,1.93,0.60,4.94,1.72,2.41,1.38,-0.91,-30.46,29.05,11.56,4.61,7.87,4.59,5.82,-1.77,-2.48,3.16,2.60,2.58
 "25000","Massachusetts",1,SQGDP11,3,"11","   Agriculture, forestry, fishing and hunting ","Percentage points",0.02,0.18,0.15,-0.02,0.00,-0.03,0.10,-0.35,0.18,-0.04,-0.04,(D),-0.16,0.06,0.14,0.19,-0.06,-0.06,-0.16,0.45,-0.18,-0.04,-0.04,-0.32,0.17,0.09,0.05,-0.06,-0.04,-0.05,-0.08,(D),0.08,0.01,0.08,-0.18,-0.07,0.01,-0.04,0.13,-0.04,0.01,0.00,-0.02,-0.04,0.05,0.05,-0.06,0.01,0.03,-0.01,-0.07,0.02,0.07,0.04,-0.01,-0.01,-0.03,-0.05,-0.04,0.05,0.00,0.04,-0.04,-0.05,0.06,0.06,-0.08,-0.12,0.07,0.11,0.23
 "25000","Massachusetts",1,SQGDP11,6,"21","   Mining, quarrying, and oil and gas extraction ","Percentage points",-0.01,-0.05,-0.01,0.01,0.00,0.03,0.04,0.05,0.01,-0.02,-0.05,(D),-0.04,-0.02,0.02,0.02,0.00,0.00,-0.01,-0.03,0.02,-0.01,-0.01,-0.01,0.00,0.00,0.02,-0.01,0.01,-0.01,0.00,(D),0.00,0.01,0.01,0.01,0.01,0.00,0.02,-0.01,0.01,0.03,0.03,0.04,-0.03,-0.01,-0.02,-0.03,-0.01,-0.01,0.00,-0.01,0.01,0.00,0.01,0.02,0.00,-0.01,0.00,-0.01,-0.03,-0.01,-0.03,0.00,0.00,0.01,0.00,0.00,0.00,0.00,0.01,0.00
 "25000","Massachusetts",1,SQGDP11,10,"22","   Utilities ","Percentage points",-0.20,-0.06,0.17,0.74,0.38,0.03,-0.12,0.32,-0.09,-0.03,-0.36,0.96,0.43,0.19,-0.54,-1.82,0.06,0.28,-0.16,1.25,0.06,-0.60,-0.27,0.25,0.41,-0.14,0.58,-0.74,0.30,-0.07,0.30,0.46,-0.55,0.07,-0.33,-0.32,0.31,0.32,0.38,-0.67,0.32,0.19,-0.24,-0.11,-0.03,0.08,0.05,0.18,0.71,-0.30,0.38,0.22,0.05,-0.51,0.14,0.44,0.13,-0.23,-0.03,1.29,-0.52,0.69,-0.19,-0.09,0.37,-0.43,-0.03,0.09,-0.17,-0.42,0.27,-0.05
 "25000","Massachusetts",1,SQGDP11,11,"23","   Construction ","Percentage points",-0.14,-0.17,-0.32,0.04,-0.66,-0.58,-0.74,0.08,0.34,-0.30,-0.60,-0.65,0.14,-0.06,-0.56,-1.17,0.02,0.21,-0.43,-0.27,0.25,0.04,-0.17,-0.16,0.55,0.02,0.40,0.23,-0.03,0.11,0.35,0.01,0.14,0.09,-0.21,-0.25,0.17,0.13,0.22,-0.02,0.55,0.20,0.12,0.25,-0.15,-0.09,0.46,0.09,0.06,0.27,0.23,0.05,0.12,-0.13,0.08,0.50,-0.24,-0.16,-0.02,0.34,-2.88,2.55,0.56,0.72,0.00,-0.63,-0.80,0.50,-0.78,-0.75,-0.15,0.18
 "25000","Massachusetts",1,SQGDP11,12,"31-33","   Manufacturing ","Percentage points",-0.98,1.27,1.73,1.46,0.99,0.56,1.26,2.09,1.34,1.63,2.61,-3.66,0.25,-1.04,-2.21,-1.22,0.33,0.78,2.09,1.26,0.89,1.80,0.84,-1.65,1.97,-3.02,1.93,0.29,0.26,-0.66,-0.25,-0.83,0.62,1.12,-0.62,0.18,0.76,1.06,1.06,0.39,-0.36,-1.08,-0.05,-0.26,-0.15,2.01,-2.54,0.01,0.39,0.18,1.40,1.23,0.46,-0.39,0.21,-1.05,-0.18,0.65,-0.24,0.10,-3.57,4.57,-0.31,1.32,-0.01,-1.11,1.20,-0.46,-1.03,0.08,0.04,-0.45
 "25000","Massachusetts",1,SQGDP11,13,"321,327-339","     Durable goods manufacturing ","Percentage points",-0.87,1.28,1.57,0.46,0.47,0.58,0.91,2.45,1.03,1.03,-0.13,-0.71,-0.31,-0.23,-1.17,-1.25,-0.29,0.66,1.39,1.53,1.38,2.04,1.42,-1.29,1.35,-2.39,1.99,-0.21,-0.01,-0.10,-0.38,-0.72,-0.19,0.39,-0.63,-0.34,0.74,0.68,0.25,-0.02,0.46,-0.27,0.12,0.37,-0.54,1.91,-1.89,0.34,0.07,0.09,0.87,0.15,0.43,-0.36,0.33,-0.44,-0.66,-0.23,-0.36,-0.30,-1.96,3.09,0.11,0.90,-0.29,-0.78,0.83,0.14,-0.55,-0.07,0.32,-0.18
 "25000","Massachusetts",1,SQGDP11,25,"311-316,322-326","     Nondurable goods manufacturing ","Percentage points",-0.12,-0.01,0.16,1.00,0.52,-0.02,0.36,-0.36,0.31,0.59,2.73,-2.95,0.56,-0.81,-1.04,0.03,0.61,0.12,0.70,-0.27,-0.49,-0.24,-0.58,-0.36,0.62,-0.63,-0.07,0.49,0.27,-0.56,0.13,-0.11,0.81,0.73,0.01,0.53,0.02,0.39,0.82,0.41,-0.82,-0.81,-0.18,-0.62,0.40,0.10,-0.65,-0.33,0.33,0.09,0.53,1.08,0.03,-0.03,-0.12,-0.61,0.49,0.88,0.12,0.40,-1.60,1.48,-0.42,0.42,0.28,-0.33,0.36,-0.60,-0.48,0.15,-0.28,-0.27
 "25000","Massachusetts",1,SQGDP11,34,"42","   Wholesale trade ","Percentage points",-0.08,0.41,-0.08,2.14,-2.04,0.28,-0.09,0.31,0.77,-0.08,0.18,0.46,0.23,-0.61,-1.05,-0.65,-0.96,0.49,0.69,-0.54,0.74,0.66,-0.27,-0.40,-0.05,-0.20,0.82,-1.12,0.41,-0.08,-0.53,0.60,0.07,0.29,0.27,-0.80,0.73,0.67,0.37,-0.46,0.84,-0.11,0.05,-0.56,0.68,0.15,-0.07,-0.26,0.13,-0.27,0.62,-0.77,-0.54,0.49,-0.40,-0.03,-0.38,-0.07,0.20,0.31,-1.35,1.81,0.67,0.77,0.31,0.11,-0.45,-0.33,-0.30,0.10,0.31,0.18
 "25000","Massachusetts",1,SQGDP11,35,"44-45","   Retail trade ","Percentage points",0.50,0.35,-0.49,-0.48,-0.04,-0.50,-0.18,-0.16,-0.66,0.01,-0.15,0.04,-0.17,-0.23,-0.33,-0.03,-0.03,0.11,0.41,-0.01,0.17,0.04,0.11,-0.39,-0.01,-0.20,0.22,-0.24,-0.41,0.35,-0.08,0.37,-0.05,-0.09,0.15,-0.03,0.19,0.01,0.19,-0.03,0.47,0.25,0.23,0.23,0.02,0.20,0.11,-0.04,0.23,0.41,0.00,0.35,-0.04,0.36,-0.27,0.70,0.03,0.12,-0.24,0.04,-2.47,2.86,0.03,1.16,-1.06,-0.96,0.28,-0.55,0.07,0.25,0.27,0.51
 "25000","Massachusetts",1,SQGDP11,36,"48-49","   Transportation and warehousing ","Percentage points",0.17,0.32,-0.08,-0.34,0.05,0.00,0.04,-0.10,0.22,-0.11,0.23,-0.25,-0.05,-0.08,-0.14,-0.26,0.15,-0.04,0.05,0.04,0.03,0.18,0.23,-0.13,0.25,-0.04,0.01,-0.16,-0.05,-0.01,0.05,-0.02,-0.05,0.15,0.19,-0.03,0.06,0.22,-0.13,0.06,0.12,0.18,0.04,-0.03,0.13,0.09,0.20,0.11,0.05,-0.01,0.03,0.16,-0.01,0.06,0.07,0.25,0.10,0.07,-0.18,-0.58,-1.62,0.73,0.20,0.43,-0.07,0.35,0.14,-0.31,0.06,0.22,0.01,0.12
 "25000","Massachusetts",1,SQGDP11,45,"51","   Information ","Percentage points",0.67,-0.47,-0.16,-0.61,0.96,0.40,-0.10,0.36,0.20,1.18,0.80,1.02,0.79,0.09,0.20,-1.71,-0.35,0.62,0.45,1.00,0.81,1.00,-0.17,-0.23,1.02,-1.06,0.39,-0.75,0.19,0.20,-0.04,0.45,0.24,0.29,-0.30,0.28,-0.01,0.00,0.00,1.82,-0.22,-0.03,0.26,0.88,0.18,0.39,-0.86,0.98,0.19,0.48,0.26,0.36,0.96,0.08,0.31,0.03,0.76,0.93,-0.39,0.80,0.89,-0.30,0.87,0.97,0.96,0.53,0.62,0.16,0.29,1.17,0.46,0.23
 "25000","Massachusetts",1,SQGDP11,51,"52","   Finance and insurance ","Percentage points",0.69,-0.04,0.45,-0.60,0.74,-0.06,2.40,-2.18,-1.30,1.11,-2.25,0.66,-1.90,-3.13,-4.31,11.68,3.14,0.20,-2.58,1.15,-1.64,-1.36,0.23,-2.15,0.93,2.57,1.32,0.23,2.95,0.65,0.26,-3.76,0.18,-0.68,0.92,-3.33,1.34,-0.12,2.79,0.90,0.45,-0.65,1.63,-2.04,0.71,1.81,-1.18,-1.77,-0.34,1.76,-1.12,2.49,-0.15,0.23,-1.07,1.38,-0.13,-1.28,1.24,-0.31,1.78,-2.11,3.98,-1.21,-0.41,-0.16,0.15,1.45,-2.28,-0.26,-0.09,-0.52
 "25000","Massachusetts",1,SQGDP11,56,"53","   Real estate and rental and leasing ","Percentage points",1.24,1.27,-0.31,-1.29,0.48,-0.53,3.40,-1.56,0.57,0.47,2.20,1.89,1.14,0.24,-0.11,-2.38,-1.15,-0.78,0.98,2.08,2.09,1.58,0.24,-0.53,1.02,-0.08,0.43,-0.72,0.47,0.59,-0.79,0.76,-0.10,1.53,-0.97,-0.15,-0.50,0.55,-0.84,-0.59,-0.53,-0.10,0.74,0.23,0.18,-0.33,0.11,-0.57,0.02,0.18,0.40,0.53,0.46,0.00,0.52,0.88,-0.10,0.49,-0.40,0.46,-2.08,1.26,-0.22,0.96,0.38,0.56,0.90,0.63,0.35,0.52,-0.23,0.46
 "25000","Massachusetts",1,SQGDP11,60,"54","   Professional, scientific, and technical services ","Percentage points",-0.03,0.62,-0.28,1.07,0.05,0.49,0.15,-0.17,0.34,1.42,1.66,0.91,2.57,-0.97,0.14,-1.64,-1.78,0.60,0.97,0.42,1.10,1.41,0.61,-0.91,1.01,0.06,0.65,2.38,0.17,0.06,-1.46,0.36,0.07,0.44,0.62,-0.63,0.83,2.34,0.52,-0.51,1.78,0.15,0.80,0.96,-0.14,0.90,0.81,0.35,0.93,1.05,0.99,0.65,0.85,1.03,0.25,0.29,1.88,1.04,1.87,-0.07,-2.89,4.63,2.96,-0.34,3.09,2.81,1.68,-3.14,0.46,1.07,1.32,0.31
 "25000","Massachusetts",1,SQGDP11,64,"55","   Management of companies and enterprises ","Percentage points",-0.44,0.17,-0.03,0.19,0.14,-1.07,0.32,0.14,-0.05,-0.09,-0.07,-0.39,0.73,0.16,-0.64,-0.17,-0.40,0.41,0.41,-0.76,0.07,0.80,0.02,-0.21,3.78,-3.55,0.65,0.06,0.28,0.12,0.74,-0.36,-0.36,0.20,0.75,0.31,-0.79,0.09,0.51,0.92,0.44,-1.16,0.03,-0.67,0.87,-0.10,0.19,0.17,-0.30,0.09,0.56,0.24,0.63,0.30,0.24,-0.32,0.14,0.38,-0.06,-0.29,-0.18,0.07,0.92,-0.83,0.62,0.01,0.34,-0.81,0.19,0.08,0.20,0.00
 "25000","Massachusetts",1,SQGDP11,65,"56","   Administrative and support and waste management and remediation services ","Percentage points",0.17,0.11,0.01,0.17,0.23,-0.15,0.22,0.45,0.30,0.15,0.14,-0.18,-0.02,-0.06,-0.29,-0.83,-0.16,-0.04,0.19,0.27,0.32,0.15,0.06,0.16,0.04,0.12,-0.12,0.32,-0.12,-0.10,0.04,0.12,0.01,0.02,0.14,-0.05,0.22,0.13,-0.10,0.12,0.04,0.16,0.03,-0.09,-0.03,0.00,0.30,0.06,0.36,0.28,0.05,-0.27,0.40,0.19,0.28,0.53,-0.54,0.08,-0.20,0.02,-1.48,0.82,0.57,0.49,0.54,0.45,0.84,0.53,0.12,0.07,0.18,0.15
 "25000","Massachusetts",1,SQGDP11,69,"61","   Educational services ","Percentage points",-0.03,0.13,-0.28,0.17,-0.05,0.10,0.05,0.09,0.20,-0.05,0.27,0.13,0.15,0.25,0.16,0.57,-0.37,0.04,0.26,0.17,0.20,0.15,-0.07,0.14,0.00,-0.02,-0.15,0.07,0.20,-0.16,-0.12,-0.08,0.10,-0.05,0.07,-0.27,0.15,0.05,0.20,-0.02,-0.10,-0.05,0.23,0.05,0.19,-0.09,0.06,-0.04,-0.15,0.12,-0.04,0.15,0.07,0.06,0.05,0.22,0.05,0.13,-0.14,-0.16,-1.10,0.54,-0.14,-0.02,0.22,0.32,0.26,0.03,-0.15,0.18,0.00,-0.02
 "25000","Massachusetts",1,SQGDP11,70,"62","   Health care and social assistance ","Percentage points",0.06,0.36,0.54,0.98,0.20,-0.14,0.06,0.15,0.65,0.07,0.73,0.78,0.45,0.65,1.35,-1.35,0.91,0.02,0.36,-0.23,0.63,1.03,-1.16,1.00,-0.02,-0.36,0.80,0.91,-0.07,-0.13,0.35,0.42,-0.13,0.04,0.24,-0.15,0.63,0.54,1.09,-0.80,0.96,0.12,0.29,0.56,-0.17,-0.50,0.51,0.18,0.06,0.42,-0.12,-0.22,-0.13,0.11,0.07,0.66,-0.03,0.13,0.38,0.02,-4.66,5.46,1.47,-0.78,0.38,0.82,0.21,0.31,0.34,0.48,0.38,0.79
 "25000","Massachusetts",1,SQGDP11,76,"71","   Arts, entertainment, and recreation ","Percentage points",-0.04,0.08,-0.05,-0.23,0.09,-0.23,0.30,-0.29,0.03,0.16,0.07,-0.09,-0.05,-0.01,0.10,0.26,-0.15,0.07,0.01,0.45,0.21,-0.02,-0.14,-0.12,0.32,0.09,-0.24,0.14,-0.03,-0.10,0.00,0.52,0.04,0.04,0.06,0.69,0.04,0.05,0.05,0.21,-0.12,0.07,0.05,-0.08,0.12,0.13,0.11,-0.38,-0.05,0.09,-0.04,0.02,0.17,0.04,-0.09,-0.16,0.24,0.07,-0.06,-1.26,-1.90,0.72,0.52,0.53,0.20,0.51,0.31,0.31,0.21,0.25,-0.04,0.33
 "25000","Massachusetts",1,SQGDP11,79,"72","   Accommodation and food services ","Percentage points",0.01,0.02,-0.03,-0.02,-0.14,-0.01,-0.08,-0.05,-0.05,-0.13,0.05,-0.09,0.06,-0.02,-0.05,-0.38,0.07,0.07,0.16,0.07,0.33,0.20,-0.01,0.00,0.18,0.12,-0.15,0.21,0.02,-0.04,0.08,0.10,-0.02,-0.04,0.13,-0.07,0.11,0.16,0.19,0.06,0.31,0.10,0.18,-0.05,-0.01,0.20,-0.14,0.31,0.07,-0.09,0.00,0.10,0.21,-0.08,0.17,0.53,0.05,0.03,-0.25,-1.35,-4.80,3.40,-0.59,0.68,1.98,1.04,-0.03,-0.23,0.24,0.01,-0.35,0.14
 "25000","Massachusetts",1,SQGDP11,82,"81","   Other services (except government and government enterprises) ","Percentage points",0.05,0.07,-0.09,-0.04,-0.04,-0.08,-0.04,-0.06,-0.03,-0.04,-0.11,0.01,-0.16,-0.08,-0.05,-0.19,-0.20,-0.03,-0.03,-0.17,0.09,0.10,-0.04,-0.20,0.04,0.06,0.14,-0.24,0.16,0.06,0.00,-0.13,-0.06,-0.05,0.10,0.10,0.16,0.11,0.01,-0.07,0.06,-0.12,0.06,0.05,0.01,0.01,-0.08,0.00,-0.03,0.08,0.03,0.22,0.06,0.00,0.00,0.07,-0.04,0.07,-0.05,-0.23,-1.69,1.37,0.27,-0.12,0.42,0.28,0.14,0.12,0.02,0.04,-0.08,-0.01
 "25000","Massachusetts",1,SQGDP11,83,"..."," Government and government enterprises ","Percentage points",-0.42,0.32,0.81,-0.80,0.66,0.02,0.29,0.00,0.76,-0.05,0.40,0.27,0.01,0.00,0.38,-0.89,0.55,-0.39,0.14,-1.02,0.47,-0.29,1.13,0.57,1.38,-0.25,-0.89,-0.66,-1.39,0.37,-0.58,0.87,-0.11,0.10,-0.34,0.51,-0.21,0.49,-0.56,0.46,-0.47,0.88,-0.07,-0.99,0.56,-0.38,0.48,-0.28,0.58,-0.25,0.57,-0.11,0.25,-0.03,0.52,-0.58,0.15,-0.02,0.16,-0.28,-1.29,0.00,0.49,-0.16,0.39,0.39,-0.04,0.87,-0.10,0.02,0.34,-0.03
 "25000","Massachusetts",1,SQGDP11,84,"...","  Federal civilian ","Percentage points",-0.22,-0.08,-0.01,0.03,0.05,0.04,-0.01,0.04,0.02,0.06,-0.01,0.03,0.02,0.03,-0.03,-0.04,0.08,-0.03,-0.10,-0.04,0.15,-0.17,-0.02,-0.03,-0.07,0.00,-0.04,0.00,-0.01,0.05,-0.01,-0.02,-0.02,-0.14,0.02,0.10,0.02,-0.01,0.01,0.06,0.02,-0.01,0.00,0.03,0.00,0.04,0.01,0.03,0.05,0.05,0.00,0.00,0.01,-0.02,-0.01,-0.09,0.10,0.05,0.04,0.06,0.05,0.32,-0.10,0.05,0.03,-0.03,-0.02,0.01,-0.05,-0.05,0.06,0.03
 "25000","Massachusetts",1,SQGDP11,85,"...","  Military ","Percentage points",0.02,0.04,0.23,-0.12,0.04,0.21,0.17,0.13,0.26,0.37,0.00,0.20,-0.01,-0.11,-0.23,-0.15,-0.21,-0.14,-0.07,-0.07,-0.06,-0.08,-0.03,-0.12,0.00,-0.05,-0.03,-0.13,-0.05,-0.02,-0.06,-0.07,-0.05,-0.05,-0.12,-0.14,-0.02,0.04,0.04,-0.21,0.01,-0.03,-0.05,-0.06,-0.04,-0.06,-0.04,-0.07,0.00,0.01,0.00,-0.16,-0.06,-0.02,0.28,-0.27,0.07,-0.03,0.03,-0.01,0.08,-0.07,-0.02,0.13,-0.08,-0.11,-0.12,0.44,-0.02,-0.11,0.12,-0.07
 "25000","Massachusetts",1,SQGDP11,86,"...","  State and local ","Percentage points",-0.22,0.36,0.59,-0.70,0.57,-0.23,0.13,-0.16,0.49,-0.48,0.42,0.04,-0.01,0.08,0.63,-0.70,0.69,-0.21,0.31,-0.91,0.38,-0.03,1.19,0.72,1.45,-0.20,-0.82,-0.53,-1.33,0.34,-0.50,0.96,-0.03,0.28,-0.24,0.55,-0.20,0.46,-0.61,0.61,-0.50,0.92,-0.03,-0.96,0.59,-0.36,0.51,-0.24,0.53,-0.31,0.57,0.05,0.30,0.01,0.26,-0.21,-0.02,-0.04,0.09,-0.32,-1.42,-0.25,0.61,-0.34,0.44,0.53,0.10,0.42,-0.03,0.18,0.16,0.01
 "26000","Michigan",3,SQGDP11,1,"...","All industry total (percent change) ","Percent change",1.2,-2.8,0.7,-4.3,0.7,-2.2,-3.2,3.5,-0.7,-0.5,-7.3,-6.6,-3.7,-9.9,-11.8,-23.0,2.3,1.4,7.5,0.4,14.2,9.5,-0.8,0.5,-1.1,1.3,11.8,-1.8,0.7,0.8,-1.3,5.4,-0.7,2.3,0.8,-2.7,6.8,3.0,-0.4,2.6,3.1,1.6,0.8,0.7,5.7,0.0,2.3,-1.2,2.2,0.6,3.4,4.5,1.3,-0.4,-3.1,0.4,1.2,3.0,-0.5,-5.7,-40.1,65.9,2.8,4.5,14.0,-0.3,2.4,2.5,-1.7,1.7,0.3,1.7
 "26000","Michigan",3,SQGDP11,2,"..."," Private industries ","Percentage points",1.20,-2.45,0.52,-3.54,0.73,-1.67,-3.22,4.35,-1.00,-0.07,-6.98,-7.11,-4.16,-9.66,-10.60,-22.87,2.25,1.35,7.01,0.43,13.97,10.10,-0.60,1.69,-0.77,1.48,12.19,-2.37,2.75,0.12,-0.90,5.17,0.06,2.58,1.42,-2.00,6.33,2.87,-0.45,2.15,3.41,1.61,1.15,1.29,5.20,0.07,1.85,-1.05,2.05,0.60,3.27,5.32,0.97,-0.25,-3.09,0.66,0.71,2.60,-1.27,-5.58,-38.11,64.75,2.73,5.23,13.16,-1.19,3.23,1.93,-1.88,1.62,0.08,1.35
 "26000","Michigan",3,SQGDP11,3,"11","   Agriculture, forestry, fishing and hunting ","Percentage points",0.15,-0.02,-0.10,0.42,0.09,-0.13,0.11,-0.51,-0.10,-0.13,0.14,0.00,-0.06,-0.06,0.39,-0.45,0.16,0.36,0.15,0.05,-0.03,-0.21,-0.21,0.74,-0.27,0.10,0.57,-1.44,0.15,0.16,-0.12,0.50,0.02,0.07,-0.15,-0.22,0.21,-0.04,0.06,-0.02,0.09,0.16,0.08,-0.04,-0.05,0.00,-0.10,0.31,-0.06,-0.15,-0.16,0.15,0.12,-0.01,0.02,-0.15,0.01,-0.03,-0.18,0.92,-0.38,0.50,-0.40,-0.30,0.32,0.00,0.28,0.24,-0.05,-0.17,-0.11,0.29
 "26000","Michigan",3,SQGDP11,6,"21","   Mining, quarrying, and oil and gas extraction ","Percentage points",0.02,-0.12,0.08,0.18,0.04,-0.04,0.00,-0.06,-0.06,0.04,-0.09,-0.02,0.02,-0.04,0.44,-0.09,-0.16,-0.08,0.02,0.05,0.23,0.30,-0.11,0.16,0.01,-0.02,0.16,-0.11,0.12,-0.28,0.04,0.03,-0.11,0.06,0.12,-0.06,-0.03,0.00,-0.01,0.00,0.00,-0.11,0.05,0.17,-0.14,-0.12,-0.10,0.00,0.09,0.00,-0.01,-0.08,0.01,0.01,-0.02,0.05,-0.02,0.00,0.02,0.12,-0.12,0.16,0.00,0.11,-0.02,0.07,-0.03,0.05,0.01,0.12,0.16,0.03
 "26000","Michigan",3,SQGDP11,10,"22","   Utilities ","Percentage points",0.12,-0.09,0.32,-0.26,0.70,-0.16,0.00,0.36,-0.05,-0.11,-0.10,0.27,0.63,0.22,-1.18,-0.52,0.55,-0.33,0.90,0.21,0.40,0.10,-0.18,-0.16,0.08,0.34,0.76,-0.38,0.22,0.39,-0.49,-0.10,-0.06,-0.02,-0.26,0.11,-0.38,-0.03,-0.50,0.04,0.25,0.34,-0.18,0.53,0.22,-0.09,0.44,-0.51,0.16,-0.23,0.23,-0.47,0.43,-0.23,-0.06,0.00,0.22,-0.07,0.38,-0.15,0.28,-0.18,-0.02,-0.24,-0.10,0.57,-1.25,0.74,-0.16,-0.46,-0.26,-0.10
 "26000","Michigan",3,SQGDP11,11,"23","   Construction ","Percentage points",-0.60,-0.81,-0.55,-0.39,-0.45,-1.04,-0.89,-0.04,-0.07,-0.32,-1.11,-0.93,-0.39,0.05,-0.54,-1.21,-0.31,-0.18,-0.28,-0.17,0.72,0.13,-0.15,-0.66,0.42,0.35,0.27,0.43,0.53,0.01,0.47,-0.02,-0.45,0.27,-0.05,0.09,0.01,0.13,-0.22,0.09,0.43,-0.29,-0.02,0.35,0.04,-0.39,0.42,0.14,0.01,-0.01,0.14,0.28,0.00,-0.18,-0.50,0.08,-0.21,-0.09,-0.11,0.08,-2.30,3.88,-0.15,0.53,0.31,-0.65,-0.87,0.37,-0.85,-0.72,-0.07,0.37
 "26000","Michigan",3,SQGDP11,12,"31-33","   Manufacturing ","Percentage points",-0.11,-1.50,2.04,-1.47,1.25,0.11,-1.29,4.41,-0.10,0.44,-1.37,-4.40,-1.83,-4.60,-6.85,-13.42,0.85,2.14,4.24,3.37,7.98,5.74,-1.13,3.75,-1.88,-0.32,3.81,0.49,0.35,-1.85,2.11,2.15,1.47,1.26,0.20,-2.91,2.06,0.47,-0.85,0.26,-1.27,0.82,-0.60,-0.89,4.39,-0.81,-0.78,-0.13,1.82,-0.34,1.43,0.40,1.56,-1.00,-1.59,-0.49,0.63,0.10,-0.37,-2.62,-10.94,22.95,0.51,1.55,5.60,-0.87,1.79,0.68,-1.50,-0.12,0.07,-0.80
 "26000","Michigan",3,SQGDP11,13,"321,327-339","     Durable goods manufacturing ","Percentage points",0.34,-1.13,1.28,-2.54,0.71,0.41,-1.44,5.51,0.15,0.72,-1.54,-3.06,-2.26,-3.94,-5.78,-12.69,0.01,1.59,3.44,3.21,8.82,5.73,-0.77,2.74,-1.42,0.26,4.01,-0.06,0.72,-1.06,2.21,1.36,0.69,0.69,0.07,-1.98,1.66,0.36,-0.81,-0.58,-1.29,1.06,-0.55,-1.09,4.06,-0.83,-1.04,-0.37,1.35,-0.20,0.91,-0.09,1.92,-0.47,-1.05,-0.87,0.32,-0.72,-0.64,-2.22,-9.73,19.65,0.58,1.56,5.93,-0.79,1.27,1.15,-0.94,-0.21,0.17,-0.46
 "26000","Michigan",3,SQGDP11,25,"311-316,322-326","     Nondurable goods manufacturing ","Percentage points",-0.45,-0.37,0.76,1.07,0.54,-0.30,0.15,-1.10,-0.25,-0.28,0.16,-1.34,0.42,-0.66,-1.07,-0.74,0.84,0.55,0.80,0.16,-0.84,0.01,-0.36,1.01,-0.47,-0.57,-0.20,0.55,-0.37,-0.79,-0.09,0.79,0.78,0.57,0.13,-0.93,0.40,0.10,-0.04,0.84,0.03,-0.24,-0.05,0.19,0.33,0.02,0.27,0.24,0.47,-0.14,0.53,0.49,-0.35,-0.53,-0.54,0.38,0.31,0.82,0.28,-0.40,-1.22,3.30,-0.07,0.00,-0.33,-0.07,0.52,-0.46,-0.56,0.09,-0.10,-0.34
 "26000","Michigan",3,SQGDP11,34,"42","   Wholesale trade ","Percentage points",0.27,-0.42,0.56,-0.38,-0.18,0.16,-0.47,0.13,0.33,0.00,-0.17,0.34,0.24,-0.56,-0.61,-2.38,-1.28,-0.34,1.12,0.19,1.21,1.40,-0.60,0.03,-0.68,0.12,1.73,-0.97,1.10,-0.30,-0.09,0.49,-0.18,0.15,0.23,0.04,0.74,0.87,0.42,-0.37,0.26,0.11,-0.03,-0.04,0.40,0.29,0.00,0.15,-0.32,0.12,0.01,0.76,-0.60,0.02,-0.30,0.17,-0.75,0.27,-0.40,0.44,-2.85,4.69,0.20,0.80,0.06,-0.72,0.72,0.19,-0.43,0.53,0.34,0.22
 "26000","Michigan",3,SQGDP11,35,"44-45","   Retail trade ","Percentage points",0.47,0.41,-1.38,0.08,-0.14,-0.68,0.25,-0.44,-0.53,0.11,-0.18,-0.24,-0.01,-0.02,-0.23,0.07,0.09,-0.42,0.71,-0.41,0.07,0.01,0.22,-0.17,-0.01,-0.29,0.36,-0.39,-0.69,0.63,-0.57,0.66,-0.35,-0.07,0.04,0.05,0.39,0.00,-0.06,0.42,0.19,0.20,0.08,0.64,0.08,0.24,0.17,0.18,0.15,0.37,-0.07,0.21,-0.10,0.36,-0.29,0.49,0.17,0.26,-0.43,-0.48,-2.62,4.50,-0.33,2.06,-0.96,-1.08,0.52,-0.94,0.03,0.34,0.43,0.73
 "26000","Michigan",3,SQGDP11,36,"48-49","   Transportation and warehousing ","Percentage points",0.32,0.40,-0.12,-0.50,0.25,-0.19,-0.03,-0.13,0.00,0.15,-0.03,-0.17,-0.23,-0.45,-0.07,-0.96,0.27,-0.02,0.32,-0.46,0.57,0.52,0.35,-0.65,0.17,-0.09,0.18,-0.08,-0.02,0.12,0.13,0.12,0.02,0.06,-0.09,-0.01,-0.06,0.19,-0.15,-0.09,0.32,0.27,0.08,-0.27,0.21,-0.06,0.48,0.14,-0.07,-0.01,0.04,0.55,0.02,-0.01,0.05,0.09,0.28,0.09,-0.26,-0.07,-2.20,2.57,-0.22,0.09,0.17,0.41,0.30,-0.92,0.10,0.24,0.06,-0.01
 "26000","Michigan",3,SQGDP11,45,"51","   Information ","Percentage points",0.07,-0.28,-0.25,0.18,-0.09,0.35,-0.16,0.00,0.23,0.27,-0.37,0.11,0.30,-0.16,0.02,-0.28,0.27,-0.08,0.04,0.01,0.14,0.55,-0.16,-0.36,0.15,-0.03,0.14,-0.33,-0.01,-0.32,-0.13,1.25,-0.04,0.52,-0.67,0.51,0.26,-0.08,-0.04,0.62,0.09,0.25,0.26,0.28,0.03,-0.05,0.17,-0.51,0.01,0.21,0.13,0.28,0.21,0.06,0.24,0.10,0.10,0.29,-0.04,-0.34,-0.05,0.32,0.19,-0.09,1.01,0.17,0.43,0.70,0.15,0.62,0.26,0.26
 "26000","Michigan",3,SQGDP11,51,"52","   Finance and insurance ","Percentage points",-0.89,0.86,0.14,0.45,0.00,0.44,0.44,1.48,-0.44,-1.98,-2.81,-1.32,-2.06,-2.46,-1.33,3.04,2.13,0.89,-0.58,-1.25,-0.91,0.14,0.02,-0.46,0.15,0.12,1.40,0.38,-0.07,0.66,-1.69,-0.91,-0.59,-0.58,0.47,1.07,1.29,-0.04,0.78,0.28,2.01,-0.77,0.37,-0.71,-0.24,0.42,0.23,-1.58,-1.65,-0.03,-0.31,1.04,-0.75,0.98,-0.45,0.82,-0.16,0.64,0.70,-1.05,1.04,0.64,0.62,-0.42,0.14,-0.26,-0.17,-1.23,0.26,-0.08,-0.50,-0.42
 "26000","Michigan",3,SQGDP11,56,"53","   Real estate and rental and leasing ","Percentage points",0.81,-0.23,-0.19,-1.58,-0.43,0.15,-0.10,0.02,0.38,0.46,-0.11,-1.60,-0.99,-1.38,-0.56,-0.16,-0.86,0.20,-0.01,0.27,0.46,-0.22,0.38,-0.64,0.87,0.03,1.12,-0.64,0.47,0.52,-0.39,1.01,0.08,0.81,0.35,-0.25,0.37,0.44,-0.10,0.40,-0.02,0.00,0.27,0.38,0.32,0.07,0.00,-0.56,0.77,0.38,0.41,0.62,0.09,-0.20,0.03,-0.51,0.23,0.75,0.43,0.70,-0.82,2.61,0.09,0.32,0.05,0.16,0.37,0.16,-0.44,0.07,-0.67,-0.33
 "26000","Michigan",3,SQGDP11,60,"54","   Professional, scientific, and technical services ","Percentage points",0.58,-0.88,0.41,-0.40,-0.19,-0.27,-0.21,-0.23,-0.13,0.81,-0.38,0.82,-0.31,0.06,0.31,-3.43,0.51,-0.42,0.19,-0.75,1.78,0.90,0.15,0.40,0.07,0.49,0.57,0.24,0.77,0.52,-1.01,1.22,-0.24,-0.01,0.61,-0.07,0.44,0.70,-0.07,0.10,0.57,0.36,0.45,0.38,-0.04,0.33,-0.09,0.49,0.07,0.41,-0.08,0.80,0.23,-0.08,-0.28,-0.07,0.38,0.10,-0.14,-0.96,-2.47,4.32,0.54,-0.06,2.61,-0.23,0.64,0.83,0.28,0.58,0.58,0.12
 "26000","Michigan",3,SQGDP11,64,"55","   Management of companies and enterprises ","Percentage points",-0.46,-0.48,-0.01,-0.67,0.24,0.17,-0.69,-0.25,-0.34,-0.09,-0.37,0.33,0.04,-0.33,-0.13,-1.18,0.44,0.16,-0.16,-0.53,0.72,0.15,-0.03,0.86,-0.65,0.07,0.38,-0.13,0.14,-0.13,0.70,-1.17,0.72,0.23,0.00,0.09,0.52,-0.29,0.18,-0.33,0.39,0.11,-0.03,0.63,-0.70,0.35,0.34,0.93,0.17,0.13,1.22,-0.70,-0.16,-0.08,0.17,-0.02,0.41,0.04,0.00,-0.25,0.03,0.14,0.91,-0.12,0.22,-0.25,-0.12,0.27,0.16,0.07,0.14,-0.10
 "26000","Michigan",3,SQGDP11,65,"56","   Administrative and support and waste management and remediation services ","Percentage points",0.08,0.13,-0.22,0.06,-0.21,-0.19,-0.12,-0.25,0.10,0.24,0.04,-0.19,-0.08,-0.22,-0.43,-0.60,-0.50,-0.28,0.47,0.55,0.34,0.33,0.42,-0.01,0.02,0.29,0.13,0.20,-0.05,-0.04,-0.11,0.04,0.10,-0.02,0.12,-0.11,0.07,0.16,-0.09,0.07,-0.10,-0.03,0.01,-0.35,-0.08,0.16,0.31,-0.06,0.22,-0.04,0.12,0.38,0.02,-0.01,-0.02,0.00,-0.18,-0.13,-0.24,0.00,-2.40,2.59,0.54,0.75,0.51,0.56,0.24,0.49,0.12,0.01,-0.23,0.21
 "26000","Michigan",3,SQGDP11,69,"61","   Educational services ","Percentage points",0.19,-0.05,-0.02,0.02,-0.08,0.08,0.03,0.00,-0.03,0.03,0.14,-0.14,0.05,0.05,0.11,0.06,0.01,0.04,-0.09,0.08,0.14,-0.11,0.01,-0.16,0.06,0.04,-0.03,0.05,-0.02,-0.02,0.04,-0.14,0.02,-0.01,0.06,-0.05,0.03,0.02,-0.05,-0.07,0.01,-0.02,0.08,-0.05,0.10,-0.04,-0.09,0.00,-0.05,-0.03,-0.06,0.15,-0.11,-0.05,0.02,0.00,0.06,-0.02,-0.13,-0.14,-0.36,0.20,-0.07,0.03,0.23,0.09,0.04,-0.05,-0.04,0.05,0.06,0.00
 "26000","Michigan",3,SQGDP11,70,"62","   Health care and social assistance ","Percentage points",0.16,0.38,0.20,0.69,0.14,-0.10,-0.10,-0.17,-0.07,0.20,-0.02,0.57,0.76,0.45,0.50,-0.58,0.29,-0.06,0.10,-1.01,0.07,0.32,0.31,-0.50,0.49,0.09,0.53,-0.08,-0.37,0.06,-0.06,0.11,-0.05,0.03,0.14,-0.12,0.06,0.25,0.11,0.85,0.01,0.16,0.20,0.42,0.48,-0.24,0.20,-0.08,0.52,-0.32,0.40,0.35,0.11,0.25,-0.24,0.21,-0.22,0.29,-0.12,-0.12,-4.93,7.38,0.87,-0.73,0.40,-0.30,0.56,-0.18,0.31,0.28,0.25,0.56
 "26000","Michigan",3,SQGDP11,76,"71","   Arts, entertainment, and recreation ","Percentage points",0.00,0.23,-0.23,0.10,0.00,-0.09,0.04,-0.23,-0.07,0.00,0.06,-0.10,-0.06,-0.08,-0.17,-0.07,0.01,0.01,0.02,0.02,-0.05,-0.09,0.18,-0.50,-0.02,0.16,-0.07,-0.07,0.03,0.06,0.13,-0.07,-0.02,-0.11,0.08,0.11,-0.07,-0.02,-0.06,-0.10,0.17,-0.10,0.07,-0.07,0.08,0.04,0.11,-0.22,0.29,0.09,-0.11,0.18,-0.10,-0.13,0.05,0.19,-0.06,0.03,0.08,-0.32,-1.35,0.84,0.36,0.16,0.25,0.22,0.01,0.17,0.10,0.21,-0.01,0.11
 "26000","Michigan",3,SQGDP11,79,"72","   Accommodation and food services ","Percentage points",-0.01,0.04,-0.10,-0.04,-0.17,-0.08,0.09,0.32,-0.01,-0.05,-0.05,-0.36,0.00,0.01,-0.32,-0.40,-0.07,-0.07,-0.10,0.19,0.03,0.14,-0.02,0.29,0.21,0.06,0.18,0.39,0.10,-0.10,0.19,0.15,-0.14,-0.06,0.09,-0.13,0.12,0.12,0.01,0.18,0.00,0.09,0.07,0.00,0.07,0.01,0.03,0.33,-0.08,0.01,-0.16,0.35,-0.10,0.07,0.09,-0.22,-0.16,0.01,-0.44,-1.05,-3.93,4.57,-0.99,0.81,1.95,0.77,-0.20,0.07,0.04,0.00,-0.21,0.28
 "26000","Michigan",3,SQGDP11,82,"81","   Other services (except government and government enterprises) ","Percentage points",0.04,-0.01,-0.07,-0.01,-0.06,-0.15,-0.12,-0.09,-0.07,-0.11,-0.19,-0.08,-0.18,-0.14,0.05,-0.32,-0.16,-0.17,-0.06,0.01,0.11,0.02,-0.05,-0.25,0.04,-0.05,0.02,0.08,0.02,0.04,-0.03,-0.15,-0.13,-0.01,0.12,-0.15,0.30,0.02,0.19,-0.17,0.00,0.07,-0.07,-0.05,0.03,-0.05,0.08,-0.07,-0.02,0.03,0.09,0.08,0.09,-0.03,-0.01,-0.09,-0.01,0.07,-0.03,-0.29,-1.74,2.05,0.06,-0.02,0.39,0.15,-0.04,0.27,0.01,0.05,-0.20,-0.07
 "26000","Michigan",3,SQGDP11,83,"..."," Government and government enterprises ","Percentage points",-0.01,-0.38,0.22,-0.77,-0.05,-0.56,-0.01,-0.82,0.29,-0.39,-0.28,0.54,0.43,-0.27,-1.16,-0.17,0.06,0.01,0.44,-0.05,0.26,-0.56,-0.22,-1.15,-0.29,-0.16,-0.44,0.59,-2.04,0.68,-0.37,0.26,-0.81,-0.28,-0.60,-0.67,0.44,0.16,0.03,0.47,-0.29,-0.06,-0.35,-0.55,0.49,-0.11,0.43,-0.14,0.19,0.00,0.13,-0.84,0.35,-0.11,-0.02,-0.21,0.47,0.45,0.73,-0.15,-1.95,1.12,0.04,-0.74,0.83,0.91,-0.81,0.59,0.19,0.07,0.26,0.36
 "26000","Michigan",3,SQGDP11,84,"...","  Federal civilian ","Percentage points",-0.06,-0.04,0.04,-0.03,0.01,0.00,-0.01,-0.03,0.00,0.03,-0.01,0.01,-0.04,-0.04,-0.10,-0.01,0.26,-0.09,0.11,0.19,-0.06,0.11,-0.01,-0.05,-0.06,-0.06,0.05,0.00,0.03,0.01,-0.04,-0.01,0.01,-0.11,-0.03,0.06,0.01,0.02,0.04,0.11,0.03,0.02,0.03,0.03,0.00,0.03,0.03,-0.01,0.11,0.07,0.00,-0.07,0.06,0.05,-0.04,-0.16,0.15,0.07,0.03,-0.10,0.20,0.51,-0.26,-0.09,0.05,0.07,-0.01,0.10,0.01,-0.03,0.07,0.09
 "26000","Michigan",3,SQGDP11,85,"...","  Military ","Percentage points",-0.03,-0.02,0.01,-0.09,0.06,0.01,0.00,0.01,-0.05,0.00,0.01,0.04,0.01,0.02,0.00,0.05,0.01,0.01,0.01,-0.01,0.00,0.00,0.01,-0.06,0.01,0.02,-0.04,-0.04,0.02,0.01,0.01,-0.01,0.00,0.01,-0.02,-0.04,0.00,0.06,0.03,-0.07,0.00,0.00,0.00,0.00,0.01,0.00,-0.01,-0.06,0.00,0.00,-0.01,-0.05,-0.01,-0.01,0.04,-0.05,0.03,0.00,0.00,-0.01,0.04,0.00,0.01,0.05,0.01,-0.02,-0.01,0.03,0.10,-0.07,-0.01,-0.02
 "26000","Michigan",3,SQGDP11,86,"...","  State and local ","Percentage points",0.08,-0.32,0.17,-0.66,-0.12,-0.58,0.00,-0.81,0.35,-0.42,-0.27,0.49,0.45,-0.25,-1.06,-0.21,-0.21,0.09,0.32,-0.23,0.32,-0.67,-0.21,-1.04,-0.24,-0.12,-0.44,0.63,-2.10,0.66,-0.34,0.28,-0.82,-0.17,-0.55,-0.69,0.44,0.07,-0.04,0.43,-0.32,-0.07,-0.38,-0.58,0.48,-0.13,0.41,-0.07,0.07,-0.08,0.14,-0.72,0.30,-0.15,-0.02,0.01,0.29,0.37,0.71,-0.04,-2.20,0.62,0.30,-0.70,0.77,0.87,-0.79,0.46,0.08,0.17,0.21,0.28
 "27000","Minnesota",4,SQGDP11,1,"...","All industry total (percent change) ","Percent change",1.8,7.1,-3.4,-0.2,2.7,-6.6,-0.3,-0.3,7.1,0.1,3.1,1.1,-0.2,3.0,-13.2,-7.4,-0.7,1.0,6.5,-1.1,6.1,5.9,9.7,-6.2,7.2,-3.3,3.1,3.4,0.1,1.5,-1.4,4.0,2.6,7.2,1.8,-0.8,6.4,4.8,-2.0,3.4,-1.5,1.8,2.8,-0.6,1.5,6.6,0.4,2.2,-2.2,-2.4,4.4,5.3,4.0,3.3,0.5,-2.2,2.2,3.7,0.8,-6.6,-28.9,30.5,6.0,3.8,11.5,-2.0,4.5,-0.7,-1.3,2.3,1.3,2.2
 "27000","Minnesota",4,SQGDP11,2,"..."," Private industries ","Percentage points",1.40,6.95,-3.22,-0.47,3.44,-6.95,0.17,0.01,7.12,0.18,3.31,0.14,-0.39,2.80,-12.30,-7.45,-0.62,0.78,5.91,-0.19,6.16,4.93,9.99,-4.91,7.23,-3.21,2.74,4.04,-0.25,1.68,-1.50,4.10,2.32,7.53,1.84,-0.49,6.05,4.99,-2.29,3.44,-2.21,2.34,1.93,0.26,1.06,5.98,1.10,1.86,-1.71,-2.37,4.30,5.28,3.42,3.09,0.63,-2.65,1.48,3.14,0.91,-6.78,-26.57,29.09,5.58,5.73,10.17,-2.03,3.98,0.43,-0.95,2.16,0.96,1.87
 "27000","Minnesota",4,SQGDP11,3,"11","   Agriculture, forestry, fishing and hunting ","Percentage points",0.15,-0.14,-0.05,0.50,0.69,-0.28,-0.11,-1.44,-0.04,-0.34,0.37,2.21,-0.06,0.10,0.64,-1.49,0.11,0.66,-0.08,-0.31,0.31,0.09,-0.17,0.00,-0.47,-0.24,0.33,1.07,0.84,1.09,-0.59,-1.29,0.91,0.53,-1.38,-0.32,0.25,-0.18,0.08,-0.66,0.29,0.68,0.75,-1.33,0.41,-0.03,-0.53,1.45,-0.78,-0.66,-0.19,-0.44,0.87,0.17,0.38,-1.24,0.41,-0.05,-0.53,1.94,-0.86,-0.11,0.05,-0.84,1.70,0.20,-0.85,0.99,0.47,-0.44,-1.12,1.95
 "27000","Minnesota",4,SQGDP11,6,"21","   Mining, quarrying, and oil and gas extraction ","Percentage points",0.10,-0.30,0.03,0.26,0.07,-0.10,-0.11,-0.13,-0.12,-0.06,0.00,0.21,0.08,0.18,0.06,-0.41,-0.66,0.06,0.54,0.79,1.13,0.61,0.05,0.30,0.01,-0.23,0.15,-0.54,0.08,-0.35,-0.21,0.11,-0.15,0.24,0.32,-0.06,-0.03,-0.38,-0.67,-0.89,-0.57,-0.07,0.35,0.54,0.29,0.22,-0.08,-0.19,-0.07,-0.05,-0.03,-0.01,0.18,0.10,0.41,0.02,-0.01,0.12,-0.07,0.23,-0.41,-0.09,-0.19,0.27,0.15,0.02,0.11,-0.25,-0.07,0.07,0.07,0.02
 "27000","Minnesota",4,SQGDP11,10,"22","   Utilities ","Percentage points",0.39,-0.14,0.17,-0.42,0.53,0.10,-0.13,-0.05,0.22,0.05,0.04,0.24,0.21,0.28,-0.78,-0.76,0.75,0.44,0.16,0.37,-0.13,0.24,0.27,-0.14,0.54,-0.10,0.27,-0.24,0.06,-0.11,0.13,0.16,0.34,-0.26,0.25,-0.65,-0.08,0.16,0.05,-0.75,0.67,-0.11,-0.13,0.16,0.07,0.45,-0.08,-0.29,0.07,-0.11,0.07,-0.02,-0.04,-0.18,-0.01,-0.08,0.29,-0.13,0.33,0.06,-0.12,0.05,0.06,-0.43,0.20,-0.11,-0.11,-0.16,0.11,-0.28,-0.03,-0.01
 "27000","Minnesota",4,SQGDP11,11,"23","   Construction ","Percentage points",-0.75,0.00,-0.72,-0.10,-0.12,-0.95,-0.59,0.44,0.22,-0.45,-0.73,-0.98,-0.46,-0.02,-1.57,-1.19,-0.21,-0.09,-0.07,-0.42,-0.64,-0.23,-0.08,0.49,-0.09,0.15,0.10,0.42,0.23,-0.18,-0.03,0.43,0.22,0.44,0.14,-0.13,0.17,0.31,0.12,0.57,0.19,0.17,0.07,0.40,-0.14,-0.09,0.32,0.66,-0.14,-0.14,0.35,-0.14,-0.29,0.44,0.03,-0.34,0.83,0.16,-0.26,-0.73,-0.40,0.07,0.58,1.43,-0.50,-0.28,-0.85,-0.34,-1.01,-0.76,-0.27,0.26
 "27000","Minnesota",4,SQGDP11,12,"31-33","   Manufacturing ","Percentage points",1.79,1.89,1.17,-0.67,0.74,-2.34,0.71,-2.16,0.46,0.87,1.31,-0.19,2.84,-0.18,-2.33,-3.34,1.45,-0.31,1.69,-1.61,1.94,2.12,1.87,-1.69,2.57,-0.54,0.71,0.67,-1.38,-0.56,-0.76,2.08,0.80,1.28,0.43,0.95,1.89,1.07,-0.69,0.70,-2.10,1.15,-0.58,0.79,-0.57,0.54,-0.31,-0.90,0.11,-0.30,2.03,0.49,1.06,-0.37,0.30,-1.94,0.05,1.03,-0.04,-2.12,-4.46,5.61,1.28,1.23,0.76,-0.36,1.07,-0.75,-0.69,0.00,0.72,-0.84
 "27000","Minnesota",4,SQGDP11,13,"321,327-339","     Durable goods manufacturing ","Percentage points",1.37,1.18,1.11,-0.62,0.83,-1.46,0.03,-0.61,0.27,0.78,0.55,0.51,1.82,0.56,-1.41,-3.03,-0.38,-0.78,1.44,0.38,2.54,2.60,1.07,-1.80,2.10,-0.55,0.45,0.00,-0.14,0.21,0.49,1.19,0.69,1.06,0.22,-0.04,0.76,0.98,-0.67,0.88,-1.09,0.94,0.06,-0.23,-0.51,0.32,0.24,-0.33,-0.21,-0.09,1.17,-0.27,0.38,-0.17,0.33,-0.54,0.12,0.41,-0.16,-1.00,-3.42,3.88,0.74,1.39,0.52,-0.73,1.00,-0.29,-0.03,0.01,0.66,-0.59
 "27000","Minnesota",4,SQGDP11,25,"311-316,322-326","     Nondurable goods manufacturing ","Percentage points",0.42,0.70,0.06,-0.05,-0.09,-0.88,0.68,-1.54,0.19,0.09,0.76,-0.69,1.02,-0.74,-0.92,-0.31,1.83,0.47,0.24,-1.99,-0.60,-0.48,0.79,0.11,0.48,0.02,0.26,0.67,-1.23,-0.77,-1.25,0.89,0.11,0.22,0.21,1.00,1.13,0.09,-0.02,-0.18,-1.02,0.21,-0.64,1.02,-0.05,0.22,-0.55,-0.57,0.32,-0.21,0.86,0.76,0.68,-0.20,-0.03,-1.39,-0.07,0.61,0.12,-1.12,-1.04,1.72,0.54,-0.16,0.24,0.36,0.07,-0.45,-0.66,-0.01,0.06,-0.26
 "27000","Minnesota",4,SQGDP11,34,"42","   Wholesale trade ","Percentage points",-0.79,0.48,0.21,0.83,-0.18,0.16,-0.37,0.10,1.03,-0.26,0.30,0.66,-1.08,0.29,-1.69,-1.02,-0.82,-0.26,1.64,0.56,0.12,1.18,-0.35,0.49,0.65,-0.58,1.14,-0.68,1.10,0.24,-0.39,0.67,-0.82,1.08,0.50,-0.92,0.79,0.88,-0.12,0.39,-0.40,0.26,-0.08,-0.57,-0.39,0.39,-0.07,0.01,0.72,-1.27,0.19,1.43,-0.76,0.12,0.05,-0.77,-0.82,0.53,0.10,0.15,-2.34,2.92,0.79,0.86,-0.44,-0.52,0.78,0.04,-0.75,0.80,0.16,-0.37
 "27000","Minnesota",4,SQGDP11,35,"44-45","   Retail trade ","Percentage points",0.61,0.77,-0.87,-0.04,0.05,-0.86,0.13,-0.51,-0.27,-0.16,0.50,-0.26,0.14,-0.45,-0.57,0.01,-0.32,-0.24,0.80,0.26,0.56,-0.03,0.12,-0.42,0.28,-0.22,0.18,-0.37,-0.35,0.70,0.17,1.10,0.09,0.15,-0.03,-0.04,-0.06,0.06,-0.05,0.26,0.39,0.25,0.10,0.23,0.30,0.49,0.12,0.03,0.17,0.40,-0.02,0.21,0.08,0.24,-0.05,-0.34,0.31,0.24,-0.10,-0.91,-1.39,2.21,-0.11,1.03,-1.30,-0.76,0.14,-0.95,0.08,0.35,0.52,0.53
 "27000","Minnesota",4,SQGDP11,36,"48-49","   Transportation and warehousing ","Percentage points",0.08,0.66,-0.51,-0.28,0.04,0.02,-0.04,-0.01,1.52,-1.41,0.02,0.41,-0.61,-0.05,1.73,-2.24,0.08,0.04,-0.02,0.18,0.11,0.35,0.04,0.28,-0.04,-0.12,-0.10,0.16,-0.29,-0.02,0.09,0.28,0.06,0.03,0.15,-0.24,-0.06,0.24,0.23,-0.20,0.35,0.19,-0.20,0.35,-0.27,-0.06,0.53,0.35,0.00,0.17,0.06,0.10,-0.10,0.11,0.03,0.01,-0.05,0.02,-0.29,-0.44,-2.76,1.67,-0.14,0.41,0.24,0.42,0.19,-0.11,-0.04,0.28,0.23,0.06
 "27000","Minnesota",4,SQGDP11,45,"51","   Information ","Percentage points",0.30,0.54,-0.84,-0.32,0.85,-0.31,1.00,0.41,-0.15,0.33,0.42,-0.18,0.63,0.89,-0.97,-0.50,0.10,-0.01,0.93,-0.52,0.58,-0.13,1.19,-0.78,0.38,0.58,-1.25,0.22,0.23,-0.25,-0.40,1.38,-0.11,0.25,-0.25,0.20,0.09,0.10,-0.07,1.11,-0.70,0.17,0.30,-0.38,0.05,0.70,-0.03,-0.33,0.35,-0.23,0.24,0.12,0.11,-0.05,0.17,1.06,-0.01,-0.09,-0.17,0.84,-0.30,0.67,0.10,-0.47,0.93,-0.14,0.53,0.60,-0.03,0.48,0.52,0.21
 "27000","Minnesota",4,SQGDP11,51,"52","   Finance and insurance ","Percentage points",0.77,0.62,-1.07,-0.36,-1.90,0.42,-0.55,0.21,1.28,-1.06,-1.57,-2.95,0.25,-1.63,-3.97,7.87,2.04,0.17,-1.28,-0.39,-1.19,-0.26,1.72,-0.15,0.30,-0.54,0.12,1.87,-0.70,-0.17,0.73,-2.97,2.14,0.90,0.74,0.83,1.35,-0.49,0.07,0.98,-0.62,-0.31,0.56,-1.28,1.93,1.39,0.21,-2.14,-1.40,-0.77,-0.09,1.60,0.97,0.89,-1.37,0.98,-0.52,-0.12,2.33,-2.63,1.17,1.39,0.66,-0.16,2.56,-1.37,0.01,1.12,-0.75,-0.32,-0.43,-0.79
 "27000","Minnesota",4,SQGDP11,56,"53","   Real estate and rental and leasing ","Percentage points",0.57,0.68,-0.28,-1.68,2.31,-1.99,1.11,1.56,1.21,1.90,0.46,-1.72,-0.14,-0.89,-0.32,-0.55,-0.43,0.36,0.36,0.00,1.11,-0.05,1.20,-1.24,1.61,-0.13,0.78,0.63,-0.33,0.66,-0.90,0.79,0.06,0.63,0.01,0.10,-0.15,0.23,-0.19,0.49,-0.62,-0.25,-0.14,-2.41,0.84,-0.27,0.05,0.17,0.61,0.01,0.28,0.46,0.44,0.30,0.18,0.06,0.03,0.33,-0.31,-0.39,-1.00,1.00,-0.34,0.85,0.00,0.36,0.87,0.05,0.09,0.32,-0.34,0.18
 "27000","Minnesota",4,SQGDP11,60,"54","   Professional, scientific, and technical services ","Percentage points",-0.39,-0.28,0.13,0.76,-0.47,-0.05,0.04,0.99,-0.23,0.43,0.85,0.20,0.29,0.73,-0.34,-0.93,-0.77,-0.29,-0.31,0.49,0.08,0.57,0.16,0.33,0.85,-0.34,0.33,0.21,0.24,0.02,-0.30,1.19,-0.75,1.19,-0.14,-0.07,1.09,0.78,0.36,-0.66,0.65,0.90,-0.10,2.41,-0.41,0.14,0.19,0.24,-0.11,-0.37,0.79,0.72,0.59,-0.31,0.27,-0.11,-0.66,0.73,-0.03,0.07,-1.75,1.71,-0.28,1.08,1.19,0.49,0.28,0.85,0.39,0.59,0.43,0.13
 "27000","Minnesota",4,SQGDP11,64,"55","   Management of companies and enterprises ","Percentage points",-1.95,0.98,-0.58,-0.21,0.48,-0.28,-0.33,-0.63,1.75,-0.52,0.65,2.95,-2.69,2.19,-1.83,-2.09,-1.13,0.99,1.18,0.41,0.82,-0.05,1.20,0.00,-0.74,-0.89,0.04,0.43,-0.07,0.86,0.52,-0.28,-0.77,1.11,0.12,0.02,-0.28,1.48,-0.58,0.45,-0.11,-1.28,0.53,0.72,-1.26,1.03,0.09,0.92,-0.57,0.38,0.77,-0.24,-0.13,1.03,-0.19,1.81,0.28,-0.89,0.39,-0.84,0.71,0.64,1.11,0.54,-0.39,0.23,0.04,0.53,0.31,0.18,0.26,-0.27
 "27000","Minnesota",4,SQGDP11,65,"56","   Administrative and support and waste management and remediation services ","Percentage points",0.16,0.03,-0.01,0.26,-0.07,-0.13,-0.01,0.49,0.21,0.16,0.15,-0.09,0.01,0.13,-0.35,-0.41,-0.32,-0.10,0.16,0.53,0.33,0.06,0.04,0.25,0.08,0.00,0.00,-0.08,0.05,-0.06,0.00,-0.15,0.04,0.16,0.11,0.11,0.05,0.18,-0.13,0.09,0.12,0.04,-0.16,0.13,0.08,0.31,0.27,0.71,-0.63,0.13,-0.04,-0.13,0.11,0.11,0.06,-0.09,0.21,-0.01,-0.05,-0.27,-1.13,1.03,0.50,0.28,0.45,0.17,0.29,-0.03,0.18,0.05,0.00,-0.05
 "27000","Minnesota",4,SQGDP11,69,"61","   Educational services ","Percentage points",-0.05,0.11,0.04,0.00,0.05,-0.04,0.00,0.04,0.08,0.06,0.11,0.05,0.05,0.12,0.11,0.20,0.02,-0.05,0.04,0.04,0.08,0.06,-0.02,0.11,-0.10,-0.03,-0.07,0.00,0.03,-0.09,-0.03,-0.11,-0.05,0.04,-0.02,-0.01,0.02,0.00,-0.05,-0.05,0.00,0.00,0.11,-0.02,0.02,0.08,-0.03,0.06,-0.07,-0.08,0.00,0.04,0.12,-0.04,0.06,0.07,-0.07,0.02,-0.11,-0.08,-0.51,0.21,-0.05,-0.03,0.16,0.12,0.09,-0.04,0.00,0.05,-0.04,-0.09
 "27000","Minnesota",4,SQGDP11,70,"62","   Health care and social assistance ","Percentage points",0.29,0.75,0.10,0.98,0.06,0.36,-0.30,0.53,0.04,0.51,0.65,-0.25,0.47,0.96,-0.05,0.37,-0.16,-0.28,-0.05,-0.37,0.59,0.21,2.53,-2.46,0.90,-0.03,0.40,0.16,0.13,-0.02,0.37,0.21,0.37,-0.34,0.87,-0.53,0.82,0.35,-0.32,1.31,-0.05,0.55,0.16,0.97,-0.13,0.45,0.19,0.76,0.20,0.35,-0.01,1.03,0.15,0.55,0.03,-0.91,0.85,0.95,-0.15,-1.07,-3.62,4.33,2.24,-1.45,1.94,-1.13,1.17,-1.05,0.41,0.56,0.30,0.68
 "27000","Minnesota",4,SQGDP11,76,"71","   Arts, entertainment, and recreation ","Percentage points",0.05,0.05,-0.01,0.11,0.50,-0.47,-0.20,0.14,0.01,0.11,-0.06,0.10,-0.06,0.06,0.37,-0.40,-0.08,-0.14,0.16,0.15,-0.03,0.07,0.14,-0.30,0.38,0.11,-0.14,-0.14,0.04,-0.11,-0.11,0.38,-0.02,-0.05,0.00,0.37,-0.04,-0.02,-0.14,0.10,0.10,0.01,0.20,-0.29,0.20,0.08,0.18,0.00,-0.06,0.33,-0.07,-0.14,0.12,0.00,0.11,-0.49,-0.04,0.16,0.13,-0.08,-1.83,0.97,0.10,0.43,0.18,0.08,0.18,0.11,0.17,0.15,0.23,0.06
 "27000","Minnesota",4,SQGDP11,79,"72","   Accommodation and food services ","Percentage points",0.09,0.19,-0.06,-0.01,-0.15,-0.08,-0.01,0.16,-0.04,-0.07,0.04,-0.20,-0.12,0.05,-0.24,-0.34,-0.13,0.01,0.10,-0.03,0.31,0.05,0.03,0.03,0.19,0.01,-0.13,0.17,-0.11,0.03,0.22,0.17,-0.08,0.09,-0.08,-0.12,0.03,0.12,-0.10,0.22,0.16,0.06,0.22,-0.10,0.03,0.07,0.16,0.16,-0.09,-0.07,-0.09,-0.04,0.01,-0.02,0.19,-0.25,0.29,0.05,-0.23,-0.39,-3.83,3.25,-0.88,0.81,2.01,0.34,-0.05,-0.27,0.15,0.03,-0.13,0.23
 "27000","Minnesota",4,SQGDP11,82,"81","   Other services (except government and government enterprises) ","Percentage points",-0.01,0.07,-0.06,-0.07,-0.04,-0.14,-0.08,-0.12,-0.06,0.09,-0.20,-0.05,-0.12,0.06,-0.22,-0.22,-0.13,-0.18,-0.02,-0.30,0.10,0.07,0.05,0.00,-0.06,-0.05,-0.09,0.08,-0.05,0.00,0.00,-0.03,0.04,0.06,0.08,0.00,0.19,0.13,-0.09,-0.02,0.05,-0.07,-0.02,-0.05,0.02,0.10,-0.08,0.17,-0.02,-0.07,0.05,0.23,-0.06,0.00,-0.03,-0.10,0.12,0.09,-0.03,-0.10,-1.75,1.57,0.09,-0.10,0.33,0.22,0.09,0.10,0.02,0.05,-0.12,-0.05
 "27000","Minnesota",4,SQGDP11,83,"..."," Government and government enterprises ","Percentage points",0.41,0.19,-0.19,0.29,-0.72,0.38,-0.47,-0.32,-0.05,-0.08,-0.17,0.93,0.24,0.17,-0.95,0.04,-0.11,0.18,0.60,-0.88,-0.04,0.99,-0.29,-1.25,-0.07,-0.13,0.35,-0.63,0.36,-0.18,0.11,-0.09,0.26,-0.38,-0.07,-0.27,0.31,-0.19,0.30,-0.05,0.67,-0.57,0.82,-0.83,0.41,0.62,-0.72,0.35,-0.51,0.01,0.14,0.01,0.56,0.22,-0.15,0.43,0.70,0.51,-0.08,0.20,-2.34,1.45,0.47,-1.89,1.36,-0.01,0.51,-1.13,-0.35,0.12,0.30,0.29
 "27000","Minnesota",4,SQGDP11,84,"...","  Federal civilian ","Percentage points",-0.05,0.00,0.06,0.01,0.02,-0.01,-0.08,-0.06,-0.05,-0.02,-0.07,-0.02,-0.03,0.01,-0.02,0.06,0.14,-0.04,0.01,0.11,-0.19,0.06,-0.06,-0.03,-0.08,-0.09,0.02,-0.01,-0.01,-0.04,-0.09,-0.09,-0.08,-0.07,0.02,0.12,0.08,0.06,0.06,0.11,0.07,0.05,0.05,0.07,0.00,0.04,0.04,0.00,0.05,0.05,0.05,0.05,0.00,0.00,-0.03,-0.07,0.11,0.02,0.01,0.05,0.06,0.19,-0.12,-0.04,-0.06,-0.08,-0.04,-0.01,-0.04,-0.03,0.05,0.05
 "27000","Minnesota",4,SQGDP11,85,"...","  Military ","Percentage points",0.04,0.03,0.03,-0.25,0.05,0.03,0.01,0.04,-0.02,0.02,-0.01,-0.09,0.02,0.02,-0.01,0.04,0.01,-0.02,0.00,0.00,0.00,-0.01,-0.03,-0.13,0.00,-0.01,0.19,-0.15,-0.04,-0.03,-0.02,-0.03,0.00,0.01,-0.02,-0.01,0.00,-0.14,-0.06,0.00,0.01,0.01,0.02,-0.02,-0.01,-0.01,0.00,-0.01,0.00,0.02,0.01,-0.06,-0.01,0.00,-0.01,-0.01,0.04,0.00,-0.01,-0.02,0.02,-0.02,0.01,0.04,-0.01,-0.01,-0.03,0.30,-0.31,-0.03,0.00,0.00
 "27000","Minnesota",4,SQGDP11,86,"...","  State and local ","Percentage points",0.41,0.16,-0.29,0.54,-0.79,0.36,-0.41,-0.30,0.01,-0.07,-0.09,1.04,0.25,0.14,-0.92,-0.06,-0.26,0.24,0.59,-0.99,0.16,0.95,-0.19,-1.09,0.02,-0.04,0.14,-0.47,0.42,-0.11,0.22,0.04,0.34,-0.32,-0.08,-0.38,0.24,-0.12,0.30,-0.15,0.59,-0.63,0.75,-0.88,0.42,0.58,-0.76,0.36,-0.56,-0.05,0.08,0.01,0.57,0.21,-0.11,0.51,0.55,0.49,-0.08,0.17,-2.42,1.28,0.58,-1.90,1.42,0.08,0.58,-1.42,0.00,0.17,0.25,0.24
 "28000","Mississippi",5,SQGDP11,1,"...","All industry total (percent change) ","Percent change",0.9,2.8,14.6,-8.0,6.5,0.2,2.6,-2.1,-0.8,6.7,2.9,0.6,5.7,-3.3,-8.0,-5.2,-2.1,-2.8,-1.0,2.4,3.6,1.6,-2.7,-3.5,1.7,1.3,6.7,6.3,-0.8,-3.8,-6.7,9.6,-6.4,8.3,-5.3,-1.9,6.9,-2.7,-0.6,-1.0,2.1,1.1,-0.5,3.9,-1.9,-0.6,1.2,2.7,-3.8,-0.1,0.4,-0.9,2.2,-2.1,-1.9,-1.5,0.8,4.1,5.0,0.6,-30.8,45.7,0.6,2.9,4.1,-1.4,-0.2,1.3,-1.1,-0.7,1.5,1.7
 "28000","Mississippi",5,SQGDP11,2,"..."," Private industries ","Percentage points",1.05,4.29,14.36,-6.64,6.94,0.07,1.74,-3.07,-2.23,5.64,2.35,0.16,5.53,-3.59,-7.82,-5.95,-1.83,-2.22,0.47,0.93,5.16,2.55,-1.24,-5.25,2.81,1.62,5.55,7.51,-1.00,-3.43,-6.62,9.78,-6.23,8.93,-5.14,-2.58,7.22,-2.15,-0.85,-0.83,1.91,0.96,-0.02,1.93,-1.71,0.24,1.08,1.75,-3.30,0.06,0.52,0.19,2.54,-2.31,-1.33,-1.72,0.43,3.69,4.46,1.18,-27.90,45.02,0.33,3.22,3.78,-1.89,0.71,0.77,-0.98,-0.54,1.43,0.92
 "28000","Mississippi",5,SQGDP11,3,"11","   Agriculture, forestry, fishing and hunting ","Percentage points",0.75,1.12,2.29,-5.59,1.36,-0.04,-1.13,1.42,-1.16,-0.75,0.16,0.35,-0.26,-1.34,0.65,1.65,-0.42,0.47,-0.76,-0.05,0.63,0.44,0.86,-3.85,-0.32,0.51,-0.48,2.06,-1.13,-0.98,-0.92,5.66,0.08,6.20,-5.77,-0.76,0.87,-0.60,-0.15,-0.01,0.06,0.50,-0.09,0.37,-0.03,-0.58,-0.85,4.07,-1.41,-0.50,0.12,-0.41,1.17,-0.35,-0.08,-2.05,0.19,0.78,1.00,0.68,-4.89,3.37,0.79,1.53,-1.37,0.20,-1.29,1.18,0.88,-0.20,0.68,-0.23
 "28000","Mississippi",5,SQGDP11,6,"21","   Mining, quarrying, and oil and gas extraction ","Percentage points",-0.32,-0.53,0.05,0.82,0.42,0.67,0.93,0.28,0.14,-0.06,-0.45,-0.68,-0.03,0.35,3.16,0.03,-0.69,-0.55,-0.75,-0.26,0.26,-0.16,-0.24,0.12,-0.08,0.24,0.73,-0.02,0.15,0.19,-0.25,-0.21,-0.17,-0.21,0.00,-0.39,0.36,-0.03,0.56,0.56,-1.04,0.24,-0.09,0.23,-0.65,-0.22,-0.05,0.17,0.21,0.12,-0.03,-0.17,0.37,-0.06,0.10,-0.02,-0.07,0.15,0.15,0.46,-0.27,-0.30,-0.29,-0.32,-0.03,0.16,-0.25,-0.53,-0.07,0.14,0.09,0.03
 "28000","Mississippi",5,SQGDP11,10,"22","   Utilities ","Percentage points",-0.21,1.45,0.39,-1.34,1.46,-0.30,-0.11,-0.19,0.00,-0.13,-0.12,0.25,0.68,0.49,-1.56,-0.35,0.22,0.45,0.60,0.38,0.58,-0.05,0.62,-1.20,1.00,-0.22,0.88,-0.86,0.78,0.05,-0.78,0.36,0.02,0.06,0.07,-0.99,0.85,0.03,-0.07,-0.13,-0.14,0.47,-0.10,-0.19,0.10,0.46,0.22,-0.62,0.04,-0.02,-0.15,-0.26,0.42,-0.34,0.28,-0.50,0.71,-0.42,1.13,-0.21,0.00,-0.34,-0.02,-0.29,0.15,-0.10,-0.32,0.58,0.34,-0.46,-0.08,0.18
 "28000","Mississippi",5,SQGDP11,11,"23","   Construction ","Percentage points",0.09,0.42,3.58,-1.20,0.43,0.05,-0.50,0.60,-0.48,1.12,0.02,1.01,0.16,-2.19,-0.70,-1.20,0.22,-0.18,-1.96,-0.05,0.34,-0.07,-0.41,-0.01,-0.32,-0.07,-0.40,1.54,-1.04,-1.44,-0.14,0.44,-0.17,0.69,-0.69,-0.82,-0.52,-0.85,-0.77,-0.27,-0.25,-0.26,-0.58,0.65,-1.33,0.03,-0.12,-0.08,-0.61,-0.08,0.11,-0.06,0.75,-0.99,0.17,0.23,-0.03,-0.09,-0.15,-0.32,-0.20,0.62,0.21,-0.27,0.71,0.01,-0.69,0.30,-0.81,-0.63,-0.10,0.20
 "28000","Mississippi",5,SQGDP11,12,"31-33","   Manufacturing ","Percentage points",0.22,0.50,2.88,2.45,1.39,0.34,2.18,-2.16,0.23,2.34,1.61,-1.76,1.03,-1.96,-4.79,-6.94,2.47,-0.33,2.37,0.14,-0.10,-0.51,-1.47,0.48,0.05,0.16,2.75,3.89,-0.37,-1.19,-2.37,-0.37,-3.51,0.44,0.04,1.35,2.61,-0.63,0.32,-1.31,1.16,-0.70,-0.17,1.59,-0.47,0.47,0.11,0.73,-0.20,-0.25,0.75,-0.49,-0.83,-1.03,-1.13,0.60,1.22,0.65,0.29,-0.02,-7.05,12.66,-0.53,1.20,1.89,-0.38,2.08,0.35,-1.23,-0.68,0.04,-0.65
 "28000","Mississippi",5,SQGDP11,13,"321,327-339","     Durable goods manufacturing ","Percentage points",-0.23,-0.39,1.40,0.84,1.10,0.85,1.63,-0.24,0.36,1.89,0.53,-0.59,-0.12,-0.98,-2.14,-5.26,-0.38,0.55,1.80,2.60,1.18,0.84,-1.79,1.35,-0.61,-0.66,0.51,-0.30,0.30,-0.65,0.70,0.75,-0.35,0.39,0.24,-0.81,0.72,-0.28,0.09,-0.79,1.08,0.28,0.55,1.26,-0.60,0.07,-0.35,0.12,-1.27,0.25,0.32,0.88,-0.52,-0.45,0.32,-0.25,0.74,-0.09,0.29,0.61,-5.45,9.92,-0.73,0.74,1.09,-0.40,0.51,1.43,-0.12,-0.46,0.44,-0.09
 "28000","Mississippi",5,SQGDP11,25,"311-316,322-326","     Nondurable goods manufacturing ","Percentage points",0.45,0.89,1.48,1.61,0.28,-0.51,0.55,-1.91,-0.13,0.45,1.08,-1.17,1.15,-0.98,-2.65,-1.68,2.86,-0.87,0.56,-2.46,-1.27,-1.35,0.32,-0.87,0.66,0.82,2.24,4.19,-0.67,-0.54,-3.07,-1.12,-3.16,0.04,-0.20,2.15,1.89,-0.35,0.23,-0.51,0.08,-0.98,-0.73,0.32,0.13,0.40,0.46,0.61,1.07,-0.50,0.43,-1.37,-0.31,-0.58,-1.44,0.85,0.48,0.73,0.01,-0.63,-1.60,2.74,0.20,0.46,0.80,0.02,1.57,-1.08,-1.11,-0.21,-0.40,-0.56
 "28000","Mississippi",5,SQGDP11,34,"42","   Wholesale trade ","Percentage points",-0.22,-0.19,0.96,-0.10,0.05,0.10,-0.09,-0.10,0.45,-0.06,-0.13,-0.06,0.23,-0.17,-0.86,-1.33,-0.44,-0.17,0.87,-0.39,0.74,0.42,-0.35,0.06,-0.09,-0.11,0.84,-0.39,0.63,-0.05,-0.50,0.96,-0.75,0.31,0.15,-0.59,0.60,0.58,-0.23,0.06,0.34,0.26,-0.23,-0.52,0.23,0.16,-0.01,0.27,-0.20,0.10,-0.14,0.18,-0.28,0.20,-0.22,0.24,-0.75,0.15,0.26,-0.04,-1.12,2.02,-0.04,0.30,0.72,-0.62,0.10,-0.36,-0.38,0.28,0.28,0.09
 "28000","Mississippi",5,SQGDP11,35,"44-45","   Retail trade ","Percentage points",1.05,0.19,0.84,1.13,0.66,-1.22,0.07,-1.09,-0.91,0.02,0.00,0.08,-0.47,-0.14,-0.94,-0.27,0.22,-0.68,0.74,0.11,0.71,-0.05,-0.57,0.65,-0.46,-0.21,0.25,0.16,-0.51,0.60,-0.13,0.47,-0.34,0.14,-0.24,0.80,-0.18,0.00,-0.48,-0.14,0.59,0.42,-0.11,0.98,0.53,-0.39,0.61,-0.35,0.21,0.34,0.01,-0.22,-0.16,0.22,-0.20,0.42,-0.26,0.46,-0.13,-0.73,-0.81,3.05,-0.50,1.66,-1.04,-1.44,0.11,0.02,-0.12,0.42,0.68,0.88
 "28000","Mississippi",5,SQGDP11,36,"48-49","   Transportation and warehousing ","Percentage points",0.10,0.32,0.22,-0.15,0.35,0.00,-0.05,-0.51,0.30,0.13,0.69,-1.02,0.53,-0.07,-0.39,-0.85,0.10,-0.01,0.19,-0.16,0.31,0.22,0.17,-0.04,-0.01,-0.04,-0.15,0.22,-0.06,0.01,0.09,-0.17,-0.12,0.29,0.18,-0.64,0.12,0.27,-0.05,-0.24,0.50,-0.02,0.03,-0.58,0.54,-0.05,0.28,0.57,-0.15,0.03,0.01,1.22,-0.21,-0.02,-0.07,-0.11,0.09,0.41,0.41,0.19,-2.05,3.53,-0.25,-0.40,-0.80,0.19,-0.19,-0.83,0.02,0.26,0.22,0.17
 "28000","Mississippi",5,SQGDP11,45,"51","   Information ","Percentage points",0.18,0.25,0.77,-0.41,0.06,-0.21,-0.34,0.39,-0.25,0.16,-0.13,0.62,0.41,0.06,-0.37,-0.41,-0.04,0.09,0.34,-0.59,0.32,0.32,0.04,-0.68,0.25,0.09,-0.24,0.41,0.12,-0.07,-0.05,1.18,-0.25,0.07,-0.24,0.16,1.26,-1.23,0.70,0.38,0.21,0.26,0.20,-0.13,-0.07,0.17,-0.02,-0.09,0.00,-0.07,0.07,-0.03,0.23,-0.05,0.05,0.35,-0.29,-0.10,-0.29,0.47,-0.10,0.19,-0.09,0.20,0.75,0.10,0.36,0.33,-0.03,0.27,0.13,0.20
 "28000","Mississippi",5,SQGDP11,51,"52","   Finance and insurance ","Percentage points",-0.04,0.34,0.83,-0.82,-0.13,-0.03,0.02,-0.49,0.44,0.11,0.22,1.11,0.29,-1.31,-2.47,4.70,-0.09,-0.32,-1.04,0.17,-0.87,0.34,0.99,-0.32,0.42,-0.06,-0.13,0.78,-0.43,-0.17,-1.33,0.58,-0.30,0.13,0.78,0.92,0.60,-0.56,-0.38,0.40,0.24,-0.18,0.83,-0.52,-0.11,0.96,0.46,-2.41,-1.23,0.11,-0.69,0.58,0.36,0.03,-0.56,-0.01,-0.16,-0.02,1.26,-0.69,1.73,0.68,0.40,0.74,-0.27,0.00,0.01,-0.27,0.30,-0.18,-0.16,-0.33
 "28000","Mississippi",5,SQGDP11,56,"53","   Real estate and rental and leasing ","Percentage points",0.13,0.50,1.46,-2.41,0.58,0.24,0.24,-1.94,-0.47,1.42,-0.55,-0.53,1.99,2.65,0.94,0.58,-2.01,-0.67,-0.25,0.52,0.96,0.68,-0.59,0.05,1.89,0.96,1.69,-1.75,0.84,0.69,-0.10,0.29,0.11,0.52,-0.04,-0.59,-0.05,0.22,-0.05,0.77,-0.44,0.08,0.00,-0.15,0.11,-0.19,-0.25,-0.23,0.09,-0.29,-0.05,0.13,-0.07,-0.40,-0.17,-0.83,0.04,0.92,0.77,1.24,0.00,1.95,-0.31,-0.16,-0.36,-0.18,0.03,0.10,-0.52,-0.03,-0.67,-0.44
 "28000","Mississippi",5,SQGDP11,60,"54","   Professional, scientific, and technical services ","Percentage points",-0.22,-0.16,0.34,0.28,0.09,0.03,0.02,0.20,-0.11,0.23,0.45,0.46,0.51,0.06,0.28,-0.78,-0.49,-0.09,-0.16,-0.16,0.16,0.22,-0.26,-0.03,0.10,0.12,-0.07,0.14,0.09,-0.31,-0.63,0.45,-0.25,0.14,0.04,-0.06,0.17,0.28,-0.11,-0.02,0.00,0.07,0.15,-0.03,-0.18,-0.19,-0.07,0.13,-0.04,0.05,0.13,-0.07,0.35,-0.32,-0.11,0.08,-0.07,0.34,-0.11,0.44,-0.89,0.81,-0.20,0.31,0.62,0.38,-0.12,0.26,-0.04,0.11,0.08,0.01
 "28000","Mississippi",5,SQGDP11,64,"55","   Management of companies and enterprises ","Percentage points",0.09,0.14,0.03,0.33,-0.45,0.05,-0.46,0.50,-0.10,-0.09,0.11,-0.10,0.34,-0.02,-0.27,0.02,-0.13,0.02,0.19,-0.01,-0.01,-0.03,0.11,-0.13,0.17,0.41,-0.09,-0.07,0.20,-0.06,-0.16,-0.09,0.24,0.20,0.35,-0.33,0.09,0.02,-0.16,0.08,-0.10,-0.02,0.21,-0.03,-0.01,0.08,0.06,-0.11,0.10,0.26,0.39,-0.25,0.12,0.27,-0.18,-0.01,0.03,-0.03,-0.05,0.29,-0.09,-0.06,0.87,-0.49,0.15,0.08,0.26,-0.31,0.09,0.06,0.12,-0.10
 "28000","Mississippi",5,SQGDP11,65,"56","   Administrative and support and waste management and remediation services ","Percentage points",-0.01,0.27,1.03,0.16,0.06,-0.26,-0.05,0.35,0.16,0.32,0.19,-0.08,0.30,-0.09,-0.18,-0.45,-0.11,-0.06,0.13,0.54,0.86,0.48,-0.22,-0.09,-0.13,-0.15,0.02,0.47,0.12,-0.07,0.24,0.29,-0.16,0.29,-0.12,-0.18,0.25,0.07,0.11,-0.38,0.27,-0.11,-0.10,0.14,-0.28,0.01,0.07,-0.03,0.01,0.00,0.17,-0.21,0.29,0.03,0.47,-0.37,-0.07,-0.03,-0.11,0.24,-1.11,1.76,0.32,0.48,0.39,0.61,0.22,-0.12,0.19,-0.04,-0.11,0.08
 "28000","Mississippi",5,SQGDP11,69,"61","   Educational services ","Percentage points",0.01,-0.08,0.01,0.13,0.06,0.13,-0.07,-0.06,0.01,0.05,0.01,0.12,0.00,0.08,0.03,0.16,-0.02,-0.02,0.07,0.09,0.04,0.10,-0.04,-0.04,0.05,-0.03,0.11,0.06,0.05,-0.01,-0.17,0.03,-0.07,-0.01,0.15,-0.12,0.00,-0.10,-0.10,-0.18,0.02,-0.08,0.06,0.05,0.01,-0.13,0.08,-0.17,-0.08,0.02,-0.07,0.02,0.04,0.00,0.00,0.05,-0.02,0.02,-0.18,-0.06,-0.29,0.18,-0.09,-0.02,0.21,-0.02,-0.03,0.02,-0.02,0.02,0.13,0.01
 "28000","Mississippi",5,SQGDP11,70,"62","   Health care and social assistance ","Percentage points",-0.01,0.38,-0.41,1.40,-0.04,0.10,0.10,0.22,-0.14,0.43,0.13,0.61,0.44,0.51,0.13,0.10,-0.22,0.32,0.13,-0.18,0.00,-0.01,0.37,-0.07,0.06,0.38,0.19,0.15,0.00,-0.33,0.43,-0.32,-0.01,-0.43,0.22,-0.17,0.14,0.39,0.13,-0.02,0.39,-0.17,0.15,0.32,0.11,-0.24,0.11,0.48,-0.17,0.38,-0.04,0.61,-0.21,0.52,-0.02,0.28,0.13,0.22,0.06,-0.21,-3.83,6.03,0.62,-2.01,0.44,-0.28,0.33,-0.56,0.12,0.22,0.39,0.59
 "28000","Mississippi",5,SQGDP11,76,"71","   Arts, entertainment, and recreation ","Percentage points",-0.12,-0.13,-0.71,-0.42,0.23,0.14,0.39,-0.16,-0.04,0.42,0.12,-0.13,-0.24,-0.15,-0.04,0.26,-0.18,-0.17,-0.11,0.43,-0.16,0.01,-0.02,-0.25,0.19,-0.18,-0.04,0.03,0.07,-0.10,0.11,-0.03,-0.05,-0.11,0.09,-0.18,-0.04,-0.04,-0.07,0.00,0.01,0.03,0.01,0.14,-0.13,-0.05,0.10,-0.47,0.06,0.04,-0.04,-0.11,0.03,-0.05,-0.04,-0.02,-0.05,0.02,0.04,-0.08,-0.74,0.50,0.05,0.14,0.05,0.07,-0.03,-0.12,0.05,0.02,-0.03,0.05
 "28000","Mississippi",5,SQGDP11,79,"72","   Accommodation and food services ","Percentage points",-0.44,-0.38,-0.40,-0.99,0.32,0.35,0.74,-0.30,-0.11,-0.05,0.16,0.02,-0.45,-0.12,-0.43,-0.47,-0.26,-0.21,-0.10,0.52,0.19,0.07,-0.14,0.20,0.09,-0.02,-0.23,0.30,-0.48,-0.18,0.15,0.29,-0.40,0.15,-0.20,0.13,-0.03,-0.05,-0.19,0.13,-0.07,0.24,-0.13,-0.02,-0.14,-0.13,0.35,0.07,0.17,-0.23,-0.09,-0.09,0.10,0.02,0.44,-0.06,-0.16,0.15,-0.06,-0.46,-4.86,7.03,-0.52,1.03,1.16,-0.64,0.37,0.82,0.29,-0.16,-0.25,0.23
 "28000","Mississippi",5,SQGDP11,82,"81","   Other services (except government and government enterprises) ","Percentage points",0.01,-0.12,0.18,0.10,0.05,-0.06,-0.14,-0.04,-0.21,0.03,-0.15,-0.11,0.06,-0.22,0.00,-0.38,0.03,-0.10,-0.02,-0.13,0.19,0.13,-0.09,-0.10,-0.03,-0.16,-0.09,0.38,-0.03,-0.01,-0.08,-0.03,-0.11,0.09,0.09,-0.13,0.14,0.10,0.15,-0.49,0.19,-0.08,-0.06,-0.37,0.08,0.06,-0.01,-0.16,-0.07,0.04,0.06,-0.20,0.06,0.01,-0.07,0.00,-0.05,0.13,0.16,-0.03,-1.30,1.36,-0.10,-0.41,0.41,-0.02,-0.24,-0.10,-0.04,0.04,-0.01,-0.07
 "28000","Mississippi",5,SQGDP11,83,"..."," Government and government enterprises ","Percentage points",-0.11,-1.52,0.24,-1.33,-0.46,0.15,0.86,0.97,1.45,1.06,0.51,0.48,0.20,0.29,-0.20,0.80,-0.28,-0.56,-1.46,1.43,-1.53,-0.90,-1.46,1.74,-1.09,-0.30,1.17,-1.24,0.22,-0.40,-0.07,-0.15,-0.14,-0.60,-0.20,0.68,-0.28,-0.59,0.25,-0.20,0.17,0.15,-0.46,1.93,-0.16,-0.89,0.15,0.97,-0.53,-0.11,-0.11,-1.05,-0.31,0.17,-0.58,0.25,0.41,0.43,0.57,-0.57,-2.90,0.69,0.29,-0.28,0.35,0.52,-0.91,0.56,-0.11,-0.14,0.07,0.82
 "28000","Mississippi",5,SQGDP11,84,"...","  Federal civilian ","Percentage points",0.21,-0.08,0.23,0.05,-0.04,0.00,-0.16,-0.08,0.08,0.11,0.07,0.09,0.09,0.15,0.09,0.11,0.01,-0.22,-0.28,-0.02,0.22,-0.10,-0.14,0.08,0.06,-0.08,0.05,-0.10,-0.03,0.04,0.03,0.06,-0.15,-0.20,0.05,0.30,0.14,0.17,0.10,0.21,0.07,0.03,0.02,0.01,0.02,0.03,0.09,0.08,0.02,0.01,-0.02,-0.05,-0.09,-0.01,-0.06,-0.21,0.26,0.01,-0.13,-0.02,-0.06,0.26,-0.28,-0.06,-0.16,-0.09,-0.03,-0.01,-0.02,-0.09,0.19,0.27
 "28000","Mississippi",5,SQGDP11,85,"...","  Military ","Percentage points",0.16,-0.25,-0.30,-0.54,-0.08,0.02,0.03,-0.06,0.05,0.26,0.05,0.19,0.17,0.23,0.19,0.27,-0.34,-0.11,-0.04,0.16,0.03,-0.17,-0.19,-0.18,-0.09,-0.01,0.05,-0.15,0.01,-0.04,-0.17,-0.05,-0.15,-0.07,-0.11,-0.01,-0.14,-0.35,-0.09,-0.09,-0.03,-0.01,-0.02,0.56,0.03,0.03,-0.02,0.05,0.17,0.01,-0.19,-0.19,-0.16,-0.07,-0.09,0.47,0.09,0.04,0.02,-0.09,-0.04,-0.05,0.06,0.23,0.15,-0.49,-0.06,0.06,-0.08,-0.17,-0.21,0.61
 "28000","Mississippi",5,SQGDP11,86,"...","  State and local ","Percentage points",-0.49,-1.19,0.31,-0.84,-0.34,0.14,0.99,1.10,1.32,0.69,0.40,0.21,-0.06,-0.10,-0.49,0.42,0.05,-0.23,-1.14,1.29,-1.77,-0.63,-1.13,1.84,-1.07,-0.21,1.07,-0.99,0.24,-0.40,0.06,-0.16,0.16,-0.33,-0.15,0.39,-0.27,-0.41,0.24,-0.32,0.13,0.13,-0.46,1.35,-0.21,-0.94,0.07,0.84,-0.72,-0.13,0.09,-0.82,-0.07,0.26,-0.43,-0.01,0.06,0.38,0.67,-0.46,-2.80,0.48,0.51,-0.45,0.36,1.10,-0.81,0.51,-0.02,0.12,0.09,-0.06
 "29000","Missouri",4,SQGDP11,1,"...","All industry total (percent change) ","Percent change",3.1,1.1,1.8,-0.2,2.7,-4.0,-0.6,-4.5,6.6,2.7,3.8,-0.2,7.2,-7.1,5.7,-11.9,-1.0,2.3,0.9,3.4,1.0,0.7,-0.9,-5.1,1.6,-0.2,4.0,2.9,-0.5,-2.3,-0.6,7.3,-1.6,0.7,0.3,-5.0,6.0,4.7,1.7,-0.3,0.6,-0.2,-3.5,2.0,-0.5,0.5,3.7,-2.4,2.3,0.6,2.4,-1.5,4.2,0.9,0.2,3.7,1.9,3.7,-0.1,-4.6,-28.0,34.5,4.4,3.3,5.7,0.4,2.9,3.3,-2.0,1.7,1.9,2.6
 "29000","Missouri",4,SQGDP11,2,"..."," Private industries ","Percentage points",3.72,0.84,1.36,-0.10,2.01,-3.83,-0.99,-4.06,6.76,2.20,3.68,-0.15,6.44,-7.13,5.51,-11.92,-1.51,2.30,1.36,2.97,1.54,1.32,-0.37,-5.66,1.96,0.25,3.79,3.03,0.30,-2.97,-0.30,6.93,-1.21,0.90,0.53,-4.85,5.81,4.83,1.90,-0.56,1.10,-0.17,-3.33,1.74,-0.17,0.28,3.25,-2.16,2.08,0.77,2.01,-1.02,3.93,0.93,0.51,4.11,1.61,3.57,-0.43,-4.64,-26.40,33.33,4.68,2.97,6.30,0.33,3.16,2.85,-1.76,1.67,1.87,2.22
 "29000","Missouri",4,SQGDP11,3,"11","   Agriculture, forestry, fishing and hunting ","Percentage points",0.22,0.02,0.10,0.21,0.49,-0.30,-0.17,-0.85,0.12,-0.11,0.39,1.02,-0.21,-0.23,0.33,0.25,0.06,0.51,-0.02,-1.08,0.08,-0.08,-0.27,0.36,-0.62,0.01,0.63,-0.32,-0.51,-1.37,-0.32,3.42,0.08,-0.21,-0.63,1.24,-0.15,0.50,0.59,-2.56,0.34,0.34,-0.31,1.40,-0.28,-0.34,-0.54,0.47,-0.15,-0.12,0.54,-1.04,0.92,-0.43,-0.49,0.53,-0.12,-0.04,-0.29,1.27,-0.74,0.04,0.69,-1.37,1.27,0.27,-1.09,1.09,0.73,-0.23,-0.56,1.36
 "29000","Missouri",4,SQGDP11,6,"21","   Mining, quarrying, and oil and gas extraction ","Percentage points",-0.77,0.20,-0.23,-0.52,0.09,-0.19,0.05,0.01,0.10,0.02,0.17,-0.01,-0.44,-0.35,0.17,0.01,-0.26,0.17,-0.22,-0.11,0.44,-0.08,-0.07,-0.07,-0.15,0.08,-0.01,0.05,-0.02,-0.17,0.09,-0.05,-0.02,0.05,0.08,-0.05,0.00,-0.06,-0.03,0.01,-0.05,0.01,0.01,0.13,-0.11,0.04,-0.11,0.11,0.08,0.09,0.09,0.02,-0.05,-0.05,-0.07,0.09,-0.05,-0.02,0.19,0.01,0.07,-0.04,-0.14,0.01,0.13,0.25,-0.01,0.07,-0.04,0.09,0.09,0.01
 "29000","Missouri",4,SQGDP11,10,"22","   Utilities ","Percentage points",0.08,0.37,0.20,-0.54,0.54,0.03,-0.24,0.10,0.27,0.10,0.04,-0.16,0.34,0.55,-1.16,0.11,0.10,0.44,0.35,0.86,-0.30,0.04,0.26,-0.27,0.54,-0.14,0.77,-0.39,-0.25,0.33,-0.45,0.49,0.30,-0.44,-0.25,-0.33,0.13,0.03,0.25,-0.84,0.63,0.10,0.00,-0.14,0.24,0.14,0.05,-0.51,0.23,0.26,-0.06,-0.21,0.01,-0.19,-0.26,0.17,0.13,-0.45,0.42,-0.29,0.22,-0.05,-0.12,-0.35,0.06,0.03,-0.12,-0.26,0.14,-0.26,-0.06,-0.02
 "29000","Missouri",4,SQGDP11,11,"23","   Construction ","Percentage points",0.11,-0.77,-0.14,0.23,-0.55,-0.49,-0.86,0.28,0.61,0.05,-0.36,-1.07,0.14,0.30,-0.94,-0.84,-0.53,0.42,-1.46,-0.62,-0.06,-0.33,0.02,-0.53,0.70,-0.09,-0.23,0.56,-0.04,-0.23,0.36,-0.14,0.19,0.38,-0.41,-0.48,-0.03,-0.20,-0.07,0.37,0.36,-0.04,0.11,0.60,0.13,0.10,0.73,0.81,-0.94,0.34,0.36,-0.03,-0.36,-0.07,-0.19,0.34,0.14,0.35,-0.34,0.07,-0.29,0.62,0.31,0.18,0.72,-0.78,-0.62,-0.39,-0.89,-0.74,-0.28,0.10
 "29000","Missouri",4,SQGDP11,12,"31-33","   Manufacturing ","Percentage points",0.11,-0.39,1.43,-0.81,0.98,-2.06,-0.43,-0.16,1.70,-0.57,1.18,-2.53,1.60,-3.48,4.85,-8.72,-0.39,-0.56,1.62,0.70,2.11,1.35,-2.15,-2.17,1.02,-0.09,1.40,2.60,0.11,-0.61,-0.62,1.16,-0.29,-0.18,-0.61,-1.02,1.98,0.47,0.93,1.18,-0.59,-0.15,-2.52,-1.63,0.55,-0.68,0.48,-1.13,2.24,-0.81,-0.48,-1.04,0.19,-0.10,1.16,0.21,1.60,1.06,-0.78,-1.52,-3.61,6.50,-0.34,0.72,1.54,-0.41,1.46,1.33,-1.12,-0.06,0.97,-0.24
 "29000","Missouri",4,SQGDP11,13,"321,327-339","     Durable goods manufacturing ","Percentage points",0.71,-0.13,0.88,-1.02,0.18,-1.56,-0.71,-0.78,1.01,0.64,0.84,-0.60,0.06,-0.51,-2.33,-1.98,-1.71,-0.34,1.01,1.27,2.17,1.78,-0.65,-1.01,-0.33,0.32,1.30,-0.29,0.62,0.03,-0.05,0.85,-0.69,-0.10,-0.41,-0.02,0.60,1.13,0.94,1.10,0.73,0.79,-1.06,-2.24,1.17,-1.24,0.19,-1.34,0.81,-0.03,-0.40,-0.41,0.19,-0.14,0.38,0.87,0.45,-0.30,-0.30,-1.50,-1.56,4.11,0.13,0.30,1.53,-0.36,0.48,1.30,-0.07,0.00,0.63,-0.37
 "29000","Missouri",4,SQGDP11,25,"311-316,322-326","     Nondurable goods manufacturing ","Percentage points",-0.60,-0.26,0.56,0.20,0.80,-0.51,0.28,0.63,0.69,-1.22,0.34,-1.93,1.53,-2.96,7.18,-6.74,1.32,-0.22,0.62,-0.56,-0.06,-0.43,-1.50,-1.16,1.36,-0.41,0.10,2.89,-0.51,-0.63,-0.57,0.31,0.40,-0.09,-0.20,-1.00,1.37,-0.66,-0.01,0.08,-1.32,-0.94,-1.46,0.60,-0.62,0.56,0.29,0.21,1.43,-0.78,-0.08,-0.63,-0.01,0.04,0.78,-0.66,1.15,1.37,-0.47,-0.02,-2.05,2.40,-0.47,0.41,0.01,-0.05,0.98,0.04,-1.05,-0.06,0.34,0.13
 "29000","Missouri",4,SQGDP11,34,"42","   Wholesale trade ","Percentage points",0.10,0.03,0.60,-0.16,-0.19,-0.14,0.09,0.21,0.39,0.29,0.12,-0.01,0.57,-0.80,-0.29,-2.27,-0.74,0.20,0.81,-0.09,0.69,0.38,0.03,-0.54,-0.60,-0.32,0.96,0.33,0.59,0.00,-0.50,0.95,-0.21,0.26,0.35,0.20,0.50,1.29,-0.25,-0.62,0.38,0.15,-0.04,-0.21,0.51,0.27,0.01,-0.52,0.09,-0.35,0.14,0.59,-0.15,0.65,-0.69,-0.03,-1.01,0.06,0.97,0.40,-1.49,3.13,-0.48,1.21,-0.26,-0.42,0.06,0.69,-0.60,0.44,0.31,-0.06
 "29000","Missouri",4,SQGDP11,35,"44-45","   Retail trade ","Percentage points",0.61,0.38,-0.49,-0.41,0.39,-0.72,0.16,-0.22,-0.54,0.01,0.11,0.17,-0.12,-0.21,-0.54,0.31,-0.25,-0.18,0.60,-0.34,0.25,0.00,0.04,-0.62,-0.23,-0.12,0.22,0.08,-0.39,0.59,-0.19,0.56,-0.07,-0.29,-0.04,0.13,0.14,0.20,-0.29,0.63,0.31,0.35,0.04,0.20,0.13,0.19,0.41,-0.25,0.04,0.40,-0.12,0.43,-0.17,0.18,-0.01,0.11,0.06,0.29,-0.23,-0.08,-1.29,2.39,-0.28,0.98,-1.06,-0.87,0.43,-1.16,-0.05,0.33,0.49,0.59
 "29000","Missouri",4,SQGDP11,36,"48-49","   Transportation and warehousing ","Percentage points",0.26,0.37,0.37,-0.17,0.45,-0.25,-0.01,-0.87,0.24,0.13,0.46,-0.53,0.32,-0.26,-0.49,-0.45,-0.07,-0.22,0.14,-0.53,0.29,0.27,0.01,-0.49,0.26,-0.18,0.04,0.13,-0.03,-0.03,0.09,0.35,-0.11,0.16,0.30,-0.09,-0.01,0.36,0.08,-0.63,0.30,0.19,-0.12,-0.46,0.28,-0.11,0.42,0.00,0.18,0.03,0.00,-0.02,-0.05,-0.03,0.02,-0.12,0.07,0.10,-0.24,-0.32,-2.12,2.10,-0.14,0.45,-0.36,0.30,0.36,-0.92,0.08,0.29,0.22,0.08
 "29000","Missouri",4,SQGDP11,45,"51","   Information ","Percentage points",0.92,-0.42,-0.62,0.85,1.10,0.16,0.30,-1.14,0.45,0.86,0.14,1.74,0.37,0.17,0.18,-2.40,0.87,1.31,0.42,-0.09,-0.73,-0.02,-0.11,0.09,1.03,0.21,-0.70,-0.02,-0.07,-0.86,1.12,-0.56,0.14,-0.41,-0.05,-1.06,0.65,0.20,0.25,-0.75,-0.21,0.28,0.00,0.10,0.01,0.22,0.50,-0.95,0.38,0.15,0.11,-0.72,0.84,0.02,0.13,0.39,0.01,0.52,-0.30,-1.55,-0.65,1.09,1.48,-0.75,1.45,-0.62,0.23,1.93,-1.17,0.65,0.29,-0.05
 "29000","Missouri",4,SQGDP11,51,"52","   Finance and insurance ","Percentage points",0.56,0.32,0.28,0.55,-0.74,0.29,-0.71,-1.22,0.52,0.40,-0.24,1.04,0.57,-2.69,-4.15,11.15,2.00,0.37,-1.04,1.16,-2.31,-0.41,0.47,0.45,-1.49,-0.16,0.66,-0.77,-0.11,-1.11,-1.40,-0.59,-0.47,0.43,0.73,-1.46,1.56,-0.15,0.12,0.02,0.18,-1.44,-0.57,1.68,-1.03,0.52,0.60,-1.44,-1.19,0.43,0.27,0.20,1.24,0.65,-0.89,1.27,-0.11,0.12,0.30,-1.24,0.91,1.09,2.23,-0.91,0.16,0.16,0.12,-0.82,0.31,-0.23,-0.50,-0.54
 "29000","Missouri",4,SQGDP11,56,"53","   Real estate and rental and leasing ","Percentage points",0.27,-0.24,0.29,-1.15,0.35,0.55,0.91,0.71,0.92,1.05,0.72,-0.14,0.32,-0.15,0.12,0.62,-0.51,0.44,0.47,0.63,0.50,-0.13,0.37,-0.96,0.60,-0.13,1.06,-0.28,0.54,0.45,0.01,0.45,0.01,0.48,-0.24,-0.82,-0.08,0.17,0.08,0.73,-0.12,-0.17,-0.43,-0.18,-0.42,-0.30,-0.13,-0.02,0.09,-0.45,-0.24,-0.37,-0.10,0.00,0.49,0.90,0.26,0.43,-0.28,-0.61,-1.13,1.04,-0.04,0.13,0.73,0.43,0.58,0.06,-0.33,0.08,-0.44,-0.22
 "29000","Missouri",4,SQGDP11,60,"54","   Professional, scientific, and technical services ","Percentage points",-0.05,0.45,0.06,0.16,0.27,0.30,0.30,-0.46,0.70,0.54,0.59,0.25,0.98,0.80,0.30,-0.77,-1.21,-0.21,0.02,-0.15,0.31,0.04,-0.02,0.02,0.08,0.18,0.32,0.22,0.52,-0.09,0.50,-0.76,0.55,0.34,0.43,-0.57,0.44,0.84,0.03,1.06,0.04,0.30,0.42,0.19,0.23,0.38,0.19,0.44,0.44,-0.03,0.66,0.38,0.25,0.25,-0.13,0.18,0.32,0.18,0.22,0.50,-2.29,2.21,0.03,0.88,0.71,1.04,0.45,-0.11,0.35,0.50,0.86,-0.02
 "29000","Missouri",4,SQGDP11,64,"55","   Management of companies and enterprises ","Percentage points",0.54,-0.19,-0.68,1.44,-1.12,-0.63,-0.66,-0.56,1.05,-0.92,0.07,0.21,1.03,-1.30,6.89,-8.17,-0.24,0.04,-0.67,2.11,-0.20,0.26,0.31,-0.28,0.39,-0.35,-0.60,-0.13,0.54,0.02,0.46,0.34,-0.19,0.02,0.64,0.64,-0.10,0.24,-0.02,-0.08,-0.49,-0.32,-0.18,0.60,-0.44,0.10,-0.46,0.78,-0.03,0.33,0.69,-0.16,0.92,-0.43,0.63,-0.05,-0.30,0.09,-0.25,0.52,-0.79,-0.27,0.59,0.50,-0.22,-0.35,0.21,0.47,0.22,0.11,0.30,0.01
 "29000","Missouri",4,SQGDP11,65,"56","   Administrative and support and waste management and remediation services ","Percentage points",0.25,0.02,0.07,-0.19,-0.09,0.09,0.19,0.42,0.36,0.16,0.29,-0.33,0.13,0.29,-0.29,-0.44,-0.29,-0.11,0.29,0.20,0.22,0.19,0.14,-0.07,0.21,0.05,-0.08,0.05,-0.05,-0.16,0.14,0.12,0.09,0.21,-0.03,-0.20,0.34,0.16,0.00,-0.29,0.20,-0.13,0.09,-0.28,0.12,-0.05,0.21,0.19,0.15,0.15,0.07,0.29,-0.07,0.21,0.21,-0.20,0.09,0.12,-0.08,0.27,-1.65,1.45,0.27,0.83,-0.21,0.28,0.37,0.56,0.10,0.03,0.04,0.22
 "29000","Missouri",4,SQGDP11,69,"61","   Educational services ","Percentage points",-0.03,0.04,-0.10,0.20,0.01,0.05,-0.02,-0.05,0.00,0.09,-0.02,0.01,0.04,0.21,-0.08,0.20,0.09,0.13,0.11,-0.10,-0.02,-0.01,0.10,-0.02,-0.03,-0.10,0.01,0.34,-0.05,-0.05,-0.07,0.00,0.00,0.08,0.06,-0.13,0.16,-0.13,-0.06,-0.04,0.00,-0.01,0.07,-0.06,0.03,-0.03,0.04,-0.05,-0.10,0.14,-0.04,0.07,0.02,0.04,0.07,0.08,0.07,-0.08,-0.05,-0.16,-0.52,0.33,-0.23,0.18,0.13,0.16,0.12,0.11,-0.10,0.02,0.00,0.05
 "29000","Missouri",4,SQGDP11,70,"62","   Health care and social assistance ","Percentage points",0.37,0.55,0.23,0.33,0.25,-0.24,0.06,-0.08,-0.04,0.32,0.28,0.34,0.72,0.10,1.04,-0.14,0.20,-0.16,0.20,-0.28,0.25,-0.18,0.40,-0.29,0.29,0.66,-0.55,0.96,-0.45,0.64,0.14,0.29,-0.02,-0.09,0.10,-0.69,0.00,0.48,0.10,1.15,0.04,0.05,-0.03,-0.06,0.44,-0.06,0.66,0.06,0.45,-0.07,0.32,0.33,0.26,0.14,0.31,0.22,0.31,0.49,0.17,-0.54,-3.43,4.88,1.26,-1.36,0.02,0.19,0.27,0.38,0.29,0.43,0.19,0.64
 "29000","Missouri",4,SQGDP11,76,"71","   Arts, entertainment, and recreation ","Percentage points",0.31,-0.25,0.29,-0.33,-0.04,-0.11,0.19,-0.03,-0.02,0.16,-0.22,0.12,0.05,-0.04,-0.19,0.12,-0.04,-0.07,-0.07,0.41,-0.05,-0.16,0.28,-0.09,-0.03,0.77,-0.07,-0.47,0.10,-0.32,0.11,0.88,-0.88,0.09,0.16,0.02,-0.09,0.23,0.18,-0.33,-0.42,0.32,0.18,-0.02,-0.47,-0.10,-0.01,-0.41,0.33,0.12,-0.28,0.05,0.20,-0.07,-0.14,0.08,0.08,-0.06,0.16,-0.27,-2.56,1.60,0.23,0.70,0.02,0.32,0.19,-0.07,0.16,0.16,0.13,0.08
 "29000","Missouri",4,SQGDP11,79,"72","   Accommodation and food services ","Percentage points",-0.12,0.24,-0.21,0.19,-0.19,-0.04,-0.03,0.06,0.09,-0.23,0.03,-0.22,0.14,-0.04,-0.14,-0.29,-0.10,-0.11,-0.05,0.29,0.05,0.13,-0.14,-0.02,-0.07,0.02,-0.05,0.10,-0.10,-0.04,0.21,0.14,-0.24,0.04,-0.06,-0.09,0.22,0.06,0.02,0.46,0.14,0.07,-0.04,-0.04,-0.07,-0.06,0.20,0.29,-0.16,0.08,-0.04,0.09,0.01,0.17,0.34,0.12,0.02,0.23,-0.14,-0.91,-3.66,3.71,-0.60,1.23,1.18,0.26,0.10,-0.10,0.19,-0.02,-0.27,0.18
 "29000","Missouri",4,SQGDP11,82,"81","   Other services (except government and government enterprises) ","Percentage points",0.00,0.12,-0.08,0.03,0.01,-0.15,-0.10,-0.20,-0.16,-0.14,-0.10,-0.04,-0.10,0.02,-0.10,-0.20,-0.19,-0.11,-0.14,0.01,0.04,0.04,-0.04,-0.16,0.04,-0.06,0.00,0.00,-0.04,0.01,0.02,-0.12,-0.07,-0.02,0.00,-0.09,0.15,0.14,0.00,-0.04,0.05,-0.08,-0.01,-0.07,-0.01,0.05,0.00,-0.04,-0.06,0.07,0.03,0.12,0.01,0.00,0.03,-0.15,0.05,0.18,0.13,-0.17,-1.37,1.51,-0.03,-0.30,0.30,0.11,0.05,0.00,-0.01,0.07,0.08,0.05
 "29000","Missouri",4,SQGDP11,83,"..."," Government and government enterprises ","Percentage points",-0.60,0.23,0.46,-0.12,0.69,-0.15,0.34,-0.40,-0.11,0.49,0.12,-0.01,0.76,0.02,0.22,0.03,0.55,0.03,-0.44,0.48,-0.59,-0.64,-0.54,0.58,-0.39,-0.41,0.18,-0.09,-0.79,0.68,-0.30,0.33,-0.37,-0.21,-0.27,-0.11,0.17,-0.14,-0.19,0.31,-0.45,0.01,-0.21,0.22,-0.30,0.23,0.41,-0.22,0.26,-0.14,0.37,-0.53,0.25,-0.06,-0.29,-0.37,0.26,0.08,0.35,0.08,-1.61,1.18,-0.27,0.30,-0.57,0.04,-0.30,0.40,-0.25,0.08,0.07,0.39
 "29000","Missouri",4,SQGDP11,84,"...","  Federal civilian ","Percentage points",-0.06,-0.01,0.08,-0.10,-0.02,-0.02,0.03,0.15,-0.09,0.16,0.02,0.06,0.04,0.07,-0.04,0.06,0.35,-0.08,0.03,0.02,0.19,-0.14,-0.08,-0.02,-0.03,-0.32,-0.03,-0.01,-0.07,0.21,-0.14,-0.09,-0.13,-0.25,-0.01,0.16,0.12,0.01,0.07,0.15,0.04,0.01,0.03,0.07,0.05,0.12,0.04,0.04,0.06,0.07,-0.06,0.13,0.02,-0.02,-0.04,-0.12,0.25,0.06,0.04,0.07,0.16,0.41,-0.16,-0.04,-0.07,-0.03,-0.12,-0.10,-0.16,-0.08,0.04,0.08
 "29000","Missouri",4,SQGDP11,85,"...","  Military ","Percentage points",0.04,0.09,0.07,-0.13,0.03,0.10,0.01,0.02,0.01,0.10,0.06,0.06,0.07,0.16,0.10,0.08,-0.01,-0.12,0.06,-0.13,-0.13,-0.15,-0.03,0.05,0.04,0.03,-0.17,0.01,-0.01,-0.02,0.08,0.02,0.04,0.01,-0.14,0.03,-0.03,-0.15,-0.12,0.10,-0.10,0.00,0.07,-0.10,0.03,0.00,0.00,-0.07,0.01,-0.02,0.02,-0.13,0.01,-0.03,0.01,0.05,0.12,0.02,-0.01,0.00,0.08,0.02,-0.02,0.05,-0.04,-0.01,-0.01,-0.08,-0.07,-0.02,0.09,0.12
 "29000","Missouri",4,SQGDP11,86,"...","  State and local ","Percentage points",-0.58,0.15,0.31,0.11,0.68,-0.23,0.30,-0.57,-0.04,0.24,0.04,-0.12,0.66,-0.22,0.15,-0.11,0.21,0.24,-0.53,0.59,-0.64,-0.35,-0.44,0.55,-0.40,-0.12,0.37,-0.09,-0.70,0.49,-0.24,0.40,-0.29,0.03,-0.12,-0.30,0.07,0.00,-0.15,0.06,-0.40,0.00,-0.31,0.25,-0.38,0.11,0.37,-0.19,0.19,-0.19,0.41,-0.53,0.22,-0.01,-0.25,-0.30,-0.11,0.00,0.32,0.01,-1.85,0.76,-0.09,0.30,-0.47,0.08,-0.17,0.58,-0.03,0.18,-0.06,0.19
 "30000","Montana",7,SQGDP11,1,"...","All industry total (percent change) ","Percent change",-1.7,1.5,5.3,2.0,4.7,4.8,3.0,9.7,4.4,-0.3,3.0,0.8,-1.4,-2.1,-6.3,-0.9,-4.6,4.0,-3.2,11.8,1.9,2.2,3.0,4.0,1.0,-0.3,8.9,-0.9,-2.6,1.7,-0.2,4.9,-0.1,1.7,1.2,1.0,4.5,2.3,3.1,10.5,1.5,0.3,-6.8,-3.5,-5.1,3.2,8.8,4.5,5.3,-1.4,-2.4,7.7,-0.1,-2.0,0.4,1.6,-1.2,5.5,-0.1,-2.6,-21.1,37.4,3.1,1.7,2.6,1.5,9.3,-2.0,-1.1,1.5,1.3,6.0
 "30000","Montana",7,SQGDP11,2,"..."," Private industries ","Percentage points",-0.46,1.85,4.98,0.32,5.43,4.19,2.97,8.91,4.30,-0.52,3.27,-0.41,-1.03,-2.10,-6.30,-0.52,-4.81,2.48,-2.07,10.46,1.76,3.90,3.63,1.63,1.51,1.21,7.23,-0.80,-2.65,1.90,0.13,5.77,0.76,2.30,0.87,0.09,4.24,3.49,2.45,10.66,0.68,0.18,-5.27,-6.58,-4.02,2.66,7.99,4.02,5.89,-1.50,-2.13,8.39,-0.07,-1.78,1.06,1.00,-1.78,5.00,-0.50,-1.91,-20.02,34.35,3.47,1.53,3.02,2.39,8.95,-1.87,-1.25,1.85,1.17,5.71
 "30000","Montana",7,SQGDP11,3,"11","   Agriculture, forestry, fishing and hunting ","Percentage points",0.80,1.23,2.98,-7.24,2.67,-0.48,-1.18,4.10,-2.61,-1.77,-0.05,3.26,-0.66,0.16,0.47,0.47,-0.33,1.79,0.16,-1.28,0.61,0.09,0.02,-1.07,-1.80,-0.24,0.21,2.03,-1.64,1.99,-0.03,0.89,1.52,0.59,-1.94,2.05,0.78,-1.42,-0.42,4.27,-0.58,-0.72,-0.79,0.36,0.79,1.28,1.43,-5.54,0.17,-1.04,-1.58,6.42,-0.83,-1.25,-0.86,3.36,-0.13,-1.04,-0.82,-2.74,3.34,0.35,3.21,-9.69,0.89,3.06,-0.14,-0.92,-0.21,0.43,-0.74,3.59
 "30000","Montana",7,SQGDP11,6,"21","   Mining, quarrying, and oil and gas extraction ","Percentage points",1.14,-1.57,0.13,2.24,-0.38,0.89,2.08,-0.79,1.49,-1.12,-0.25,-1.11,-1.10,1.23,4.09,-1.25,-1.55,-0.81,-0.83,1.17,1.23,-0.48,0.25,1.88,-1.22,0.79,0.39,-1.01,1.80,1.01,-0.68,1.41,-0.79,-0.08,1.53,-1.63,0.72,-1.33,1.12,1.04,-2.15,0.26,-1.44,0.24,-2.64,-0.71,0.13,0.48,1.67,-0.07,0.17,-0.32,0.26,-0.82,0.27,-0.34,-0.08,0.88,0.85,1.96,-0.12,-0.09,-2.28,-0.41,-0.27,-1.61,-0.02,-1.23,-0.24,0.40,0.32,0.29
 "30000","Montana",7,SQGDP11,10,"22","   Utilities ","Percentage points",0.02,0.62,-0.48,-0.09,0.20,0.79,-0.39,-0.17,0.58,0.41,0.00,-0.05,0.67,0.22,-1.56,0.37,-0.01,0.50,0.34,0.12,-0.21,0.65,0.31,-0.78,0.99,0.30,0.96,-1.16,0.46,-0.26,0.01,0.25,-0.15,-0.25,-0.13,-0.37,-0.23,0.05,0.33,-0.55,0.70,-0.15,0.14,-0.41,0.73,0.22,-0.25,-0.03,-0.34,0.22,-0.26,-0.61,0.40,-0.16,-0.19,0.31,0.10,0.18,0.17,0.27,-0.26,-0.20,-0.18,-1.01,0.89,-0.34,0.18,-0.67,0.11,-0.38,-0.32,0.00
 "30000","Montana",7,SQGDP11,11,"23","   Construction ","Percentage points",-0.43,0.28,0.28,0.25,-0.32,0.49,-0.55,2.13,1.28,-0.73,-0.81,-0.79,-1.29,0.20,-1.75,-0.84,0.19,0.03,-1.10,-0.55,-0.50,-0.09,-0.01,-1.21,0.58,0.81,0.90,-0.53,0.30,-0.24,0.07,0.42,0.08,-0.91,-0.36,0.25,0.30,0.00,0.13,0.41,-0.39,0.79,-0.94,0.70,-0.92,0.16,0.24,0.24,0.18,-1.11,0.04,0.15,0.80,-0.22,1.37,-0.78,-0.93,0.93,0.06,0.13,-0.14,0.82,0.28,1.37,-0.24,-0.46,-0.24,1.49,-1.35,-1.20,0.22,0.38
 "30000","Montana",7,SQGDP11,12,"31-33","   Manufacturing ","Percentage points",-1.16,-0.33,0.25,-0.27,0.48,0.96,2.51,1.75,1.98,0.42,-0.08,-3.25,-1.07,-2.38,-2.80,-1.73,-0.44,0.31,0.72,2.19,-1.50,0.61,0.63,1.61,0.17,-0.17,-0.12,-0.37,-0.92,-0.62,0.43,1.11,-0.12,0.84,0.53,0.84,1.20,1.87,1.24,2.21,0.28,-0.18,-2.03,-2.33,-2.11,0.20,2.05,4.10,3.35,0.21,0.48,-0.21,-0.89,-1.44,-0.93,-2.21,-1.75,-0.96,-1.10,-1.07,-2.14,2.42,-0.49,1.70,0.89,-0.18,1.22,0.10,-0.56,-0.05,0.48,-0.32
 "30000","Montana",7,SQGDP11,13,"321,327-339","     Durable goods manufacturing ","Percentage points",-0.34,0.21,0.26,-0.41,-0.12,-0.03,0.29,0.38,0.55,-0.01,0.10,-0.16,0.04,0.02,-0.37,-0.71,-0.23,0.15,0.02,0.05,-0.27,0.11,0.01,0.26,0.40,0.17,0.22,0.08,-0.03,0.02,0.28,0.61,-0.04,0.15,0.15,-0.39,0.16,0.29,-0.13,0.37,-0.01,0.14,-0.20,0.48,-0.35,0.02,0.17,0.15,-0.05,-0.12,0.25,-0.23,-0.42,-0.14,0.09,-0.26,0.03,-0.05,-0.17,0.13,-0.78,1.70,-0.25,0.62,-0.23,-0.14,0.51,0.92,-0.04,0.01,0.50,-0.20
 "30000","Montana",7,SQGDP11,25,"311-316,322-326","     Nondurable goods manufacturing ","Percentage points",-0.82,-0.55,-0.01,0.14,0.60,0.99,2.22,1.37,1.43,0.43,-0.18,-3.08,-1.11,-2.40,-2.43,-1.02,-0.20,0.16,0.71,2.14,-1.23,0.50,0.62,1.35,-0.23,-0.33,-0.33,-0.45,-0.89,-0.65,0.15,0.50,-0.09,0.69,0.38,1.23,1.04,1.58,1.38,1.84,0.29,-0.32,-1.83,-2.81,-1.76,0.18,1.88,3.94,3.40,0.33,0.23,0.02,-0.46,-1.30,-1.03,-1.95,-1.78,-0.91,-0.94,-1.20,-1.36,0.73,-0.24,1.08,1.11,-0.04,0.72,-0.81,-0.52,-0.05,-0.02,-0.12
 "30000","Montana",7,SQGDP11,34,"42","   Wholesale trade ","Percentage points",0.03,0.05,0.60,-0.15,0.23,0.26,0.35,-0.07,0.47,-0.02,0.44,-0.07,0.01,0.06,-0.55,-1.61,-0.75,0.21,0.25,0.25,0.77,0.42,-0.15,-0.18,-0.28,0.15,1.68,-0.22,0.55,0.01,0.11,1.02,-0.21,0.21,0.29,-0.42,0.49,0.56,-0.70,0.71,0.12,0.01,0.10,-0.75,0.23,0.16,-0.28,-0.03,0.06,-0.17,-0.01,0.96,-0.33,0.24,0.25,-0.78,-0.17,0.39,0.04,0.21,-0.79,2.42,0.04,0.26,0.34,-0.22,0.44,-0.33,-0.45,0.13,0.45,-0.21
 "30000","Montana",7,SQGDP11,35,"44-45","   Retail trade ","Percentage points",0.35,0.34,-0.60,0.92,0.44,-0.29,0.56,-0.17,-0.44,0.28,0.55,-0.26,-0.23,-0.47,-0.59,0.27,0.13,-0.25,0.08,2.44,-0.05,-0.27,-0.14,-0.35,0.00,-0.47,0.49,-0.97,-0.48,0.86,0.18,-1.20,0.10,-0.09,0.25,-0.16,0.20,0.28,-0.13,0.75,0.13,0.40,-0.53,1.19,-0.06,0.06,0.40,0.45,0.06,0.44,-0.06,0.69,-0.12,0.39,-0.37,0.71,0.12,0.29,0.36,-0.37,-1.59,2.63,0.09,2.29,-2.06,-1.34,0.75,-0.34,0.22,0.56,0.73,0.73
 "30000","Montana",7,SQGDP11,36,"48-49","   Transportation and warehousing ","Percentage points",-0.04,0.78,0.47,0.04,0.42,-0.21,-0.12,-0.35,0.13,0.10,0.74,-0.56,0.53,-0.16,-0.64,-0.65,-0.29,0.10,-0.03,0.81,0.38,0.35,-0.63,0.25,-0.55,-0.06,1.20,-0.45,0.91,-0.42,0.53,0.19,-0.37,-0.03,-0.03,0.34,-0.34,0.51,-0.21,-0.77,0.38,0.11,-0.25,-1.18,0.17,-0.29,0.32,0.47,-0.01,0.04,-0.01,0.92,-0.33,0.16,0.11,-0.51,-0.15,0.01,-0.35,-0.18,-3.12,2.50,0.22,0.86,-0.56,0.58,-0.11,-0.71,0.01,0.15,0.42,-0.12
 "30000","Montana",7,SQGDP11,45,"51","   Information ","Percentage points",0.13,-0.10,-0.07,0.24,0.32,0.46,-0.22,-0.22,0.33,0.53,0.20,0.01,0.17,-0.07,-0.09,0.61,-0.17,0.00,0.00,0.71,-0.04,0.17,0.44,-0.93,0.57,-0.15,-0.24,-0.27,0.14,-0.06,-0.21,0.92,-0.11,0.12,-0.27,-0.34,0.17,-0.02,0.16,0.39,-0.01,0.26,0.26,-0.16,0.07,0.02,0.64,-0.25,0.18,0.31,0.20,-0.36,0.30,0.01,-0.20,-0.07,0.28,0.40,-0.62,0.58,-0.05,1.18,0.45,0.45,0.22,-0.13,0.87,-0.63,0.03,0.37,-0.12,0.16
 "30000","Montana",7,SQGDP11,51,"52","   Finance and insurance ","Percentage points",-0.46,0.49,0.18,0.12,-0.07,0.70,-0.04,-0.43,0.85,0.18,-0.21,1.24,0.37,-1.75,-2.28,4.99,0.59,-0.24,-0.93,0.30,-1.34,0.25,0.47,0.39,0.17,-0.02,0.46,0.15,-0.33,-0.12,-0.82,-0.21,-0.22,0.33,-0.12,0.22,0.97,-0.17,-0.10,0.33,0.01,-0.79,0.48,-0.83,0.33,0.65,0.70,0.00,-0.50,0.09,-0.18,0.11,-0.04,0.63,-0.56,0.42,-0.61,1.08,0.55,-1.15,1.58,1.08,0.82,0.88,-0.04,-0.17,0.16,0.80,0.30,-0.12,0.03,-0.33
 "30000","Montana",7,SQGDP11,56,"53","   Real estate and rental and leasing ","Percentage points",-1.15,-1.45,0.30,2.32,0.42,0.37,-0.32,2.22,-0.21,0.22,1.41,0.79,0.43,-0.49,-0.23,-0.10,-1.59,0.00,0.40,2.91,1.69,1.08,1.45,2.02,1.40,-0.35,0.62,-2.60,-0.52,0.32,-0.13,1.14,0.91,1.26,0.00,-1.15,-0.18,0.87,1.37,-0.34,2.01,-0.24,-0.21,-3.63,-0.32,-0.14,0.62,2.93,0.09,-0.69,-1.21,-0.02,-0.23,0.15,0.90,0.12,0.94,0.95,-0.40,-0.26,-1.29,1.73,0.05,1.11,0.67,0.67,1.78,-0.05,-0.11,0.29,-0.40,-0.02
 "30000","Montana",7,SQGDP11,60,"54","   Professional, scientific, and technical services ","Percentage points",-0.70,0.76,-0.28,0.34,0.37,0.15,0.40,-0.05,0.36,0.59,0.46,0.21,0.59,0.33,-0.26,-0.53,-0.44,0.18,-0.64,1.23,-0.33,0.47,0.26,-0.01,0.42,-0.04,0.45,3.69,-3.41,0.38,-0.85,0.25,-0.09,0.41,0.21,0.27,-0.01,0.79,-0.57,0.55,-0.05,0.23,0.32,0.08,0.10,-0.14,0.27,0.46,0.48,-0.08,-0.27,0.41,0.39,0.19,0.46,-0.05,0.41,0.83,0.54,0.35,-0.82,1.62,0.00,1.04,1.13,0.61,0.37,0.56,0.18,0.50,0.68,-0.01
 "30000","Montana",7,SQGDP11,64,"55","   Management of companies and enterprises ","Percentage points",0.01,0.02,0.06,-0.02,0.01,0.05,-0.01,0.19,-0.06,0.03,0.12,0.10,0.00,0.06,-0.01,0.03,-0.06,0.04,0.00,-0.05,0.17,0.02,0.10,-0.07,0.30,0.00,-0.04,0.35,-0.21,0.03,-0.11,0.15,-0.10,0.14,0.06,-0.08,-0.04,0.00,0.01,0.04,0.07,0.06,0.01,-0.07,-0.02,0.04,-0.01,-0.09,0.28,-0.13,0.03,-0.11,0.15,0.02,0.13,0.02,-0.09,0.02,0.03,-0.04,0.28,-0.21,0.26,0.25,-0.05,0.17,0.11,-0.40,0.03,0.01,0.04,-0.01
 "30000","Montana",7,SQGDP11,65,"56","   Administrative and support and waste management and remediation services ","Percentage points",0.10,0.21,0.21,0.45,0.01,0.11,0.23,0.46,0.33,0.14,0.16,-0.22,0.19,0.01,-0.10,-0.30,-0.06,0.11,-0.12,0.41,0.39,-0.01,0.52,-0.18,0.09,0.20,-0.03,0.35,-0.12,-0.19,0.34,-1.02,0.04,-0.02,0.00,0.03,0.08,0.02,-0.14,0.22,0.01,0.07,-0.18,-0.29,-0.07,0.02,0.25,0.14,0.17,0.00,0.07,0.14,0.08,0.16,0.31,-0.28,0.12,0.18,-0.15,0.39,-1.02,0.99,0.33,0.73,0.07,0.52,0.94,0.36,0.00,-0.01,0.02,0.15
 "30000","Montana",7,SQGDP11,69,"61","   Educational services ","Percentage points",-0.05,0.09,0.13,0.02,0.04,-0.02,0.00,0.03,-0.01,-0.05,0.00,0.00,0.03,0.04,0.09,-0.02,-0.03,0.22,-0.20,0.08,-0.03,0.00,0.03,0.16,-0.03,-0.02,0.02,-0.02,0.00,0.01,-0.04,0.03,0.00,-0.01,0.04,0.00,0.02,0.02,-0.02,0.01,-0.01,-0.03,0.06,0.04,0.00,-0.05,0.07,-0.02,-0.01,0.02,-0.02,0.05,0.00,0.03,0.00,0.01,0.05,-0.01,-0.06,-0.01,-0.38,0.25,-0.04,0.12,0.10,0.07,0.07,0.07,0.00,0.04,0.03,0.01
 "30000","Montana",7,SQGDP11,70,"62","   Health care and social assistance ","Percentage points",0.63,0.75,-0.01,0.92,0.37,-0.03,-0.23,0.09,-0.40,0.80,0.58,0.94,0.44,0.82,0.25,0.48,0.18,0.07,0.19,-0.28,0.42,0.31,0.24,-0.37,0.47,0.54,0.47,-0.43,0.60,-0.70,1.10,-0.09,0.60,-0.08,0.34,0.05,-0.45,0.94,0.36,0.95,0.41,0.10,0.26,0.06,0.15,1.15,0.65,1.06,-0.08,0.22,0.17,0.31,-0.18,0.14,0.24,0.79,0.02,0.48,0.24,0.32,-4.94,7.62,0.89,-0.69,-0.17,0.36,1.21,-0.40,0.24,0.59,0.16,0.85
 "30000","Montana",7,SQGDP11,76,"71","   Arts, entertainment, and recreation ","Percentage points",-0.06,0.11,0.20,0.18,0.15,-0.04,-0.10,0.21,0.23,-0.09,0.03,-0.13,-0.02,0.15,0.24,-0.34,-0.12,0.25,-0.17,0.07,-0.12,0.00,-0.07,0.21,-0.12,0.17,-0.32,0.09,0.07,-0.05,-0.07,0.15,-0.04,-0.19,0.22,0.13,0.33,-0.10,0.15,-0.06,-0.23,-0.03,-0.15,0.34,-0.17,-0.02,0.21,-0.05,-0.04,0.40,0.29,-0.28,0.05,-0.01,-0.40,0.11,0.23,-0.11,0.14,-0.09,-2.19,1.40,0.46,0.61,-0.09,0.46,0.71,-1.45,0.17,0.22,-0.12,0.08
 "30000","Montana",7,SQGDP11,79,"72","   Accommodation and food services ","Percentage points",-0.13,0.10,0.43,0.11,0.14,0.05,-0.02,0.04,0.05,-0.26,0.04,-0.43,0.00,-0.05,-0.41,-0.19,-0.09,0.06,-0.09,0.02,0.18,0.20,-0.05,0.35,0.37,-0.12,0.13,0.43,0.15,0.00,0.24,0.47,-0.26,0.07,0.14,0.12,0.06,0.46,0.02,0.33,0.04,0.05,-0.25,0.01,-0.25,0.00,0.50,-0.33,0.11,-0.16,-0.08,0.01,0.32,-0.01,0.38,0.23,-0.13,0.35,0.00,-0.22,-5.06,6.61,-0.66,1.73,1.24,0.04,0.48,1.64,0.41,-0.14,-0.63,0.54
 "30000","Montana",7,SQGDP11,82,"81","   Other services (except government and government enterprises) ","Percentage points",0.52,-0.52,0.18,-0.05,-0.07,-0.01,0.04,-0.06,-0.05,-0.18,-0.05,-0.08,-0.10,-0.01,-0.16,-0.20,0.01,-0.07,-0.10,-0.09,0.05,0.13,-0.05,-0.09,-0.01,-0.12,0.01,0.14,0.01,-0.04,0.03,-0.11,-0.03,0.00,0.10,-0.05,0.16,0.17,-0.14,0.16,-0.06,-0.02,-0.13,0.05,-0.04,0.06,0.05,0.03,0.06,0.00,0.10,0.12,0.13,-0.01,0.13,-0.06,0.00,0.15,0.03,0.00,-1.29,1.25,0.05,-0.07,0.08,0.28,0.14,0.22,-0.02,0.05,-0.10,-0.06
 "30000","Montana",7,SQGDP11,83,"..."," Government and government enterprises ","Percentage points",-1.28,-0.34,0.35,1.64,-0.74,0.63,-0.02,0.83,0.14,0.27,-0.24,1.22,-0.32,0.02,0.03,-0.42,0.19,1.55,-1.11,1.34,0.11,-1.71,-0.59,2.35,-0.48,-1.47,1.63,-0.08,0.07,-0.21,-0.34,-0.87,-0.81,-0.64,0.34,0.88,0.29,-1.16,0.69,-0.16,0.77,0.16,-1.56,3.10,-1.06,0.51,0.83,0.50,-0.55,0.10,-0.23,-0.67,0.00,-0.21,-0.68,0.56,0.60,0.55,0.36,-0.66,-1.04,3.09,-0.38,0.13,-0.47,-0.86,0.39,-0.15,0.19,-0.34,0.12,0.26
 "30000","Montana",7,SQGDP11,84,"...","  Federal civilian ","Percentage points",-0.38,0.12,0.33,0.50,0.06,0.15,0.04,0.10,-0.10,0.05,-0.12,-0.10,-0.03,-0.08,0.18,-0.09,0.25,0.28,0.21,0.57,0.49,-0.39,-0.48,0.04,0.09,0.01,0.10,-0.14,-0.11,-0.15,-0.15,-0.44,-0.40,-0.28,0.01,0.40,0.16,0.12,0.07,0.15,0.05,0.12,0.17,0.28,-0.05,-0.05,0.10,0.04,0.03,0.12,0.03,-0.06,0.16,-0.04,-0.18,-0.23,0.45,0.03,-0.09,0.20,0.45,-0.53,0.24,-0.10,-0.73,0.54,-0.12,0.11,0.26,-0.26,0.24,0.19
 "30000","Montana",7,SQGDP11,85,"...","  Military ","Percentage points",-0.01,0.02,0.05,-0.22,-0.02,0.03,0.03,-0.09,-0.02,0.03,-0.02,0.14,0.04,-0.04,-0.07,0.04,-0.05,0.03,0.02,-0.04,-0.04,-0.03,-0.06,-0.10,0.00,-0.03,0.11,0.01,-0.03,0.03,-0.05,-0.03,-0.03,-0.02,-0.13,0.03,-0.06,-0.11,-0.07,-0.06,-0.01,0.01,0.00,0.21,0.05,0.02,0.00,-0.12,0.00,0.02,0.00,-0.09,-0.01,0.02,-0.02,-0.08,0.12,0.03,0.02,-0.02,0.12,0.02,0.02,0.11,0.00,-0.06,0.01,0.05,0.18,-0.07,-0.02,0.01
 "30000","Montana",7,SQGDP11,86,"...","  State and local ","Percentage points",-0.89,-0.48,-0.04,1.36,-0.78,0.46,-0.10,0.83,0.26,0.20,-0.10,1.18,-0.34,0.14,-0.08,-0.37,-0.01,1.24,-1.34,0.80,-0.35,-1.29,-0.05,2.40,-0.57,-1.45,1.43,0.05,0.21,-0.09,-0.14,-0.40,-0.38,-0.35,0.46,0.45,0.19,-1.18,0.68,-0.24,0.73,0.03,-1.73,2.62,-1.06,0.55,0.73,0.59,-0.57,-0.04,-0.26,-0.51,-0.16,-0.19,-0.48,0.87,0.04,0.49,0.43,-0.85,-1.61,3.60,-0.64,0.12,0.27,-1.34,0.51,-0.31,-0.25,0.00,-0.10,0.06
 "31000","Nebraska",4,SQGDP11,1,"...","All industry total (percent change) ","Percent change",4.8,5.3,6.9,-3.1,14.4,-9.2,1.1,8.6,0.0,-0.8,7.1,-2.2,5.8,-5.9,-15.3,12.8,-2.2,5.3,7.3,-1.2,9.6,2.7,1.2,15.4,-0.1,-2.0,11.5,-8.0,5.5,-4.8,0.7,10.2,-2.3,1.2,-2.0,9.2,6.1,-0.2,2.5,5.4,4.9,1.5,-0.5,-2.5,2.4,4.6,5.3,-5.2,3.8,0.4,4.4,5.6,-2.1,0.4,3.3,-2.0,2.4,6.4,4.9,-4.7,-23.4,32.5,7.5,-3.8,6.7,-0.5,0.0,5.0,-1.7,1.2,-3.4,12.3
 "31000","Nebraska",4,SQGDP11,2,"..."," Private industries ","Percentage points",5.70,5.51,5.32,-4.17,13.37,-9.21,1.41,9.91,0.91,-0.65,6.71,-2.75,5.41,-5.73,-15.14,14.83,-2.84,4.27,5.49,-2.18,7.56,3.05,0.74,16.44,-0.84,-0.09,9.53,-6.55,3.96,-3.35,-0.14,12.72,-3.29,2.50,-3.16,8.80,5.43,-0.03,2.06,6.38,4.32,1.34,-0.02,-4.51,3.21,4.10,4.56,-5.28,3.92,0.50,4.11,5.84,-2.28,0.18,3.78,-2.04,2.00,5.92,3.93,-4.68,-21.90,30.44,8.09,-3.71,6.71,0.34,0.04,4.12,-1.70,1.11,-3.76,12.13
 "31000","Nebraska",4,SQGDP11,3,"11","   Agriculture, forestry, fishing and hunting ","Percentage points",1.56,0.32,-0.08,-4.84,6.42,-3.22,-5.29,14.87,-8.86,-3.63,0.58,7.88,-0.66,-2.78,-0.57,5.29,-0.32,1.06,2.60,-7.24,3.54,2.50,0.10,9.12,-6.18,0.09,3.33,-9.44,3.33,-5.39,2.81,9.21,1.72,-2.21,-0.85,-2.14,2.71,-1.42,1.05,2.02,0.46,0.36,-1.71,1.35,0.15,0.74,-0.59,-4.87,0.36,-3.40,0.71,5.71,-4.31,-1.46,2.89,1.75,-1.34,0.63,0.14,2.83,-2.96,1.14,5.47,-8.01,8.64,-1.34,-6.98,3.76,1.41,-0.37,-5.85,11.47
 "31000","Nebraska",4,SQGDP11,6,"21","   Mining, quarrying, and oil and gas extraction ","Percentage points",0.04,-0.16,-0.08,-0.10,0.00,0.13,0.28,-0.01,0.14,-0.01,-0.16,-0.16,-0.22,-0.11,0.06,0.06,-0.03,0.00,0.02,0.02,0.16,0.01,0.07,-0.01,0.00,0.02,0.07,0.04,0.02,0.15,-0.20,-0.01,-0.04,0.04,0.03,0.00,0.00,-0.05,0.03,0.07,-0.06,0.03,-0.05,-0.06,-0.10,-0.03,-0.01,0.03,0.05,0.02,0.02,-0.03,0.02,-0.03,0.00,-0.01,0.00,0.01,0.04,0.09,0.03,0.00,-0.04,0.02,-0.02,0.05,0.01,-0.03,-0.04,0.04,0.04,0.01
 "31000","Nebraska",4,SQGDP11,10,"22","   Utilities ","Percentage points",-0.27,-0.12,-0.12,0.58,0.38,0.12,-0.04,0.78,0.37,0.08,0.24,0.66,1.08,0.54,-0.87,1.42,-0.09,0.07,0.37,1.37,-0.11,-0.37,0.02,1.28,1.09,-0.01,0.35,1.14,-0.02,-0.45,-0.41,-1.66,0.29,0.28,-0.04,-1.76,0.53,-0.20,-0.12,0.72,0.60,0.37,0.50,3.56,-0.05,-0.34,-0.14,-1.92,0.37,0.65,1.82,-3.24,1.09,-0.12,-0.35,-1.91,0.09,-0.25,0.79,-0.95,0.36,0.68,0.07,-0.12,0.66,-0.37,0.19,1.48,-1.36,-0.46,-0.20,-0.21
 "31000","Nebraska",4,SQGDP11,11,"23","   Construction ","Percentage points",-0.72,-0.27,-0.71,0.11,-0.27,-0.29,0.01,0.66,0.35,0.83,-0.99,-0.54,0.05,0.04,-0.38,-0.05,0.66,2.27,-1.11,-0.58,0.38,-0.52,0.22,-0.53,0.42,-0.79,-0.21,-0.35,-0.65,-0.25,0.67,-0.27,0.35,0.47,-0.53,-0.80,0.74,0.18,0.89,-0.18,0.19,0.13,0.13,-0.46,0.10,0.37,0.29,0.52,-0.15,0.20,0.35,-0.15,-0.07,0.21,0.04,0.23,0.33,0.43,0.21,0.21,-0.49,0.08,0.62,0.20,0.05,-0.47,-0.61,0.17,-0.90,-0.72,0.41,0.48
 "31000","Nebraska",4,SQGDP11,12,"31-33","   Manufacturing ","Percentage points",1.25,1.83,2.62,3.28,2.06,-2.69,0.33,-1.53,-0.29,1.15,2.29,-1.18,3.19,-0.02,-3.00,-2.89,0.21,1.01,2.64,-0.07,1.51,0.21,1.37,1.76,1.20,1.00,1.31,-1.08,0.22,-0.67,-0.96,2.61,-0.70,-0.52,-0.70,0.51,-0.89,-1.20,-1.64,-0.07,-1.68,0.08,-0.05,-1.75,0.71,0.66,-1.11,-0.31,-0.38,0.45,1.60,2.26,1.06,0.61,0.10,0.76,0.52,1.43,0.71,-1.05,-2.84,5.72,0.95,1.25,-0.28,0.42,2.31,-0.91,-1.29,-0.09,0.75,-0.40
 "31000","Nebraska",4,SQGDP11,13,"321,327-339","     Durable goods manufacturing ","Percentage points",0.36,0.86,0.76,-0.06,1.33,-1.88,0.51,0.16,0.50,0.62,0.57,0.10,0.45,-0.48,-1.57,-2.34,-1.27,0.16,0.51,0.79,1.37,1.20,1.55,1.65,0.96,0.68,0.29,-0.80,0.17,0.27,0.60,1.22,-0.35,-0.11,-0.42,-0.84,-1.29,-0.49,-0.93,0.11,-0.24,-0.23,-0.34,-0.41,-0.21,0.25,-0.32,0.84,-0.15,0.28,0.55,-0.20,-0.08,0.23,0.21,-0.04,0.52,0.14,-0.14,-0.41,-2.08,2.55,0.73,1.35,-0.43,-0.45,1.13,-0.39,-0.03,-0.01,0.33,-0.36
 "31000","Nebraska",4,SQGDP11,25,"311-316,322-326","     Nondurable goods manufacturing ","Percentage points",0.90,0.98,1.86,3.35,0.74,-0.80,-0.18,-1.68,-0.79,0.53,1.72,-1.28,2.73,0.46,-1.43,-0.55,1.48,0.85,2.12,-0.86,0.14,-0.99,-0.18,0.11,0.25,0.31,1.01,-0.28,0.05,-0.94,-1.56,1.38,-0.36,-0.40,-0.29,1.35,0.41,-0.71,-0.71,-0.19,-1.44,0.31,0.29,-1.34,0.92,0.42,-0.79,-1.14,-0.23,0.17,1.05,2.46,1.14,0.38,-0.11,0.81,-0.01,1.29,0.85,-0.64,-0.76,3.17,0.22,-0.09,0.16,0.87,1.18,-0.51,-1.27,-0.08,0.43,-0.04
 "31000","Nebraska",4,SQGDP11,34,"42","   Wholesale trade ","Percentage points",0.05,-0.25,0.16,0.22,-0.33,-0.07,-0.27,0.17,0.77,0.08,0.27,1.84,0.46,0.12,-0.92,-0.66,-0.82,0.17,0.91,0.13,0.99,0.70,-0.62,-1.20,0.58,0.27,1.60,-0.83,0.93,0.00,-0.11,0.31,-0.19,0.60,0.22,0.83,0.53,0.67,0.27,-0.09,0.34,-0.04,-0.15,-1.01,-0.27,0.29,0.17,-0.97,-0.33,0.18,-0.15,1.58,-0.45,-0.16,-0.17,0.04,-0.50,0.65,0.42,-0.44,-1.38,2.55,-0.38,0.50,-0.49,-0.41,1.00,0.76,-0.75,0.69,0.31,-0.18
 "31000","Nebraska",4,SQGDP11,35,"44-45","   Retail trade ","Percentage points",0.62,-0.26,-1.20,0.76,-0.21,-0.52,0.23,-0.45,0.19,0.08,0.37,-0.01,0.21,-0.39,-0.48,0.31,-0.36,-0.19,0.05,0.08,0.26,0.26,0.08,-0.40,-0.04,-0.26,0.44,0.54,-0.43,0.42,-0.34,1.40,-0.33,0.05,0.12,-0.63,0.35,0.13,-0.08,0.08,0.64,-0.14,0.18,0.16,0.35,-0.03,0.19,-0.09,-0.03,0.80,-0.05,-0.20,-0.19,0.17,0.00,-0.05,0.21,0.33,-0.17,-0.40,-0.38,1.06,-0.35,0.72,-1.24,-0.69,0.15,-0.30,0.04,0.19,0.46,0.44
 "31000","Nebraska",4,SQGDP11,36,"48-49","   Transportation and warehousing ","Percentage points",0.11,1.09,0.51,-0.84,0.81,-0.05,0.54,-1.29,0.55,0.06,0.77,-0.08,0.96,-1.07,-1.50,-1.24,-0.47,0.24,1.16,-0.21,0.84,0.25,-1.42,6.00,-1.00,-0.95,1.27,-2.23,1.19,0.51,0.52,-0.87,-1.45,-0.73,-0.93,7.44,-0.64,0.44,-0.15,-2.06,1.11,1.11,0.46,-3.64,0.26,-0.12,0.28,0.38,0.19,-0.39,0.19,-0.20,0.08,0.77,0.85,-6.01,0.45,0.47,-0.27,0.00,-4.71,4.07,0.40,0.99,-0.99,1.02,-0.05,-1.47,-0.22,0.47,0.79,0.00
 "31000","Nebraska",4,SQGDP11,45,"51","   Information ","Percentage points",-0.22,0.51,-0.17,-0.14,1.17,-0.61,-0.48,0.18,0.43,1.32,5.87,-6.33,1.44,-0.54,-0.69,0.15,-0.14,-0.20,-0.02,0.32,0.04,0.25,-0.37,1.04,-0.13,0.53,-0.83,-0.14,-0.04,-0.45,-0.30,1.49,-0.16,0.28,-0.13,0.22,-0.01,-0.23,0.17,0.84,0.22,0.32,0.39,1.20,-0.27,0.08,0.47,0.12,-0.14,0.21,-0.14,0.10,0.55,-0.10,0.28,-0.18,0.63,0.14,-0.36,-0.33,-0.19,0.37,1.41,-0.33,0.47,0.68,0.35,0.80,0.18,0.78,0.28,0.30
 "31000","Nebraska",4,SQGDP11,51,"52","   Finance and insurance ","Percentage points",2.05,2.46,2.94,-4.26,4.31,-1.25,1.26,0.88,3.51,-1.07,-2.88,-3.14,-3.03,-4.01,-4.41,10.39,1.29,0.54,-2.06,1.19,-2.13,-0.09,0.46,-0.86,1.03,-0.04,1.67,1.22,0.62,0.86,-1.85,-0.76,-1.34,1.03,1.73,3.34,1.95,0.99,0.64,2.64,1.42,-1.97,0.16,-3.11,1.17,2.40,4.75,2.51,1.65,1.72,-2.62,-0.83,-2.30,-0.48,-0.62,2.50,1.90,0.59,2.60,-2.55,0.13,3.66,-0.87,1.10,-2.37,0.02,0.52,-0.85,0.35,-0.38,-1.01,-0.71
 "31000","Nebraska",4,SQGDP11,56,"53","   Real estate and rental and leasing ","Percentage points",0.57,0.07,0.29,-0.94,0.08,0.81,0.88,0.36,1.32,-0.27,0.02,-1.20,-1.04,-0.77,-0.27,0.75,-0.17,0.65,0.59,0.93,0.97,0.39,0.93,0.04,1.01,0.34,1.16,-0.26,0.61,0.52,-0.31,0.82,0.03,0.47,-0.24,-0.88,-0.04,0.38,0.51,1.11,0.36,0.38,0.05,-0.15,-0.11,0.19,-0.88,0.14,0.47,0.32,0.67,0.71,0.50,0.34,0.19,0.08,-0.13,-0.01,-0.41,-0.63,-1.13,0.73,-0.27,0.55,0.25,0.39,0.61,0.10,0.10,0.26,-0.28,0.23
 "31000","Nebraska",4,SQGDP11,60,"54","   Professional, scientific, and technical services ","Percentage points",-0.14,0.14,0.19,0.63,0.48,-0.59,0.62,-0.77,0.19,0.55,0.91,0.43,0.67,0.44,0.27,-0.38,-0.36,-0.13,0.14,0.59,0.20,0.56,-0.84,0.24,0.46,-0.24,0.12,1.19,0.06,0.45,-0.82,-0.34,-0.59,0.37,-0.37,0.17,0.29,-0.18,0.28,-0.06,0.06,0.07,0.00,0.34,0.11,-0.15,0.09,0.25,0.29,-0.05,0.44,0.39,0.28,0.12,0.11,-0.05,0.04,0.60,-0.28,0.37,-0.77,1.04,-0.23,0.07,0.62,0.37,0.67,0.00,0.08,0.20,0.24,-0.03
 "31000","Nebraska",4,SQGDP11,64,"55","   Management of companies and enterprises ","Percentage points",0.56,-0.77,1.29,0.68,-1.45,-0.31,1.41,-0.58,0.62,0.26,-0.89,-1.14,1.58,1.91,-2.71,2.43,-1.48,-0.72,0.04,0.70,0.49,-1.00,0.17,0.29,-0.14,-0.16,-0.50,1.95,-1.43,0.23,1.22,0.69,-0.52,1.67,-1.56,1.63,-0.21,-0.10,0.06,0.55,0.40,0.41,-0.16,-0.97,0.64,-0.45,-0.03,-0.14,0.44,0.35,0.16,-1.06,0.44,-0.15,0.21,0.24,-0.18,-0.10,0.07,-0.08,0.45,-0.03,1.53,-1.13,0.28,-0.13,0.30,0.54,0.13,0.08,0.18,-0.01
 "31000","Nebraska",4,SQGDP11,65,"56","   Administrative and support and waste management and remediation services ","Percentage points",0.30,0.20,-0.26,0.32,-0.25,-0.14,1.58,-1.82,1.14,-0.19,-0.18,0.15,0.14,0.02,-0.14,-0.42,-0.27,-0.07,0.35,-0.24,0.17,0.13,0.14,-0.10,0.07,0.27,-0.04,0.24,0.21,0.00,0.08,0.14,0.07,0.17,0.16,0.45,0.09,0.00,0.07,0.12,0.09,0.12,-0.04,-0.21,0.26,0.29,0.25,-0.10,0.18,0.15,0.15,0.17,0.18,0.16,0.01,0.11,0.03,0.34,0.29,-0.29,-1.16,0.50,0.12,0.48,0.15,0.45,0.92,-0.15,0.23,0.06,-0.24,0.07
 "31000","Nebraska",4,SQGDP11,69,"61","   Educational services ","Percentage points",0.00,-0.01,0.00,0.01,0.11,0.01,-0.02,-0.02,-0.02,0.01,0.01,0.06,0.04,0.05,0.07,0.23,-0.06,-0.01,0.00,0.09,0.00,-0.05,-0.01,0.05,-0.01,-0.17,-0.02,0.15,-0.10,0.08,-0.10,-0.20,0.00,0.11,-0.32,0.12,-0.05,0.01,-0.03,0.06,-0.02,0.00,-0.04,0.12,-0.07,-0.05,0.35,-0.30,0.06,-0.09,0.01,0.05,0.09,-0.01,0.05,-0.02,0.01,-0.03,-0.08,-0.08,-0.31,0.20,-0.16,0.07,0.14,-0.02,0.04,-0.07,-0.03,0.01,0.04,0.04
 "31000","Nebraska",4,SQGDP11,70,"62","   Health care and social assistance ","Percentage points",0.10,0.81,0.03,0.21,0.34,-0.33,0.21,-0.47,0.36,0.20,0.30,0.36,0.59,0.80,0.49,-0.21,-0.16,-0.35,0.10,-0.13,0.01,-0.23,0.46,-0.30,0.66,0.15,0.05,0.96,-0.41,0.55,-0.07,0.13,-0.26,0.26,-0.01,0.16,0.00,0.26,0.21,0.49,0.09,0.25,0.33,-0.02,0.34,0.40,0.25,-0.45,1.06,-0.82,0.76,0.42,0.60,0.36,-0.14,0.52,-0.01,0.33,0.14,-0.31,-2.57,4.43,0.43,-0.88,0.15,-0.10,0.58,0.23,0.26,0.22,0.26,0.50
 "31000","Nebraska",4,SQGDP11,76,"71","   Arts, entertainment, and recreation ","Percentage points",-0.02,0.01,0.06,0.02,-0.04,-0.08,0.05,-0.06,0.04,0.08,0.00,-0.11,0.11,-0.03,0.00,0.08,-0.01,-0.01,-0.15,0.17,0.04,-0.01,0.09,0.00,0.05,-0.06,0.02,0.07,0.04,0.01,0.01,0.01,-0.03,0.05,0.05,0.07,-0.01,0.04,-0.07,-0.05,0.05,-0.12,0.10,0.02,0.05,-0.05,0.10,-0.10,0.03,0.14,0.00,0.00,0.07,-0.06,0.05,-0.01,-0.01,0.05,0.01,-0.16,-0.87,0.53,0.13,0.23,0.00,0.18,0.11,-0.10,0.04,0.13,0.04,0.03
 "31000","Nebraska",4,SQGDP11,79,"72","   Accommodation and food services ","Percentage points",-0.07,-0.10,-0.04,0.22,-0.19,-0.08,-0.02,0.07,-0.02,-0.11,0.08,-0.05,-0.02,0.03,-0.12,-0.20,-0.16,0.00,0.00,0.26,0.26,0.09,-0.04,0.13,0.06,-0.13,-0.14,0.12,-0.17,0.05,0.04,0.08,-0.08,0.06,0.16,0.15,-0.01,0.13,-0.06,0.20,0.09,0.05,-0.03,0.05,0.03,-0.07,0.13,-0.01,-0.15,0.02,0.04,0.06,0.05,0.02,0.20,0.05,-0.04,0.16,-0.01,-0.95,-2.03,2.57,-0.68,0.64,0.60,0.02,-0.10,0.09,0.10,-0.02,-0.11,0.17
 "31000","Nebraska",4,SQGDP11,82,"81","   Other services (except government and government enterprises) ","Percentage points",-0.08,0.02,-0.10,-0.10,-0.06,-0.05,0.16,-1.05,0.12,-0.08,0.10,-0.20,-0.14,0.05,0.01,-0.22,-0.10,-0.05,-0.11,0.43,-0.03,-0.03,-0.05,-0.11,0.02,0.05,-0.11,0.17,-0.01,0.04,-0.03,-0.04,-0.05,0.04,0.06,-0.08,0.11,0.10,0.04,0.00,-0.04,-0.07,-0.07,0.06,-0.07,-0.03,-0.01,0.02,-0.04,0.03,0.14,0.11,0.03,0.00,0.08,-0.10,0.00,0.15,0.09,0.03,-1.08,1.16,-0.04,-0.06,0.09,0.28,0.04,0.06,-0.03,0.01,0.13,-0.07
 "31000","Nebraska",4,SQGDP11,83,"..."," Government and government enterprises ","Percentage points",-0.89,-0.22,1.58,1.11,1.06,-0.04,-0.31,-1.26,-0.90,-0.12,0.35,0.56,0.44,-0.14,-0.12,-2.04,0.61,1.00,1.78,1.02,2.01,-0.40,0.50,-1.01,0.75,-1.95,1.97,-1.45,1.58,-1.42,0.85,-2.48,0.99,-1.26,1.14,0.41,0.67,-0.19,0.43,-0.96,0.54,0.12,-0.50,2.03,-0.85,0.51,0.72,0.08,-0.10,-0.14,0.27,-0.25,0.18,0.21,-0.49,0.04,0.42,0.43,0.93,-0.06,-1.54,2.09,-0.58,-0.12,-0.03,-0.87,-0.09,0.84,-0.04,0.08,0.38,0.20
 "31000","Nebraska",4,SQGDP11,84,"...","  Federal civilian ","Percentage points",-0.02,0.03,0.19,0.04,0.05,-0.02,-0.22,-0.11,-0.20,-0.12,-0.18,-0.13,-0.08,-0.01,0.05,0.15,0.20,0.13,0.16,0.43,0.08,0.18,-0.07,-0.10,-0.08,-0.03,0.11,0.09,0.04,-0.11,-0.18,-0.24,-0.21,-0.12,0.03,0.20,0.13,0.11,0.11,0.06,0.10,0.05,0.06,0.09,0.03,0.04,0.07,0.11,0.08,0.10,0.06,0.06,0.03,0.04,-0.02,-0.06,0.18,0.04,0.03,0.07,0.00,0.02,-0.10,-0.14,-0.11,-0.10,-0.11,-0.04,-0.04,-0.08,0.08,0.10
 "31000","Nebraska",4,SQGDP11,85,"...","  Military ","Percentage points",-0.02,-0.05,0.01,-0.11,-0.08,0.01,-0.05,-0.09,-0.01,0.00,0.01,0.06,0.04,0.01,0.00,0.04,0.02,0.05,-0.03,-0.01,-0.03,-0.06,-0.02,-0.05,-0.01,-0.01,0.05,-0.02,-0.01,0.01,-0.04,-0.05,-0.05,-0.01,-0.06,0.03,-0.01,-0.06,-0.06,-0.04,0.01,0.02,0.02,0.13,0.03,0.02,0.02,-0.09,0.00,0.02,0.01,-0.13,-0.01,0.01,-0.01,0.02,0.06,0.01,0.00,-0.04,0.09,0.03,0.02,0.10,0.03,-0.04,0.01,-0.04,0.01,0.04,0.01,0.01
 "31000","Nebraska",4,SQGDP11,86,"...","  State and local ","Percentage points",-0.85,-0.20,1.37,1.18,1.08,-0.02,-0.04,-1.06,-0.69,0.00,0.52,0.63,0.47,-0.14,-0.17,-2.23,0.40,0.82,1.65,0.59,1.96,-0.52,0.59,-0.85,0.84,-1.90,1.82,-1.51,1.55,-1.32,1.06,-2.19,1.25,-1.13,1.17,0.17,0.55,-0.25,0.38,-0.98,0.43,0.06,-0.58,1.81,-0.91,0.45,0.64,0.06,-0.18,-0.26,0.19,-0.19,0.16,0.16,-0.46,0.08,0.17,0.38,0.90,-0.08,-1.63,2.03,-0.50,-0.08,0.04,-0.72,0.01,0.92,-0.02,0.11,0.28,0.09
 "32000","Nevada",8,SQGDP11,1,"...","All industry total (percent change) ","Percent change",12.1,-1.4,3.5,7.4,5.7,-2.2,2.5,-1.4,-0.3,2.2,6.2,-8.6,-5.1,-2.4,-11.9,-13.1,-8.6,-4.4,0.4,1.4,6.8,4.9,1.4,-4.8,6.3,-4.0,0.0,-0.9,-1.9,-1.1,-3.4,5.6,-3.3,2.0,4.0,-2.2,0.4,2.6,4.7,4.9,6.4,2.6,3.2,-0.1,1.2,9.9,0.4,5.8,2.9,5.5,-2.3,8.8,1.6,1.9,5.3,6.6,2.7,4.8,3.9,-5.3,-49.6,54.1,3.9,8.6,18.5,9.8,7.4,-3.3,1.0,3.6,5.3,5.4
 "32000","Nevada",8,SQGDP11,2,"..."," Private industries ","Percentage points",12.06,-1.37,2.98,7.03,5.34,-2.56,2.01,-1.53,-0.54,2.05,6.19,-9.37,-4.83,-3.17,-11.02,-13.30,-8.50,-4.44,-0.09,1.46,6.50,5.04,1.59,-4.43,6.16,-2.96,0.04,-0.57,-1.51,-1.47,-3.28,5.69,-3.25,2.46,4.00,-2.51,-0.10,3.38,4.23,4.73,5.61,2.63,2.73,-0.75,1.47,8.65,0.88,5.89,2.87,3.53,0.28,8.07,1.25,1.60,5.51,5.65,2.72,4.76,2.86,-5.15,-48.31,52.93,3.85,10.43,16.72,9.40,7.20,-2.97,0.88,3.55,4.93,5.29
 "32000","Nevada",8,SQGDP11,3,"11","   Agriculture, forestry, fishing and hunting ","Percentage points",0.00,-0.01,-0.10,0.10,0.08,-0.03,0.02,-0.29,-0.07,-0.03,0.05,0.22,-0.03,-0.03,0.09,0.06,0.01,0.08,-0.07,-0.08,0.06,-0.04,-0.08,0.03,-0.04,0.06,0.16,-0.43,-0.01,0.13,-0.07,-0.16,0.23,0.03,-0.06,0.21,0.06,0.06,0.02,-0.14,0.06,0.05,-0.15,0.13,-0.04,-0.02,-0.14,0.29,-0.07,-0.12,-0.05,0.18,0.00,-0.07,0.02,0.18,-0.01,-0.04,0.01,-0.02,-0.07,0.17,-0.16,0.08,-0.14,-0.06,0.18,0.03,-0.26,-0.03,-0.02,-0.02
 "32000","Nevada",8,SQGDP11,6,"21","   Mining, quarrying, and oil and gas extraction ","Percentage points",0.38,-0.64,0.05,2.24,0.26,0.31,0.08,-0.48,-0.26,-0.28,0.63,-0.13,-0.21,-0.28,2.00,-1.24,-1.01,-0.14,-0.60,1.64,2.04,0.39,1.15,-0.55,1.99,-1.52,0.75,-1.65,0.89,-0.94,-1.45,0.02,-1.60,-0.12,0.03,-0.77,-0.82,-0.82,-0.56,-0.07,-0.77,0.41,-0.01,1.12,-0.62,0.71,0.59,0.68,1.26,0.10,-0.12,-1.14,-0.58,-0.38,-0.14,0.56,0.01,0.20,-0.12,1.51,0.52,-0.06,-0.63,0.94,0.12,1.05,0.17,-0.90,-0.44,0.26,0.34,-0.02
 "32000","Nevada",8,SQGDP11,10,"22","   Utilities ","Percentage points",0.05,-0.15,0.50,-0.25,0.71,0.06,-0.09,-0.20,0.25,0.02,-0.09,-0.01,0.47,-0.10,-0.51,-0.23,0.37,-0.01,0.89,-0.15,0.09,-0.35,-0.35,0.23,-0.28,0.08,0.25,0.47,-0.22,0.06,-0.97,1.20,-0.86,-0.12,0.85,-1.01,0.37,0.30,-0.12,-0.31,0.19,0.51,-0.51,0.12,-0.05,-0.17,0.37,-0.50,0.40,-0.34,0.08,-0.19,0.01,-0.24,0.05,0.10,0.34,-0.26,0.54,-0.32,0.18,-0.24,-0.14,0.02,-0.01,0.00,-0.63,0.93,0.19,-0.19,0.02,0.02
 "32000","Nevada",8,SQGDP11,11,"23","   Construction ","Percentage points",0.90,1.32,-0.78,0.58,-0.58,-1.21,-1.96,0.66,0.05,-1.53,-2.75,-3.28,-1.70,0.18,-1.55,-1.95,-0.94,-1.00,-0.95,-3.98,1.42,-0.14,1.08,-1.40,-1.56,-1.48,-1.57,-2.62,-1.09,-0.80,-0.26,0.10,0.22,0.15,-0.21,0.17,0.67,0.55,0.64,1.40,0.30,0.73,1.00,0.27,0.04,1.32,1.03,1.23,1.00,0.25,0.48,0.25,0.36,0.67,0.70,0.61,0.63,1.16,0.83,-0.01,-0.68,1.17,0.06,0.19,1.76,-1.73,-1.38,-0.41,-1.17,-0.91,0.41,0.25
 "32000","Nevada",8,SQGDP11,12,"31-33","   Manufacturing ","Percentage points",0.65,-0.42,0.38,0.04,0.13,0.16,0.67,0.79,1.01,0.65,1.15,-0.66,-0.14,-0.40,-1.05,-1.45,-0.21,-0.48,-0.42,-0.10,0.10,-0.07,-0.61,0.63,0.04,0.13,0.66,1.46,-0.28,0.29,-0.61,0.71,-0.64,0.78,0.39,-1.14,0.04,0.06,1.26,-2.14,0.99,-1.10,-0.60,1.06,0.54,-0.33,0.00,0.87,0.83,0.16,0.77,0.80,0.23,0.56,0.35,0.62,-0.73,0.39,-0.80,1.11,-2.77,4.70,0.09,1.27,0.39,-0.02,0.45,0.34,0.01,0.29,0.17,-0.04
 "32000","Nevada",8,SQGDP11,13,"321,327-339","     Durable goods manufacturing ","Percentage points",0.65,-0.39,0.26,-0.16,-0.01,0.16,0.40,1.02,0.96,0.56,1.12,-0.37,-0.22,-0.11,-0.79,-1.23,-0.54,-0.59,-0.54,0.15,0.39,0.07,-0.57,0.60,0.02,0.36,0.48,1.55,-0.11,0.19,-0.40,0.26,-0.64,0.50,0.37,-1.36,-0.26,0.25,1.38,-2.11,1.01,-1.06,-0.63,0.80,0.38,-0.51,0.04,0.66,0.69,0.20,0.64,0.75,0.17,0.59,0.40,0.43,-0.78,0.17,-0.72,1.16,-2.24,4.05,0.03,1.11,0.12,-0.09,0.15,0.54,0.19,0.26,0.19,-0.06
 "32000","Nevada",8,SQGDP11,25,"311-316,322-326","     Nondurable goods manufacturing ","Percentage points",-0.01,-0.03,0.12,0.20,0.14,0.00,0.26,-0.23,0.06,0.09,0.03,-0.30,0.08,-0.28,-0.26,-0.22,0.33,0.11,0.13,-0.25,-0.29,-0.14,-0.05,0.03,0.02,-0.23,0.18,-0.09,-0.17,0.10,-0.21,0.45,0.00,0.28,0.02,0.22,0.30,-0.19,-0.12,-0.02,-0.02,-0.04,0.03,0.25,0.16,0.18,-0.04,0.21,0.14,-0.05,0.13,0.05,0.06,-0.03,-0.05,0.18,0.04,0.22,-0.07,-0.05,-0.53,0.64,0.06,0.15,0.27,0.06,0.30,-0.20,-0.18,0.03,-0.01,0.02
 "32000","Nevada",8,SQGDP11,34,"42","   Wholesale trade ","Percentage points",-0.33,0.38,0.22,0.38,-0.54,-0.09,0.06,-0.06,0.25,0.23,0.13,-0.04,-0.08,-0.22,-0.87,-1.50,-0.56,-0.30,0.49,-0.79,0.41,0.23,0.07,-0.08,-0.33,0.01,0.57,0.11,0.15,-0.02,0.06,-0.59,0.12,0.64,0.81,-0.69,0.27,0.79,-0.14,-0.06,0.87,-0.27,-0.11,0.33,-0.02,0.84,-0.01,0.60,0.68,-0.57,0.07,1.66,-1.00,0.03,0.34,-0.36,0.11,0.46,0.18,0.35,-1.58,2.03,0.24,-0.30,1.02,-0.54,0.23,-0.87,-0.63,0.07,0.00,-0.17
 "32000","Nevada",8,SQGDP11,35,"44-45","   Retail trade ","Percentage points",1.48,1.04,-1.06,0.77,-0.26,-0.83,0.28,-0.68,-0.46,-0.11,-0.15,-0.70,-0.45,-0.61,-1.14,-1.08,-0.33,-0.50,0.76,-0.56,0.48,0.63,0.26,-0.18,0.56,-0.07,-0.10,0.49,-0.90,0.46,0.00,0.82,0.22,0.09,0.63,0.32,0.25,0.04,-0.17,0.43,0.69,0.01,0.40,1.21,0.38,0.10,-0.22,0.68,-0.13,0.82,0.21,0.68,0.11,0.70,-0.30,1.25,0.05,0.22,0.07,-0.38,-2.91,5.03,0.20,0.48,-0.46,-1.05,0.66,-1.53,0.32,0.49,0.43,0.78
 "32000","Nevada",8,SQGDP11,36,"48-49","   Transportation and warehousing ","Percentage points",0.51,0.85,0.17,-0.11,0.40,-0.35,-0.02,0.02,-0.04,-0.32,1.06,-0.35,0.21,0.04,-0.59,-0.64,0.66,0.22,0.54,0.83,0.36,0.33,0.28,-0.95,0.25,-0.37,0.29,0.21,-0.29,0.39,-0.39,-0.01,-0.51,0.32,0.25,0.39,0.19,0.47,-0.17,0.05,0.58,0.23,-0.24,-0.58,1.06,-0.03,1.15,-0.04,0.03,-0.02,-0.17,0.34,-0.10,-0.07,-0.02,0.62,-0.09,0.27,-0.69,-1.70,-3.28,2.25,0.73,1.57,0.24,0.85,0.80,-0.98,0.30,0.73,0.78,0.34
 "32000","Nevada",8,SQGDP11,45,"51","   Information ","Percentage points",2.89,-2.35,-0.15,-0.17,0.38,0.54,0.02,-0.51,0.36,0.50,0.57,-0.53,0.20,-0.10,-0.38,1.54,-0.48,-0.19,-0.20,1.49,-0.53,0.29,-0.18,-0.46,0.45,0.32,0.13,-0.89,0.20,0.00,0.46,-0.48,0.10,-0.07,-0.60,2.23,-0.27,-0.57,0.03,0.32,0.52,0.82,0.79,-0.14,0.39,0.09,-0.07,-0.17,-0.01,0.41,0.08,0.50,0.86,-0.08,-0.09,0.86,0.16,0.40,0.05,-1.56,0.55,2.25,-0.61,2.94,-1.34,0.60,0.38,0.31,-1.03,0.25,0.33,0.23
 "32000","Nevada",8,SQGDP11,51,"52","   Finance and insurance ","Percentage points",-1.65,0.37,0.03,-0.47,-0.54,-0.14,-0.96,1.30,-0.16,-0.42,0.36,-0.98,0.85,-0.43,-1.86,2.93,0.00,0.04,-0.34,-0.37,-0.84,0.34,0.59,-0.23,0.58,0.65,1.09,-0.09,0.26,0.56,-1.28,0.14,-1.13,-0.74,-0.45,0.89,0.24,-0.30,0.30,1.73,0.54,0.11,0.18,-0.90,0.26,0.82,0.74,-0.52,-0.52,-0.23,-0.26,1.63,0.32,0.33,-0.19,0.07,0.62,0.88,1.38,-1.29,1.15,1.94,2.09,-0.65,-0.33,1.15,-0.36,-0.97,0.51,0.12,0.02,-0.66
 "32000","Nevada",8,SQGDP11,56,"53","   Real estate and rental and leasing ","Percentage points",0.97,1.20,3.05,3.04,2.84,0.40,1.51,1.27,0.70,1.38,0.56,0.98,0.68,-0.88,-1.37,-3.81,-3.65,-1.94,-0.66,0.78,0.65,0.08,0.69,-1.69,0.59,-0.48,0.08,-1.38,0.11,0.59,-0.33,2.21,0.27,0.46,-0.40,-0.91,-0.19,0.61,1.14,2.92,0.66,1.02,-1.16,-1.68,-0.48,-0.60,0.13,0.85,0.81,0.95,0.64,0.81,0.21,0.64,0.32,0.27,0.55,0.34,0.20,0.23,-3.05,2.36,-0.42,1.67,0.58,1.74,1.80,0.68,1.76,1.31,0.34,1.75
 "32000","Nevada",8,SQGDP11,60,"54","   Professional, scientific, and technical services ","Percentage points",-0.70,0.22,0.25,0.67,-0.17,-0.21,0.30,-0.66,0.29,0.07,0.36,-0.11,0.48,0.11,-0.36,-1.00,-1.08,-0.19,-0.38,0.27,0.35,0.17,-0.26,-0.08,0.25,0.35,-0.17,0.25,0.26,-0.34,-0.49,0.05,-0.13,0.18,0.20,-0.89,0.29,0.55,0.56,-0.50,0.36,0.11,0.12,0.35,0.08,0.12,-0.10,0.99,0.12,0.22,0.06,0.17,0.05,0.14,0.28,0.13,0.32,0.37,0.42,-0.30,-1.05,1.15,0.29,0.71,1.84,0.88,-0.33,-0.58,0.32,0.60,0.82,-0.01
 "32000","Nevada",8,SQGDP11,64,"55","   Management of companies and enterprises ","Percentage points",4.15,-4.24,-1.02,0.90,0.85,-0.60,0.60,0.27,-1.01,0.76,5.03,-2.34,-3.25,0.28,-1.32,0.25,0.15,0.22,-0.67,0.38,0.70,0.35,-0.62,-0.54,1.16,-0.14,-0.54,1.07,-0.05,-0.21,1.23,-1.55,1.25,0.51,0.49,0.88,-1.74,-0.14,0.39,0.13,-0.46,0.56,1.01,1.03,-0.45,0.59,0.30,-0.33,-0.34,0.60,0.26,-0.05,0.80,0.27,3.00,-2.89,0.63,-0.84,0.32,0.61,-1.49,1.43,0.99,0.04,3.08,-0.07,-0.58,0.63,0.24,-0.05,0.44,-0.09
 "32000","Nevada",8,SQGDP11,65,"56","   Administrative and support and waste management and remediation services ","Percentage points",0.26,0.16,0.13,0.50,0.33,-0.43,-0.14,-0.04,0.04,0.01,0.08,0.14,0.06,-0.09,-0.58,-0.44,-0.44,-0.09,0.38,0.19,0.27,0.20,0.08,0.08,0.04,0.18,-0.02,0.28,-0.07,-0.01,0.00,-0.05,0.03,0.10,0.21,0.26,0.16,0.05,0.15,0.21,0.20,0.21,0.15,-0.32,0.31,0.33,0.23,0.06,0.24,0.28,-0.01,0.53,0.02,0.24,0.32,-0.22,0.20,0.03,0.31,0.20,-2.43,1.98,0.00,0.40,0.76,1.02,0.51,-0.03,0.18,-0.21,0.27,0.11
 "32000","Nevada",8,SQGDP11,69,"61","   Educational services ","Percentage points",0.01,0.03,0.00,0.05,0.00,0.03,0.04,0.08,0.00,0.05,0.00,0.10,0.02,0.07,0.08,0.07,0.03,0.04,0.05,0.22,-0.02,0.05,-0.05,0.03,-0.04,0.03,-0.03,0.07,-0.02,-0.10,-0.01,0.01,0.02,0.02,0.07,-0.10,0.03,0.06,0.01,-0.18,0.04,-0.12,0.13,-0.02,0.05,0.02,-0.06,-0.04,0.00,0.10,-0.01,0.14,0.06,0.04,0.07,0.00,0.06,0.02,0.03,-0.07,-0.21,0.25,-0.05,-0.04,0.19,0.07,-0.04,0.02,-0.04,0.03,0.04,0.03
 "32000","Nevada",8,SQGDP11,70,"62","   Health care and social assistance ","Percentage points",0.34,0.25,0.07,0.59,0.10,-0.01,0.29,-0.01,0.09,0.32,0.33,0.63,0.20,0.28,0.30,-0.01,-0.14,0.14,0.13,-0.26,0.16,0.06,-0.01,-0.21,0.04,0.37,-0.15,0.40,0.01,-0.28,0.46,-0.25,0.18,0.09,0.48,0.21,0.18,0.42,0.52,0.34,0.51,0.17,0.46,0.24,0.43,0.41,0.24,0.45,0.06,0.36,0.28,0.44,0.15,0.03,0.14,0.64,0.22,0.44,0.10,0.16,-2.89,5.86,0.45,-0.70,0.28,0.13,0.49,-0.10,0.20,0.38,0.49,0.68
 "32000","Nevada",8,SQGDP11,76,"71","   Arts, entertainment, and recreation ","Percentage points",-0.07,0.26,0.55,-0.51,0.29,0.26,1.02,-0.85,-0.04,0.05,-0.49,-0.80,-0.35,-0.14,0.55,-1.85,0.05,0.12,-0.35,2.00,-0.42,-0.10,0.01,1.52,0.07,-0.32,0.20,1.73,-0.10,-0.26,0.12,0.31,-0.16,0.32,0.83,-3.57,-0.07,0.17,0.34,-0.81,-0.30,-0.25,0.95,0.18,-0.37,3.03,-2.36,0.04,-0.77,0.10,-0.54,0.87,0.12,-0.38,-0.53,2.76,-0.46,-0.04,0.07,-0.11,-6.46,3.86,1.13,1.79,0.13,1.44,1.77,1.08,0.25,0.93,0.20,0.52
 "32000","Nevada",8,SQGDP11,79,"72","   Accommodation and food services ","Percentage points",2.01,0.29,0.62,-1.32,1.07,-0.37,0.42,-1.99,-1.52,0.82,-0.71,-1.39,-1.66,-0.78,-2.38,-2.68,-0.73,-0.42,1.30,0.09,1.11,2.53,-0.47,-0.48,2.31,-0.63,-1.40,-0.38,-0.34,-0.97,0.29,3.23,-0.76,-0.24,0.46,0.93,0.11,0.97,0.04,1.42,0.62,-0.45,0.24,-3.16,-0.14,1.31,-0.91,0.72,-0.77,0.37,-1.51,0.31,-0.39,-0.84,1.16,0.48,0.10,0.71,-0.03,-3.50,-20.34,15.41,-0.47,0.11,8.05,3.78,3.14,-0.64,0.25,-0.47,-0.06,1.58
 "32000","Nevada",8,SQGDP11,82,"81","   Other services (except government and government enterprises) ","Percentage points",0.18,0.09,0.06,0.00,0.00,-0.05,-0.11,-0.14,-0.01,-0.12,0.06,-0.14,-0.12,-0.07,-0.09,-0.27,-0.20,-0.04,0.00,-0.14,0.09,0.08,0.00,-0.10,0.09,-0.14,-0.15,0.32,0.01,-0.01,-0.04,-0.02,-0.07,0.06,0.02,0.07,0.15,0.12,0.01,-0.03,-0.02,-0.12,0.08,0.02,0.12,0.12,-0.04,0.02,0.04,0.10,0.00,0.15,0.03,0.02,0.03,-0.03,0.04,0.07,0.01,-0.06,-1.49,1.38,0.06,-0.09,0.57,0.14,-0.05,0.02,-0.06,-0.06,-0.10,-0.01
 "32000","Nevada",8,SQGDP11,83,"..."," Government and government enterprises ","Percentage points",0.02,-0.02,0.55,0.42,0.34,0.39,0.49,0.16,0.26,0.18,0.02,0.76,-0.23,0.76,-0.90,0.25,-0.11,0.04,0.50,-0.04,0.31,-0.11,-0.15,-0.40,0.11,-1.06,-0.02,-0.31,-0.38,0.35,-0.13,-0.09,-0.09,-0.41,0.03,0.32,0.47,-0.82,0.48,0.14,0.84,-0.07,0.49,0.61,-0.22,1.22,-0.45,-0.10,0.02,1.92,-2.59,0.69,0.32,0.30,-0.22,0.95,0.00,0.09,1.07,-0.13,-1.33,1.22,0.08,-1.86,1.78,0.36,0.16,-0.31,0.08,0.04,0.37,0.15
 "32000","Nevada",8,SQGDP11,84,"...","  Federal civilian ","Percentage points",-0.05,-0.05,0.04,-0.02,0.04,0.00,0.08,-0.04,-0.06,0.03,0.05,0.13,0.04,0.03,-0.02,0.02,0.01,-0.10,-0.08,-0.08,0.12,-0.13,-0.22,0.02,-0.05,-0.03,0.07,0.07,0.04,0.03,0.01,0.01,-0.02,-0.13,-0.09,0.05,-0.03,0.07,0.12,0.18,0.13,0.05,0.05,0.06,0.00,0.05,0.06,0.07,0.05,0.09,0.09,-0.06,0.04,-0.02,-0.07,-0.10,0.10,0.07,0.09,0.16,0.12,0.44,-0.10,-0.04,0.07,-0.06,0.04,0.04,0.01,-0.02,0.07,0.14
 "32000","Nevada",8,SQGDP11,85,"...","  Military ","Percentage points",0.02,-0.01,0.03,-0.06,0.01,0.05,0.04,0.02,0.02,0.04,0.04,0.09,0.06,0.09,-0.01,0.00,0.05,0.02,0.08,0.19,-0.03,0.03,0.03,0.14,-0.04,0.04,0.07,0.05,0.04,0.00,-0.03,0.02,-0.03,-0.03,-0.08,0.07,-0.04,-0.12,-0.15,-0.04,-0.06,0.00,0.00,0.14,0.03,0.05,0.03,-0.09,-0.01,0.05,0.00,-0.19,-0.03,0.04,-0.02,0.37,0.08,0.03,0.01,-0.02,0.13,0.06,0.07,0.16,0.09,0.02,0.02,-0.03,-0.02,0.02,0.00,0.00
 "32000","Nevada",8,SQGDP11,86,"...","  State and local ","Percentage points",0.05,0.03,0.48,0.50,0.29,0.33,0.38,0.18,0.30,0.11,-0.07,0.53,-0.33,0.63,-0.87,0.22,-0.17,0.13,0.49,-0.14,0.21,-0.01,0.04,-0.55,0.19,-1.08,-0.16,-0.43,-0.46,0.32,-0.12,-0.12,-0.03,-0.26,0.20,0.20,0.54,-0.76,0.52,-0.01,0.77,-0.12,0.44,0.41,-0.26,1.12,-0.54,-0.08,-0.03,1.78,-2.69,0.94,0.31,0.28,-0.13,0.68,-0.19,-0.01,0.97,-0.27,-1.57,0.71,0.11,-1.98,1.62,0.40,0.10,-0.32,0.09,0.04,0.30,0.01
 "33000","New Hampshire",1,SQGDP11,1,"...","All industry total (percent change) ","Percent change",2.4,1.2,-0.6,4.2,-0.1,3.7,13.4,-12.9,9.4,-5.9,1.5,0.3,-2.5,-4.0,-10.3,0.4,-0.2,11.3,0.8,-1.0,10.8,0.3,-0.1,-5.6,6.4,-1.7,7.7,-4.2,1.8,2.9,3.3,-0.6,-1.8,1.6,1.2,-3.1,9.1,-0.3,8.6,-6.1,8.5,0.1,9.2,-3.3,3.4,2.6,-2.4,-0.1,-1.5,6.8,-0.8,5.8,-0.2,1.2,-2.2,10.7,-2.3,0.2,-0.6,4.5,-32.4,44.6,9.8,0.6,22.5,2.1,13.8,-14.1,-2.5,1.8,2.5,1.3
 "33000","New Hampshire",1,SQGDP11,2,"..."," Private industries ","Percentage points",1.99,1.17,-1.68,4.19,0.20,3.48,13.84,-13.44,9.17,-6.95,2.24,-1.00,-2.38,-3.20,-9.55,1.46,-0.42,11.10,-0.94,0.73,9.34,-0.42,0.60,-4.56,5.87,0.45,7.27,-3.96,1.96,2.71,3.82,-0.91,-1.67,2.00,1.39,-3.58,8.86,-0.07,8.36,-4.08,7.00,1.26,7.85,-2.60,3.58,1.72,-1.60,-0.32,-1.59,6.53,-0.63,6.35,-0.36,1.30,-2.10,10.36,-2.10,-0.20,0.03,4.32,-30.94,43.60,9.05,2.71,20.88,1.78,13.31,-14.33,-0.67,1.57,2.26,0.67
 "33000","New Hampshire",1,SQGDP11,3,"11","   Agriculture, forestry, fishing and hunting ","Percentage points",0.09,0.10,0.11,-0.03,0.01,-0.08,0.03,-0.22,0.00,-0.03,0.08,0.02,-0.01,0.04,0.18,-0.12,0.01,0.02,-0.12,0.08,0.02,-0.04,-0.08,0.03,0.00,0.03,-0.05,0.39,-0.17,-0.13,0.02,-0.10,0.16,0.04,0.16,-0.10,-0.09,0.04,0.03,0.23,-0.07,-0.01,-0.01,0.06,-0.08,0.01,0.03,-0.04,0.01,0.07,-0.02,-0.18,0.02,0.06,-0.03,0.12,-0.02,-0.09,-0.09,0.05,0.07,0.06,-0.06,-0.24,-0.13,0.09,0.31,-0.23,-0.13,0.09,0.10,0.15
 "33000","New Hampshire",1,SQGDP11,6,"21","   Mining, quarrying, and oil and gas extraction ","Percentage points",0.02,-0.08,0.04,0.04,0.09,-0.05,0.00,0.13,-0.04,-0.01,-0.05,0.02,-0.20,-0.02,0.03,-0.09,-0.02,-0.02,-0.04,0.00,0.07,-0.05,-0.05,-0.09,-0.06,0.04,0.03,0.06,0.08,-0.06,-0.02,-0.01,-0.03,0.01,0.01,0.05,0.01,0.01,0.00,-0.01,-0.01,0.07,0.07,0.13,-0.02,0.00,-0.11,-0.05,-0.03,0.05,0.16,0.12,0.13,0.06,0.02,-0.03,-0.03,-0.10,-0.06,0.00,-0.04,-0.06,0.06,-0.09,0.03,0.06,0.03,-0.03,-0.03,0.03,0.02,-0.01
 "33000","New Hampshire",1,SQGDP11,10,"22","   Utilities ","Percentage points",0.23,0.06,0.27,-1.62,0.58,0.84,0.31,-0.64,-0.05,0.19,-1.15,1.36,0.45,-0.62,-0.49,1.05,-0.23,0.59,0.76,0.19,-0.43,0.32,-0.84,-0.05,1.01,-1.07,0.90,-0.72,0.19,0.55,-0.22,0.20,-0.58,0.21,-0.68,0.15,0.00,-0.10,0.13,-0.64,0.62,0.17,0.30,-0.24,-0.24,0.33,-0.20,0.23,0.40,-0.82,-0.01,0.73,-0.46,-0.26,-0.02,-0.05,0.11,-0.22,0.05,0.22,0.31,-0.13,-0.34,-0.13,-0.06,0.18,0.04,0.18,-0.03,-0.38,-0.15,0.01
 "33000","New Hampshire",1,SQGDP11,11,"23","   Construction ","Percentage points",-0.34,-0.59,0.47,-0.52,-0.63,-0.89,-0.65,-0.92,-0.03,-0.41,-1.17,-0.77,-0.01,-0.66,-0.95,-0.44,0.02,0.91,-0.19,-0.48,0.34,-0.34,-0.19,0.08,0.40,-0.40,0.03,0.31,-0.27,0.17,-0.27,-0.16,-0.16,-0.16,-0.36,-0.04,0.02,-0.19,-0.08,-0.13,0.12,0.27,0.48,-0.26,-0.19,-0.10,0.46,-0.21,0.27,0.04,0.33,0.02,-0.11,-0.14,-0.30,0.80,-0.33,0.20,-0.27,0.42,-0.65,0.41,0.59,0.23,-0.01,-0.38,-0.37,0.48,-0.68,-0.71,-0.16,0.12
 "33000","New Hampshire",1,SQGDP11,12,"31-33","   Manufacturing ","Percentage points",-1.95,0.33,1.74,1.97,0.76,0.81,2.64,-2.01,2.09,-0.02,0.54,-1.01,-1.62,-1.17,-0.57,-2.46,1.35,1.36,0.03,0.37,4.22,-0.66,0.20,0.13,1.83,-0.63,0.16,-1.19,-0.89,-0.05,1.84,2.51,0.11,0.39,-1.21,-2.92,-0.32,0.32,0.86,1.01,2.91,1.93,0.68,0.93,-0.54,-1.28,0.18,-1.37,-0.19,-1.15,1.66,1.78,0.92,1.60,-1.34,0.50,-0.38,0.46,-1.20,1.36,-4.36,5.86,1.11,0.22,-0.70,0.25,2.16,1.12,-0.46,-0.12,0.75,-0.61
 "33000","New Hampshire",1,SQGDP11,13,"321,327-339","     Durable goods manufacturing ","Percentage points",-1.63,0.30,1.42,1.70,1.10,1.13,2.35,-1.82,1.70,-0.14,-0.02,0.17,-1.99,-0.69,-0.66,-1.50,0.58,0.77,-0.24,1.23,4.02,-0.47,0.82,0.29,1.93,-0.23,-0.15,-1.23,-0.75,0.14,1.77,1.91,0.45,-0.01,-1.29,-2.69,-1.00,0.68,0.80,1.00,3.07,1.27,0.82,0.36,-1.01,-0.90,0.24,-1.51,-0.44,-0.60,1.60,1.54,1.04,1.59,-1.35,0.13,-0.65,0.08,-1.19,1.46,-3.09,4.42,1.36,-0.24,-0.72,0.20,2.06,0.88,-0.12,0.01,0.73,-0.53
 "33000","New Hampshire",1,SQGDP11,25,"311-316,322-326","     Nondurable goods manufacturing ","Percentage points",-0.32,0.03,0.32,0.28,-0.34,-0.32,0.29,-0.19,0.39,0.12,0.56,-1.18,0.37,-0.48,0.09,-0.97,0.78,0.58,0.27,-0.86,0.20,-0.19,-0.61,-0.15,-0.09,-0.39,0.31,0.04,-0.14,-0.18,0.07,0.60,-0.34,0.40,0.08,-0.23,0.68,-0.36,0.06,0.01,-0.16,0.66,-0.14,0.57,0.47,-0.39,-0.06,0.14,0.25,-0.54,0.06,0.24,-0.12,0.01,0.01,0.37,0.27,0.38,-0.01,-0.10,-1.27,1.44,-0.26,0.47,0.02,0.05,0.10,0.23,-0.34,-0.13,0.02,-0.09
 "33000","New Hampshire",1,SQGDP11,34,"42","   Wholesale trade ","Percentage points",-0.33,1.17,-0.43,0.47,-0.61,-0.07,0.41,-0.11,0.81,-0.36,0.20,0.25,0.15,-0.35,-0.92,-2.05,-0.66,0.38,1.00,-0.98,1.19,0.89,0.23,-0.35,-0.74,-0.40,1.40,-0.33,0.47,0.26,-0.49,0.97,-0.08,0.36,0.17,-0.39,0.79,1.12,-0.05,0.97,0.52,-0.18,0.25,-0.84,0.55,0.13,-0.06,-0.01,-0.12,0.04,0.38,0.25,-0.49,0.32,-0.42,0.14,-0.66,0.24,0.49,0.49,-0.90,3.61,1.04,-0.25,1.97,-0.83,0.37,0.80,-0.67,0.44,0.17,0.00
 "33000","New Hampshire",1,SQGDP11,35,"44-45","   Retail trade ","Percentage points",1.10,0.63,-0.98,1.54,0.19,-1.39,-0.14,-0.99,-1.38,-0.12,-0.34,2.01,-0.66,-0.56,-0.73,0.36,0.23,-0.26,0.72,0.31,0.56,-0.11,0.14,-2.26,0.05,-0.60,1.18,-2.61,-0.34,1.12,-0.01,-1.72,0.18,-0.11,0.28,-2.67,0.45,0.60,0.45,-2.58,1.07,0.63,0.21,0.11,0.05,-0.12,0.43,0.00,0.23,0.39,0.19,0.34,-0.18,0.45,-0.60,0.70,0.19,0.35,-0.30,-0.11,-1.78,3.39,-0.01,0.93,-1.05,-1.25,1.23,-1.95,0.11,0.40,0.52,0.89
 "33000","New Hampshire",1,SQGDP11,36,"48-49","   Transportation and warehousing ","Percentage points",0.27,0.41,-0.13,0.06,-0.01,-0.31,0.05,-0.33,-0.05,-0.19,0.17,-0.32,-0.03,-0.12,-0.26,-0.11,0.03,0.00,0.17,-0.19,0.22,0.09,0.08,-0.12,0.11,-0.04,0.05,-0.25,-0.06,0.19,0.03,-0.13,0.00,0.13,0.11,-0.23,0.01,0.20,0.04,-0.09,0.21,0.25,0.06,-0.08,0.18,-0.15,0.07,-0.32,0.02,0.04,0.25,0.06,0.17,0.04,-0.10,-0.22,0.04,-0.05,-0.08,0.37,-1.00,1.09,0.06,0.10,-0.18,0.22,-0.06,-0.42,0.02,0.05,0.13,0.01
 "33000","New Hampshire",1,SQGDP11,45,"51","   Information ","Percentage points",0.28,0.56,-1.05,0.55,0.01,0.48,0.08,-0.86,1.47,-0.11,0.69,-0.06,1.36,-0.32,-0.73,-0.52,-0.14,0.93,0.67,-1.21,1.90,-1.72,0.39,-1.17,0.60,0.64,0.19,-0.16,0.02,0.04,0.29,1.23,-0.58,0.83,0.15,0.14,4.44,-4.29,0.18,0.00,0.65,0.44,0.48,0.51,-0.02,-0.28,0.69,-0.71,-0.41,0.69,0.53,0.00,0.54,0.60,-0.54,0.93,0.25,0.69,-0.36,-0.26,-0.12,2.13,-0.37,0.24,0.97,-0.71,1.12,0.89,0.04,0.41,0.16,0.26
 "33000","New Hampshire",1,SQGDP11,51,"52","   Finance and insurance ","Percentage points",1.35,-1.03,-0.61,0.96,0.72,3.32,0.84,-2.53,2.71,-2.29,-1.66,0.40,-1.50,-2.62,-2.79,8.15,0.32,2.61,-1.64,0.94,-1.38,-0.33,0.35,-0.87,0.96,2.22,-0.13,1.12,2.25,-0.15,0.33,-2.23,-0.91,0.56,1.60,3.23,-0.87,1.55,4.33,-2.46,-0.56,-1.42,2.74,-1.50,2.09,3.15,-3.72,-3.97,-0.84,4.38,-2.92,2.17,-0.04,-1.02,0.19,4.25,-1.03,-2.89,0.72,-1.06,-0.81,-0.57,1.24,-0.67,3.86,0.65,1.44,-4.50,0.20,-0.38,-0.57,-0.64
 "33000","New Hampshire",1,SQGDP11,56,"53","   Real estate and rental and leasing ","Percentage points",0.34,0.45,-1.32,-1.09,0.00,0.36,1.99,1.50,1.36,-1.66,3.81,-2.11,-1.12,1.01,-3.25,0.64,-0.68,4.01,-2.62,1.38,0.83,-0.73,1.15,-0.33,1.06,-0.01,4.11,-1.58,0.74,0.44,-1.12,-0.01,-0.64,0.28,-0.08,-0.32,0.09,0.37,-0.19,0.43,-0.64,0.00,-0.20,-0.47,0.06,-0.21,0.61,1.09,-0.21,-0.77,-1.03,-1.39,-1.27,-1.02,-0.93,0.42,0.32,0.82,1.05,1.88,0.21,3.00,-0.44,0.68,-0.39,-0.50,0.91,-0.14,-0.20,0.27,-0.55,-1.04
 "33000","New Hampshire",1,SQGDP11,60,"54","   Professional, scientific, and technical services ","Percentage points",0.23,-0.66,0.19,0.46,0.06,0.39,-0.50,-1.02,0.70,0.46,1.27,0.08,0.64,0.80,0.28,-1.98,-0.70,-0.18,-0.06,0.50,0.97,0.64,-0.16,-0.16,1.03,0.12,-0.38,0.61,0.48,0.04,-0.51,0.69,-0.32,0.17,0.63,0.61,0.23,1.07,0.48,-0.54,0.25,0.41,0.73,-0.84,0.84,0.45,0.50,2.21,0.17,1.18,-0.40,0.85,0.67,-0.71,0.10,1.31,-0.15,0.50,0.06,1.88,-2.36,3.34,0.89,0.50,2.01,0.64,1.47,0.31,0.14,0.77,0.96,0.00
 "33000","New Hampshire",1,SQGDP11,64,"55","   Management of companies and enterprises ","Percentage points",0.55,-0.72,-0.09,0.12,-0.71,-0.22,8.23,-6.00,0.89,-2.40,-1.09,0.25,-0.15,0.32,-0.11,-0.56,0.43,0.20,-0.36,0.41,-0.24,0.44,-0.27,0.25,-0.59,0.66,-0.40,0.33,-0.48,0.37,3.02,-3.03,1.05,-0.87,-0.13,0.19,2.19,-1.36,0.41,0.02,0.20,-0.36,0.42,-0.23,0.56,-0.27,-0.69,0.78,-0.59,1.17,0.24,-0.71,-0.81,0.80,0.87,-0.17,-0.43,-0.13,0.73,-0.11,-0.69,0.20,1.64,4.45,8.14,1.26,-0.23,-11.90,0.13,0.07,0.05,-0.03
 "33000","New Hampshire",1,SQGDP11,65,"56","   Administrative and support and waste management and remediation services ","Percentage points",0.29,0.13,-0.09,0.48,0.12,-0.01,0.35,0.76,0.13,0.43,0.69,-0.99,0.48,-0.05,-0.22,-0.12,-0.39,0.23,0.33,0.23,0.36,0.07,0.30,-0.36,0.17,0.00,0.27,0.06,0.22,0.03,0.01,-0.47,0.27,0.40,0.08,0.16,0.33,0.11,0.29,0.03,0.05,0.13,0.11,-0.27,0.06,0.10,0.22,0.32,0.37,0.17,0.08,0.25,0.01,0.08,0.52,-0.35,-0.05,-0.04,-0.31,0.30,-1.42,1.85,1.27,-2.21,3.02,0.67,0.67,0.81,0.16,0.01,0.51,0.49
 "33000","New Hampshire",1,SQGDP11,69,"61","   Educational services ","Percentage points",-0.15,0.18,0.07,-0.02,0.01,-0.01,-0.02,-0.01,0.32,-0.23,0.10,0.11,0.03,0.25,0.35,0.19,-0.02,-0.02,-0.12,-0.05,0.06,-0.12,0.13,-0.19,0.04,-0.16,-0.05,0.04,0.03,-0.03,-0.12,0.21,-0.09,0.08,0.08,-0.21,0.18,0.20,0.02,0.22,-0.13,0.07,0.32,0.06,-0.25,0.20,-0.14,-0.24,0.20,-0.16,0.19,0.05,0.18,0.14,0.00,0.15,0.11,0.07,-0.01,-0.16,-0.77,0.43,-0.12,0.15,0.14,0.24,0.32,-0.03,-0.06,0.15,0.38,-0.12
 "33000","New Hampshire",1,SQGDP11,70,"62","   Health care and social assistance ","Percentage points",-0.08,0.51,0.27,1.02,-0.26,0.24,0.05,0.37,0.17,0.08,0.18,1.43,0.05,1.02,0.94,-0.29,0.28,0.31,0.45,-1.09,0.12,0.87,-0.86,1.24,-0.52,-0.05,-0.04,-0.06,-0.37,-0.32,0.67,0.31,-0.06,-0.15,0.07,-0.61,1.02,-0.03,1.37,-0.70,1.48,-0.91,0.91,0.43,0.28,-0.38,-0.02,1.18,-0.64,1.05,-0.40,0.74,-0.17,0.49,0.46,0.33,0.31,-0.02,0.11,0.09,-4.62,7.28,1.42,-2.69,1.39,0.41,0.62,-0.63,0.21,0.18,0.21,0.47
 "33000","New Hampshire",1,SQGDP11,76,"71","   Arts, entertainment, and recreation ","Percentage points",-0.17,-0.16,-0.11,0.04,0.07,0.20,0.47,-0.73,0.19,0.17,0.33,-1.10,0.00,0.02,-0.29,0.12,-0.05,-0.01,0.03,0.66,0.20,0.05,0.04,0.06,0.20,-0.15,0.08,0.01,0.17,0.11,0.17,-0.01,0.05,0.02,0.30,-0.14,-0.05,0.05,0.04,-0.07,-0.16,-0.06,0.01,0.12,0.07,0.04,0.19,0.09,-0.01,-0.02,-0.09,0.37,0.33,0.05,-0.04,0.89,0.00,0.11,0.00,-1.71,-3.11,1.36,0.74,0.81,0.61,0.77,0.83,0.09,0.04,0.55,0.08,0.46
 "33000","New Hampshire",1,SQGDP11,79,"72","   Accommodation and food services ","Percentage points",0.07,-0.01,-0.07,-0.25,-0.25,-0.08,-0.10,0.27,0.00,-0.29,-0.17,-0.39,-0.11,-0.16,-0.15,0.22,-0.13,0.13,-0.05,-0.08,0.07,0.24,0.06,-0.15,0.36,0.27,-0.05,-0.08,0.06,0.01,0.22,0.91,-0.05,-0.05,0.12,-0.43,0.12,0.18,0.17,0.26,0.31,0.10,0.26,-0.24,0.12,0.17,0.08,0.55,-0.12,0.04,0.09,0.66,0.18,-0.17,0.00,0.46,-0.29,-0.19,-0.36,0.53,-7.08,8.64,0.24,0.77,0.91,-0.27,2.27,0.78,0.49,-0.31,-0.26,0.25
 "33000","New Hampshire",1,SQGDP11,82,"81","   Other services (except government and government enterprises) ","Percentage points",0.17,-0.12,0.05,0.00,0.05,-0.05,-0.19,-0.11,-0.10,-0.15,-0.18,-0.18,-0.12,-0.01,0.12,-0.52,-0.07,-0.07,0.10,-0.28,0.26,0.05,-0.05,-0.26,-0.03,-0.03,-0.04,0.09,-0.16,0.12,-0.04,-0.08,0.02,-0.14,0.09,-0.03,0.29,0.06,-0.11,-0.03,0.17,-0.26,0.02,0.01,0.06,-0.07,-0.14,0.14,-0.11,0.13,0.11,0.23,0.04,-0.04,0.07,0.16,-0.07,0.10,-0.15,0.16,-1.84,1.71,0.10,-0.09,0.35,0.28,0.20,0.04,0.05,0.05,-0.08,0.00
 "33000","New Hampshire",1,SQGDP11,83,"..."," Government and government enterprises ","Percentage points",0.38,0.03,1.04,0.00,-0.35,0.17,-0.45,0.55,0.19,1.02,-0.78,1.31,-0.12,-0.78,-0.71,-1.09,0.17,0.17,1.77,-1.74,1.50,0.73,-0.72,-1.01,0.54,-2.11,0.44,-0.25,-0.18,0.16,-0.55,0.34,-0.16,-0.41,-0.20,0.45,0.26,-0.27,0.22,-1.97,1.50,-1.21,1.39,-0.75,-0.20,0.87,-0.81,0.26,0.10,0.26,-0.18,-0.57,0.18,-0.07,-0.12,0.35,-0.20,0.42,-0.59,0.18,-1.43,0.96,0.78,-2.12,1.58,0.35,0.51,0.23,-1.80,0.27,0.22,0.63
 "33000","New Hampshire",1,SQGDP11,84,"...","  Federal civilian ","Percentage points",0.02,0.00,0.12,-0.03,0.12,0.08,0.06,0.10,-0.01,0.12,0.03,-0.01,-0.07,-0.04,-0.06,-0.12,0.17,-0.24,-0.13,0.11,0.19,-0.41,-0.12,0.00,-0.02,0.04,0.09,-0.07,0.03,0.06,-0.04,0.07,-0.07,-0.09,0.02,0.16,0.09,0.00,0.06,0.02,0.13,0.02,-0.03,0.09,-0.01,0.02,0.05,-0.01,-0.02,0.07,0.05,0.07,0.07,-0.01,0.00,-0.05,0.15,0.01,0.05,0.12,0.05,0.37,-0.32,0.06,-0.03,0.22,0.02,0.08,0.09,0.05,0.08,0.15
 "33000","New Hampshire",1,SQGDP11,85,"...","  Military ","Percentage points",-0.29,-0.36,0.98,-0.33,-0.10,-0.02,-0.37,-0.19,0.28,0.15,-0.12,0.03,-0.18,-0.17,-0.47,0.27,-0.30,0.08,0.28,-0.19,-0.15,-0.02,0.06,-0.22,0.09,-0.15,0.00,-0.16,0.01,-0.02,-0.09,-0.03,-0.04,-0.08,-0.14,0.04,-0.01,-0.13,-0.18,-0.10,-0.03,0.01,0.04,-0.12,-0.05,-0.07,-0.08,-0.06,-0.07,-0.02,0.00,-0.23,-0.02,-0.01,-0.07,-0.13,0.03,0.02,-0.24,0.07,0.04,0.11,0.08,0.13,-0.03,-0.17,-0.04,1.64,-1.65,0.10,0.24,0.25
 "33000","New Hampshire",1,SQGDP11,86,"...","  State and local ","Percentage points",0.65,0.38,-0.06,0.35,-0.37,0.11,-0.15,0.63,-0.09,0.75,-0.69,1.29,0.13,-0.57,-0.18,-1.24,0.30,0.33,1.62,-1.66,1.46,1.16,-0.66,-0.80,0.46,-1.99,0.35,-0.02,-0.22,0.12,-0.41,0.30,-0.05,-0.24,-0.08,0.25,0.18,-0.13,0.34,-1.89,1.40,-1.23,1.38,-0.72,-0.13,0.92,-0.77,0.33,0.19,0.21,-0.22,-0.41,0.13,-0.05,-0.05,0.53,-0.37,0.39,-0.40,-0.01,-1.53,0.48,1.02,-2.31,1.64,0.29,0.54,-1.49,-0.23,0.13,-0.10,0.22
 "34000","New Jersey",2,SQGDP11,1,"...","All industry total (percent change) ","Percent change",2.8,4.2,0.4,1.4,4.6,-2.8,2.0,-4.4,6.0,0.9,7.1,7.3,0.9,-3.1,-11.0,-9.5,-4.0,2.6,2.9,3.1,-0.4,2.0,-2.2,-6.8,2.4,-0.7,6.0,3.7,-1.4,3.3,-5.2,10.6,-3.3,-0.1,1.2,-3.0,2.0,1.0,-0.2,3.5,2.2,0.7,-1.0,3.9,-1.0,1.2,-0.1,-2.0,3.1,2.3,0.6,4.1,1.5,2.4,2.5,0.4,2.3,3.2,-0.2,-3.9,-36.3,40.0,3.2,10.3,3.1,3.2,6.7,1.7,-1.0,3.9,1.1,1.0
 "34000","New Jersey",2,SQGDP11,2,"..."," Private industries ","Percentage points",2.85,3.23,0.10,3.03,3.87,-1.83,1.52,-4.64,5.33,1.40,7.15,6.99,0.53,-2.96,-11.29,-8.63,-4.51,2.43,2.46,3.49,0.00,3.16,-2.22,-5.52,2.21,-0.57,6.93,3.90,-0.50,1.84,-5.01,10.26,-3.07,-0.13,1.24,-3.21,2.12,1.05,0.43,3.21,2.89,0.43,-0.12,4.24,-0.52,0.29,-0.26,-1.40,1.93,3.28,-0.20,4.89,0.89,2.65,1.70,0.81,2.22,2.92,0.12,-3.99,-34.59,40.08,3.26,9.19,3.91,2.83,6.76,0.48,-0.99,3.70,1.10,0.70
 "34000","New Jersey",2,SQGDP11,3,"11","   Agriculture, forestry, fishing and hunting ","Percentage points",0.02,0.02,-0.01,0.12,0.00,-0.06,0.02,-0.14,-0.01,-0.02,0.06,-0.15,0.03,0.02,0.04,0.13,-0.03,0.02,-0.06,-0.01,-0.03,-0.03,-0.01,-0.06,0.01,-0.01,0.03,0.00,-0.02,-0.01,-0.04,-0.06,0.07,0.02,0.02,0.01,-0.03,-0.03,-0.04,0.20,-0.03,0.01,0.04,0.04,-0.01,0.03,0.04,-0.07,0.00,0.01,-0.03,0.01,0.00,0.04,-0.01,0.11,-0.01,-0.02,-0.04,-0.11,0.20,-0.05,-0.05,-0.08,-0.06,0.04,0.13,-0.14,-0.10,0.03,0.11,0.05
 "34000","New Jersey",2,SQGDP11,6,"21","   Mining, quarrying, and oil and gas extraction ","Percentage points",0.05,-0.08,-0.03,0.01,-0.02,0.01,0.01,0.02,0.00,-0.02,-0.04,-0.05,-0.05,-0.02,0.04,0.03,-0.01,0.03,-0.05,-0.05,0.01,-0.01,-0.01,-0.03,0.01,-0.01,0.02,-0.01,0.02,0.01,0.03,0.05,0.04,0.04,-0.05,-0.05,-0.03,-0.03,0.01,0.03,0.02,0.06,0.06,0.07,-0.03,-0.01,-0.06,-0.04,-0.01,-0.01,-0.02,-0.02,0.01,0.00,0.03,0.04,0.04,0.02,-0.03,-0.02,-0.02,-0.01,-0.02,0.08,-0.06,0.05,0.05,-0.02,-0.01,0.01,0.01,0.01
 "34000","New Jersey",2,SQGDP11,10,"22","   Utilities ","Percentage points",-0.29,0.09,-0.05,-0.23,0.30,0.07,-0.27,0.35,0.20,-0.21,-0.07,0.50,0.60,-0.20,-1.03,0.68,-0.34,0.31,0.82,-0.04,-0.42,0.18,-0.32,-0.25,0.30,-0.11,0.63,-0.61,-0.03,0.22,0.15,0.71,-0.28,-0.39,-0.28,0.27,0.43,0.25,0.04,-0.33,0.40,0.14,-0.34,-0.53,0.00,0.02,0.06,-0.45,0.13,-0.22,0.18,0.22,0.01,-0.29,0.02,-0.39,0.38,-0.25,0.20,0.61,-0.11,0.19,-0.54,0.33,-0.27,-0.11,-0.22,0.73,-0.01,-0.37,0.13,-0.06
 "34000","New Jersey",2,SQGDP11,11,"23","   Construction ","Percentage points",-0.15,-0.20,-0.64,0.79,-0.41,-0.75,-0.67,-0.05,0.57,-0.11,-0.45,-0.54,-0.16,-0.08,-0.78,-0.98,-0.24,0.49,-0.96,-0.41,0.13,-0.25,-0.36,-0.62,0.81,0.27,0.46,0.56,-0.37,-0.01,0.26,0.48,0.01,-0.04,0.05,-0.31,0.29,-0.03,-0.02,-0.37,0.50,-0.10,-0.26,-0.05,-0.22,-0.15,0.06,0.06,-0.29,-0.05,0.19,0.18,-0.33,-0.27,-0.04,0.45,-0.13,0.06,-0.26,0.13,-1.59,1.75,-0.07,0.44,0.11,-0.32,-0.71,0.15,-0.84,-0.75,-0.30,0.09
 "34000","New Jersey",2,SQGDP11,12,"31-33","   Manufacturing ","Percentage points",-1.43,-0.50,0.88,1.36,0.32,-0.43,2.00,-2.08,1.44,0.81,2.47,1.16,0.55,-1.23,-4.58,-3.08,-1.58,-0.47,0.81,3.47,-1.90,-0.72,-1.68,-0.57,-1.33,-1.36,0.73,-0.50,-0.94,-0.72,-1.40,2.16,-0.37,-0.43,0.42,0.85,0.86,-0.28,0.46,-1.35,-0.14,0.11,-0.48,5.24,-1.51,-0.75,-1.16,-0.61,0.82,0.08,0.92,1.45,0.62,1.33,1.62,-2.04,0.91,1.68,0.10,-0.38,-3.62,4.31,-0.11,0.47,-1.02,-0.43,1.34,-0.40,-1.66,0.64,0.36,-0.28
 "34000","New Jersey",2,SQGDP11,13,"321,327-339","     Durable goods manufacturing ","Percentage points",0.11,0.00,0.46,0.23,0.55,-0.32,0.13,-0.39,0.29,0.34,0.53,0.56,0.37,0.00,-0.91,-0.38,-0.60,-0.10,0.03,0.54,-0.07,0.42,-0.10,-0.47,0.45,-0.22,0.40,-0.72,0.01,0.03,0.07,0.20,0.07,0.13,-0.07,-0.44,-0.24,0.26,0.25,0.21,0.29,0.31,-0.06,0.47,-0.14,-0.07,0.52,0.01,0.35,0.33,1.20,0.19,-0.29,0.44,-0.52,-0.08,0.26,-0.17,-0.50,-0.18,-1.21,1.62,0.11,0.10,0.35,-0.26,0.55,-0.42,-0.05,-0.01,0.17,-0.08
 "34000","New Jersey",2,SQGDP11,25,"311-316,322-326","     Nondurable goods manufacturing ","Percentage points",-1.54,-0.50,0.42,1.13,-0.23,-0.12,1.87,-1.69,1.15,0.48,1.93,0.60,0.18,-1.23,-3.67,-2.71,-0.97,-0.38,0.78,2.93,-1.83,-1.14,-1.58,-0.09,-1.78,-1.14,0.33,0.21,-0.96,-0.75,-1.47,1.96,-0.44,-0.56,0.48,1.30,1.10,-0.53,0.21,-1.56,-0.43,-0.20,-0.42,4.77,-1.37,-0.68,-1.68,-0.62,0.47,-0.25,-0.28,1.26,0.91,0.89,2.14,-1.96,0.65,1.85,0.61,-0.20,-2.40,2.69,-0.22,0.36,-1.37,-0.18,0.79,0.03,-1.61,0.65,0.18,-0.20
 "34000","New Jersey",2,SQGDP11,34,"42","   Wholesale trade ","Percentage points",0.00,-0.11,0.64,-0.79,0.40,-0.03,-0.19,0.59,0.31,0.20,0.53,0.08,-0.40,-0.59,-1.56,-1.95,-1.37,0.15,1.88,-1.14,1.25,1.09,-0.17,-0.10,-0.96,-0.27,1.31,-0.68,1.12,0.22,-1.13,0.58,0.29,0.32,0.62,-0.14,0.10,0.60,0.73,0.82,0.09,0.29,-0.55,-1.12,-0.02,0.25,-0.48,0.02,-0.11,0.12,0.13,0.69,-0.48,0.36,0.04,0.88,-0.35,0.16,-0.11,0.23,-3.52,4.80,0.02,1.04,0.72,-0.32,0.74,-0.02,-0.79,0.83,0.29,-0.52
 "34000","New Jersey",2,SQGDP11,35,"44-45","   Retail trade ","Percentage points",0.86,0.90,-1.21,0.50,0.07,-0.75,0.55,-0.43,-0.57,0.14,0.64,-0.47,-0.37,-0.34,-0.74,-0.42,-0.04,-0.23,0.38,0.00,0.12,0.10,-0.08,0.02,0.02,-0.47,0.30,-0.19,-0.72,0.55,-0.03,0.77,0.02,-0.08,0.08,0.09,0.46,0.03,-0.40,0.83,0.30,0.04,0.05,0.33,0.06,0.23,0.16,0.24,0.22,0.51,-0.31,0.64,-0.23,0.21,-0.43,0.87,-0.21,0.11,-0.35,0.09,-3.46,4.25,0.07,1.32,-0.71,-0.62,0.62,-1.56,0.25,0.45,0.50,0.73
 "34000","New Jersey",2,SQGDP11,36,"48-49","   Transportation and warehousing ","Percentage points",0.18,0.76,0.06,-0.01,0.39,-0.32,-0.13,-0.20,-0.08,0.02,0.47,0.27,0.03,-0.16,-0.17,-0.70,0.58,0.12,0.43,-0.38,0.47,0.41,0.41,-0.74,0.18,-0.25,-0.14,-0.25,-0.47,0.02,-0.13,0.43,-0.10,0.07,0.19,-0.39,0.01,0.30,-0.20,-0.20,0.50,0.29,0.13,0.07,0.15,0.21,0.26,0.37,0.03,0.11,0.03,0.20,-0.06,0.00,0.36,-0.11,0.29,0.07,-0.39,-1.29,-2.86,1.96,0.30,0.82,-0.17,0.87,0.72,-0.57,0.22,0.46,0.04,-0.05
 "34000","New Jersey",2,SQGDP11,45,"51","   Information ","Percentage points",0.46,0.33,-0.42,0.19,1.39,0.05,-0.26,0.33,1.17,0.69,0.31,0.40,-0.10,-0.17,-0.12,-0.34,-0.54,0.33,0.13,-0.41,0.17,1.15,-1.14,-0.41,0.10,0.17,-0.15,-0.28,0.64,-0.79,-0.37,2.91,-0.98,0.05,-0.25,0.12,-0.03,-0.16,0.00,0.66,0.61,0.57,0.51,-0.73,0.33,0.06,0.31,-0.75,0.37,-0.13,0.50,1.11,0.32,0.49,-0.07,-0.50,-0.05,0.21,0.19,-0.01,-0.11,1.04,0.00,1.26,0.92,0.60,0.55,-0.35,-0.26,0.47,0.04,0.17
 "34000","New Jersey",2,SQGDP11,51,"52","   Finance and insurance ","Percentage points",0.71,0.49,0.21,0.63,0.11,1.06,-1.08,-2.68,-0.88,-1.14,-0.46,1.82,-0.56,-2.10,-2.88,5.17,2.11,0.31,-0.44,0.65,-1.80,-0.36,-0.03,-1.10,-0.12,1.07,1.77,1.86,1.57,1.03,-1.05,-0.20,-0.94,-1.18,-0.96,-2.75,-0.58,-1.12,0.23,2.04,0.82,-0.77,0.70,-0.80,0.98,0.43,0.55,-0.88,-0.47,1.06,-0.92,0.05,-0.25,0.44,-1.67,0.43,-0.34,-0.25,1.25,-1.50,1.24,0.96,1.29,-0.35,-0.51,-0.14,0.59,-0.08,0.33,-0.18,-0.49,-0.38
 "34000","New Jersey",2,SQGDP11,56,"53","   Real estate and rental and leasing ","Percentage points",1.32,0.25,0.90,-1.18,0.77,-0.02,1.00,-0.44,2.35,0.42,2.11,2.94,0.30,0.43,-0.25,-2.79,-1.57,0.42,-0.01,2.36,1.03,0.68,0.67,-1.89,0.99,-0.32,1.31,-0.62,0.41,1.12,0.04,-0.36,-0.04,0.49,-0.18,-0.20,-0.60,0.00,-0.58,-1.48,0.81,-0.64,-0.32,0.32,-0.09,-0.21,-0.34,-0.13,0.18,-0.45,-0.37,-0.31,-0.50,-0.13,0.36,0.48,0.48,0.42,-0.49,-0.23,-2.62,2.40,-0.11,0.63,0.28,0.63,1.01,0.37,-0.09,0.36,-0.44,0.01
 "34000","New Jersey",2,SQGDP11,60,"54","   Professional, scientific, and technical services ","Percentage points",-0.03,0.47,0.63,-0.61,0.51,-0.30,0.21,1.02,0.43,0.56,1.24,0.21,0.84,0.88,-0.47,-1.15,-1.02,0.10,-0.77,0.29,0.05,0.35,0.43,-0.19,1.50,0.40,0.21,2.59,-1.42,0.61,-1.23,0.98,-0.57,0.25,0.39,-0.31,0.81,1.14,0.09,1.77,-0.94,0.15,0.13,0.49,0.15,-0.31,0.28,-0.44,0.20,1.61,-1.24,1.01,0.69,0.23,-0.07,0.28,0.31,0.33,0.29,0.38,-2.47,2.61,0.86,1.03,1.17,1.22,0.58,0.94,0.52,0.95,0.72,0.16
 "34000","New Jersey",2,SQGDP11,64,"55","   Management of companies and enterprises ","Percentage points",0.78,0.35,-0.61,0.50,0.20,0.14,-0.18,-0.72,0.35,-0.20,0.22,0.14,-0.33,0.27,0.60,-0.69,-0.37,0.88,0.27,-0.59,0.40,-0.25,0.20,0.45,-0.16,0.43,0.24,0.40,0.24,0.15,-0.28,0.41,0.28,0.42,0.47,-0.62,-0.71,0.08,0.33,0.51,-0.70,0.32,0.49,-0.51,0.33,0.46,-0.57,0.54,0.50,0.29,0.23,-0.25,0.03,0.51,0.50,0.04,0.19,0.04,0.52,0.83,-1.34,0.39,0.59,0.34,-0.37,0.13,0.09,0.42,0.28,0.10,0.15,-0.16
 "34000","New Jersey",2,SQGDP11,65,"56","   Administrative and support and waste management and remediation services ","Percentage points",0.26,-0.16,-0.03,-0.01,-0.16,-0.02,0.36,-0.21,0.39,0.27,0.05,-0.10,0.08,0.00,0.02,-0.94,0.08,-0.07,0.11,0.10,0.33,0.02,0.15,-0.40,0.17,0.02,0.05,0.40,-0.02,0.03,0.16,0.66,-0.43,0.17,0.03,0.81,0.34,-0.21,0.09,-0.04,0.11,0.20,-0.33,0.14,0.00,0.13,0.26,0.75,0.14,0.16,0.19,-0.54,0.13,0.08,0.32,0.05,-0.06,0.13,-0.11,-0.25,-2.17,1.96,0.40,0.99,0.42,0.60,0.79,0.15,0.10,-0.01,-0.20,-0.24
 "34000","New Jersey",2,SQGDP11,69,"61","   Educational services ","Percentage points",-0.10,-0.03,-0.03,0.16,0.02,-0.04,0.00,0.16,-0.09,0.00,0.03,-0.01,0.05,0.10,0.12,0.16,0.05,0.02,-0.04,0.23,-0.09,-0.06,-0.09,0.17,-0.02,-0.04,-0.02,0.17,-0.02,-0.09,-0.14,0.17,-0.07,0.02,0.12,0.02,-0.01,0.03,-0.11,0.03,-0.02,0.07,0.04,0.10,-0.01,0.00,-0.02,-0.13,-0.01,-0.02,0.03,0.03,0.03,0.05,0.05,0.05,0.03,-0.03,-0.09,-0.17,-0.57,0.30,-0.20,0.28,0.03,0.16,0.07,0.07,0.00,0.13,0.18,0.10
 "34000","New Jersey",2,SQGDP11,70,"62","   Health care and social assistance ","Percentage points",-0.07,0.62,0.00,0.62,0.06,-0.30,0.19,0.00,-0.23,0.07,0.08,1.04,0.24,0.39,0.57,-0.32,0.09,0.10,0.33,-0.48,-0.12,0.60,-0.30,0.22,0.29,-0.38,0.65,0.35,-0.21,-0.09,0.16,0.21,0.10,0.10,0.33,-0.42,0.59,0.29,0.33,0.13,0.54,-0.23,0.22,0.49,-0.20,-0.17,0.18,0.29,0.00,0.24,0.13,0.35,0.18,0.07,0.24,0.46,0.62,-0.06,0.06,-0.29,-4.60,6.60,0.84,-0.87,1.08,-0.36,0.40,0.39,0.30,0.41,0.46,0.80
 "34000","New Jersey",2,SQGDP11,76,"71","   Arts, entertainment, and recreation ","Percentage points",0.14,0.04,-0.22,0.58,0.04,-0.12,0.12,-0.17,0.11,0.04,-0.11,-0.20,0.06,0.08,0.30,-0.35,-0.04,0.22,-0.20,0.11,0.11,0.03,0.07,-0.38,0.09,0.51,-0.51,0.63,-0.26,-0.22,-0.05,0.15,0.10,0.01,0.17,-0.08,0.33,-0.15,-0.15,-0.20,0.10,0.04,-0.17,0.51,-0.07,0.03,0.15,-0.27,0.30,0.03,0.06,-0.02,0.09,-0.03,0.23,-0.42,-0.10,0.19,-0.05,-0.66,-1.56,1.17,0.07,0.52,0.25,0.11,-0.08,0.27,0.30,0.14,-0.15,0.13
 "34000","New Jersey",2,SQGDP11,79,"72","   Accommodation and food services ","Percentage points",0.12,-0.07,-0.01,0.29,-0.07,0.12,-0.08,-0.01,-0.05,-0.10,0.16,0.02,-0.09,-0.15,-0.32,-0.91,-0.18,-0.15,-0.08,-0.08,0.27,0.23,0.06,0.38,0.32,-0.11,0.07,0.03,0.04,-0.20,-0.05,0.37,-0.17,-0.02,0.06,-0.08,-0.21,0.24,-0.31,0.12,-0.07,-0.03,0.08,0.07,-0.22,0.04,0.05,0.17,-0.08,-0.10,-0.01,0.03,0.54,-0.40,0.17,0.07,0.17,0.20,-0.38,-1.12,-3.66,3.71,-0.11,0.80,1.61,0.58,0.04,-0.21,0.36,-0.03,-0.34,0.24
 "34000","New Jersey",2,SQGDP11,82,"81","   Other services (except government and government enterprises) ","Percentage points",0.01,0.08,0.01,0.10,-0.05,-0.15,-0.07,0.01,-0.08,-0.04,-0.09,-0.07,-0.21,-0.08,-0.07,-0.20,-0.08,-0.12,-0.10,-0.14,0.02,0.01,-0.03,-0.02,0.01,-0.12,-0.01,0.05,-0.05,0.03,0.09,-0.17,-0.01,0.06,0.02,-0.02,0.13,0.08,-0.07,0.05,0.00,-0.10,-0.11,0.09,-0.13,-0.01,0.00,-0.07,0.00,0.03,0.11,0.07,0.08,-0.05,0.04,0.04,0.07,-0.07,-0.22,-0.22,-1.77,1.74,0.02,0.15,0.48,0.13,0.06,0.35,0.09,0.07,0.03,-0.09
 "34000","New Jersey",2,SQGDP11,83,"..."," Government and government enterprises ","Percentage points",-0.06,0.98,0.27,-1.60,0.73,-1.01,0.48,0.25,0.71,-0.51,-0.07,0.31,0.40,-0.09,0.27,-0.90,0.47,0.12,0.47,-0.39,-0.45,-1.20,0.07,-1.32,0.22,-0.12,-0.94,-0.21,-0.86,1.44,-0.17,0.33,-0.28,0.00,-0.06,0.19,-0.17,-0.04,-0.67,0.25,-0.74,0.28,-0.86,-0.33,-0.45,0.90,0.20,-0.56,1.16,-1.02,0.79,-0.83,0.58,-0.28,0.76,-0.46,0.07,0.24,-0.31,0.10,-1.66,-0.06,-0.03,1.07,-0.76,0.39,-0.08,1.23,0.01,0.18,-0.04,0.32
 "34000","New Jersey",2,SQGDP11,84,"...","  Federal civilian ","Percentage points",-0.01,-0.03,-0.02,-0.02,0.01,0.04,0.20,0.04,0.01,-0.14,-0.02,0.00,-0.04,0.00,-0.07,-0.03,0.04,-0.03,-0.07,-0.02,0.01,-0.06,-0.23,-0.07,-0.16,-0.19,-0.08,-0.03,-0.02,-0.03,-0.05,-0.02,-0.05,-0.07,-0.01,0.07,0.04,0.04,0.03,0.10,0.03,-0.01,0.03,0.01,0.01,0.01,0.01,0.03,0.02,0.02,-0.01,-0.01,-0.01,-0.02,-0.04,-0.08,0.06,0.04,0.05,0.04,0.08,0.37,-0.16,-0.01,0.00,-0.05,0.01,0.05,0.06,0.03,0.06,0.06
 "34000","New Jersey",2,SQGDP11,85,"...","  Military ","Percentage points",0.00,0.01,0.01,-0.08,0.01,0.05,0.01,0.00,0.00,0.04,-0.01,0.04,0.01,0.00,0.01,0.04,-0.01,0.00,0.01,-0.01,-0.03,-0.03,0.01,-0.04,0.00,0.00,-0.01,-0.02,0.00,-0.01,-0.01,0.00,-0.02,0.00,-0.04,0.01,-0.01,-0.05,-0.05,-0.02,0.00,0.00,0.00,0.02,0.01,0.00,-0.01,0.01,0.02,0.00,0.01,0.00,0.01,0.00,0.00,0.01,0.05,0.04,0.02,0.00,0.00,0.10,0.00,0.05,0.08,-0.01,-0.02,0.04,-0.04,-0.01,-0.03,0.04
 "34000","New Jersey",2,SQGDP11,86,"...","  State and local ","Percentage points",-0.04,1.00,0.28,-1.50,0.71,-1.10,0.27,0.22,0.71,-0.41,-0.04,0.27,0.42,-0.10,0.33,-0.90,0.45,0.15,0.53,-0.35,-0.44,-1.11,0.29,-1.20,0.38,0.07,-0.85,-0.16,-0.84,1.47,-0.11,0.34,-0.21,0.07,-0.01,0.12,-0.19,-0.04,-0.66,0.17,-0.77,0.28,-0.89,-0.36,-0.46,0.89,0.20,-0.61,1.12,-1.04,0.79,-0.82,0.58,-0.26,0.79,-0.39,-0.04,0.16,-0.39,0.06,-1.74,-0.53,0.13,1.03,-0.83,0.46,-0.06,1.15,-0.01,0.16,-0.07,0.23
 "35000","New Mexico",6,SQGDP11,1,"...","All industry total (percent change) ","Percent change",0.8,-4.8,0.3,11.0,0.6,0.4,1.7,-0.9,3.0,2.4,-3.7,-3.7,1.4,3.1,13.4,-1.9,-5.8,0.5,-0.4,-3.9,0.4,1.8,9.1,-13.0,5.8,1.3,5.9,-3.2,4.1,-6.0,-5.8,1.7,-1.2,-0.1,3.9,-1.6,5.6,6.0,6.9,-3.1,-3.1,-0.4,-1.5,1.8,-1.5,-2.1,0.7,-1.8,1.1,2.3,-0.1,3.0,3.9,1.7,2.7,3.8,6.7,8.4,2.3,0.2,-31.8,23.6,0.2,-0.1,-0.2,4.2,8.6,-5.1,-2.3,4.3,4.8,2.8
 "35000","New Mexico",6,SQGDP11,2,"..."," Private industries ","Percentage points",0.22,-6.06,1.88,9.21,2.34,4.08,1.07,-0.23,2.61,0.96,-2.93,-4.47,1.27,2.65,14.50,-1.79,-5.91,-0.30,-1.91,-2.04,-1.12,2.68,9.32,-12.61,5.40,0.48,5.48,-2.39,3.24,-5.57,-5.60,1.92,-0.63,0.71,4.62,-1.76,5.68,6.56,7.39,-2.19,-3.83,0.58,-3.00,1.77,-3.01,-2.04,2.13,-2.37,1.86,1.93,-0.03,3.86,3.85,0.64,3.26,4.69,5.54,6.65,1.49,-0.29,-29.96,23.69,-0.08,0.13,-1.27,3.67,7.37,-1.92,-2.41,4.06,4.04,1.62
 "35000","New Mexico",6,SQGDP11,3,"11","   Agriculture, forestry, fishing and hunting ","Percentage points",0.33,0.01,0.35,-1.05,0.44,-0.47,-0.61,1.48,-0.74,-0.47,-0.88,0.23,-0.13,0.02,0.87,-1.59,0.45,0.52,-0.05,1.21,0.00,-0.37,-0.44,-0.09,-0.16,0.11,0.55,-0.94,-0.62,0.27,0.10,-1.46,1.15,0.39,0.56,-0.16,0.05,0.97,0.51,-0.83,-0.02,0.13,-0.64,1.95,-0.32,0.01,0.03,-0.42,0.25,-0.14,-0.08,-0.03,-0.01,-0.28,0.31,0.21,0.35,-0.34,-0.07,0.10,-1.52,2.10,-0.88,-1.30,-0.44,-0.22,1.30,0.05,-0.81,-0.12,-0.13,-0.07
 "35000","New Mexico",6,SQGDP11,6,"21","   Mining, quarrying, and oil and gas extraction ","Percentage points",0.45,-3.61,-0.11,4.54,-0.37,0.83,1.95,-0.09,2.02,-2.03,-4.50,-3.30,-0.73,3.28,15.30,0.08,-3.33,-2.39,-2.43,-2.41,-0.88,0.80,11.25,-10.74,4.74,0.97,1.50,0.09,3.24,-2.38,-1.34,2.08,1.20,-0.53,0.75,-0.45,2.38,1.88,4.13,1.13,-3.62,1.70,-0.88,-0.39,-3.70,-1.53,1.45,-1.04,1.60,1.79,-0.60,-0.69,1.97,-0.38,1.23,2.60,2.66,2.58,1.60,4.65,-3.59,-1.38,-2.16,0.13,-4.84,0.13,-0.17,-1.70,-0.32,2.80,3.04,0.35
 "35000","New Mexico",6,SQGDP11,10,"22","   Utilities ","Percentage points",0.09,0.02,-0.21,0.46,0.34,0.21,-0.30,-0.47,0.09,0.68,0.37,-0.11,0.56,-0.52,-1.20,0.79,-0.49,0.54,0.16,0.51,-0.10,0.12,0.08,-0.09,0.16,0.25,0.73,-0.92,0.76,-0.13,-0.02,-0.05,0.06,-0.26,-0.08,-0.22,0.00,0.10,0.20,-0.93,0.58,-0.01,0.17,-0.11,0.23,0.29,-0.29,-0.05,-0.19,0.11,-0.15,-0.13,0.10,-0.16,-0.10,0.12,0.28,-0.21,0.46,-0.03,-0.04,0.09,0.08,-0.79,0.32,-0.14,0.05,-0.82,0.12,-0.26,-0.12,-0.05
 "35000","New Mexico",6,SQGDP11,11,"23","   Construction ","Percentage points",-0.20,0.54,0.02,0.60,-0.18,-0.20,-0.28,-0.07,0.73,0.53,-0.23,0.00,-0.46,-0.50,-0.75,-1.73,-1.04,0.10,-0.93,-0.70,-0.31,-0.33,0.00,-0.68,0.21,-0.23,-0.58,0.10,-0.22,-0.17,-0.22,0.21,-0.35,0.08,0.21,-0.54,-0.05,-0.03,0.51,-0.04,-0.14,-0.04,-0.15,0.30,-0.34,-0.27,0.17,0.23,0.19,0.27,0.50,0.14,-0.23,-0.13,0.10,0.06,0.78,0.81,-0.17,-0.48,-0.49,-0.48,0.25,-0.22,0.31,-0.02,-0.61,-0.85,-0.36,-0.54,-0.22,0.35
 "35000","New Mexico",6,SQGDP11,12,"31-33","   Manufacturing ","Percentage points",-3.28,-1.57,0.79,0.88,-1.51,-1.51,-0.45,-2.11,-0.19,-0.28,-2.92,-4.30,-0.54,0.85,2.28,2.88,2.23,1.29,0.42,-2.48,-0.81,-1.61,-1.09,-0.72,-0.54,-0.06,0.50,0.10,-0.03,-1.03,-0.40,-1.14,-0.70,0.35,1.20,-0.16,0.66,1.52,-1.05,3.29,-1.48,-0.86,-0.09,0.01,1.24,-0.47,-0.97,0.26,-0.15,-0.19,0.10,0.02,0.00,0.16,0.52,0.66,0.86,0.68,-0.14,-0.97,-1.72,1.22,0.04,0.16,-0.23,-0.29,0.97,-0.16,-0.17,0.24,0.35,-0.28
 "35000","New Mexico",6,SQGDP11,13,"321,327-339","     Durable goods manufacturing ","Percentage points",-2.86,-1.30,1.08,0.75,-1.16,-1.34,-0.61,-2.05,-0.55,-0.77,-3.74,-3.71,-0.94,1.21,2.74,3.54,2.07,1.25,0.29,-2.20,-0.62,-1.42,-0.95,-0.50,-0.82,-0.15,0.45,-0.40,-0.18,-0.94,-0.57,-1.55,-0.77,0.09,1.32,-0.28,0.29,1.05,-1.44,1.02,-0.79,-1.07,-0.18,0.86,0.82,-0.58,-0.78,0.02,-0.32,0.10,0.36,0.17,0.06,0.10,0.13,-0.18,0.07,0.32,0.05,0.03,-0.95,0.73,0.35,0.04,-0.35,-0.17,0.57,0.25,0.04,0.03,0.06,-0.19
 "35000","New Mexico",6,SQGDP11,25,"311-316,322-326","     Nondurable goods manufacturing ","Percentage points",-0.42,-0.27,-0.29,0.13,-0.35,-0.17,0.16,-0.06,0.37,0.48,0.82,-0.59,0.40,-0.36,-0.46,-0.66,0.16,0.04,0.13,-0.28,-0.19,-0.19,-0.15,-0.22,0.28,0.09,0.05,0.50,0.15,-0.09,0.17,0.41,0.08,0.26,-0.11,0.13,0.37,0.47,0.39,2.27,-0.69,0.21,0.09,-0.85,0.42,0.11,-0.19,0.23,0.17,-0.29,-0.26,-0.15,-0.06,0.06,0.39,0.85,0.79,0.37,-0.19,-1.00,-0.77,0.49,-0.32,0.11,0.11,-0.12,0.40,-0.41,-0.21,0.21,0.29,-0.09
 "35000","New Mexico",6,SQGDP11,34,"42","   Wholesale trade ","Percentage points",0.18,0.01,0.18,0.12,0.12,0.23,0.16,-0.52,0.36,0.07,0.19,0.08,-0.05,-0.27,-0.41,-1.61,-0.80,-0.11,0.49,0.11,0.32,0.34,0.15,-0.94,0.17,0.04,0.55,-0.34,0.42,-0.12,-0.34,0.43,-0.10,0.11,0.05,-0.09,0.29,0.50,0.04,0.00,-0.12,0.04,-0.28,-0.01,-0.23,0.02,0.07,-0.23,0.15,0.05,-0.06,-0.08,0.04,0.04,0.00,0.27,-0.13,0.18,0.11,-0.10,-1.07,0.80,-0.21,0.11,-0.04,-0.25,0.52,-0.19,-0.24,0.00,0.05,-0.23
 "35000","New Mexico",6,SQGDP11,35,"44-45","   Retail trade ","Percentage points",0.49,0.54,-0.54,0.55,0.63,-0.41,0.62,-0.44,-0.49,0.30,0.07,-0.37,-0.11,-0.30,-0.18,0.05,-0.04,-0.38,0.25,-0.19,0.09,-0.24,-0.36,-0.14,-0.19,-0.17,0.35,0.09,-0.29,0.48,-0.07,-0.09,-0.09,0.03,0.04,0.32,0.24,0.25,-0.35,0.26,0.00,0.30,-0.20,0.50,0.01,-0.19,0.12,-0.38,0.40,0.12,-0.11,1.01,-0.36,0.32,0.04,0.03,0.17,0.41,0.05,-0.87,-1.50,2.53,-0.84,1.24,-0.79,-0.91,0.10,-0.56,-0.02,0.37,0.53,0.45
 "35000","New Mexico",6,SQGDP11,36,"48-49","   Transportation and warehousing ","Percentage points",0.20,0.38,0.09,0.11,0.32,-0.21,-0.15,-0.14,0.04,-0.02,0.47,-0.32,0.35,-0.09,-0.58,-0.90,-0.24,-0.19,0.04,-0.05,0.15,0.37,0.29,0.07,0.20,0.01,0.09,-0.22,0.09,-0.29,0.24,-0.19,-0.13,0.09,0.09,0.22,-0.01,0.35,0.19,-0.52,0.06,-0.04,-0.32,-0.74,0.14,-0.14,0.26,-0.08,0.29,0.05,0.01,0.92,-0.18,0.14,-0.17,-0.14,-0.06,0.29,-0.12,-0.09,-2.06,1.33,0.09,0.07,-0.10,0.49,0.77,-0.26,-0.12,0.15,0.16,-0.02
 "35000","New Mexico",6,SQGDP11,45,"51","   Information ","Percentage points",0.43,-0.48,-0.08,0.84,0.28,0.75,-0.40,0.35,0.05,1.32,1.21,0.92,0.51,0.20,-0.52,-0.28,-0.04,-0.18,0.30,0.57,-0.75,1.18,-1.04,0.26,-0.28,-0.74,0.07,1.51,-0.71,-0.72,-0.79,0.78,-0.12,-0.68,-0.18,-0.55,0.29,-0.06,1.23,-0.39,1.22,-0.07,-1.39,0.54,0.37,0.70,0.45,-0.50,-0.28,-0.75,-0.27,0.04,0.59,0.12,0.37,-0.63,-0.07,0.64,-0.87,-0.29,-1.08,0.07,1.53,0.21,0.56,1.22,-0.73,0.28,0.22,0.30,0.13,0.27
 "35000","New Mexico",6,SQGDP11,51,"52","   Finance and insurance ","Percentage points",0.29,0.16,-0.36,0.20,-0.08,0.36,-0.18,-0.52,0.32,0.07,0.15,0.28,0.08,-0.94,-1.84,2.87,0.18,0.11,-0.76,0.07,-0.50,0.12,0.35,-0.04,0.32,0.18,0.43,-0.21,-0.26,0.12,-0.58,-0.42,-0.30,0.19,1.06,-0.26,0.92,0.11,0.64,-0.18,0.07,-0.48,0.66,-0.52,0.03,0.34,0.10,-0.72,-0.56,0.15,-0.17,0.76,0.36,-0.07,-0.49,0.36,-0.65,0.15,0.55,0.28,0.60,0.96,0.21,0.51,-0.06,-0.24,0.00,0.56,0.15,-0.10,-0.20,-0.22
 "35000","New Mexico",6,SQGDP11,56,"53","   Real estate and rental and leasing ","Percentage points",-0.29,-0.57,0.23,1.00,-0.02,0.44,0.37,1.82,0.53,0.94,1.60,1.26,1.42,0.27,-0.17,-0.28,-1.60,0.09,0.37,1.82,1.35,0.82,1.20,0.51,1.08,-0.19,0.91,-1.94,0.15,0.20,-0.65,0.44,0.13,0.84,0.15,0.13,-0.21,-0.19,-0.60,-1.22,-1.11,-0.48,-0.72,0.07,-0.37,-0.56,-0.42,0.48,-0.03,-0.19,0.27,0.42,0.42,0.20,0.10,-0.21,-0.12,0.00,-0.59,-0.84,-1.68,1.33,-1.09,0.79,0.02,0.20,0.70,0.17,0.04,0.32,-0.34,0.16
 "35000","New Mexico",6,SQGDP11,60,"54","   Professional, scientific, and technical services ","Percentage points",0.60,-1.94,1.26,-0.08,2.04,3.69,0.10,0.46,-0.19,-0.52,0.71,1.09,-0.80,0.23,1.65,-1.79,0.14,-0.09,0.01,0.11,-0.13,1.26,-1.49,0.62,-0.26,-0.38,0.23,0.27,0.60,-1.62,-1.21,1.50,-1.16,0.24,0.09,0.31,0.27,0.60,1.11,-2.08,0.91,0.38,0.57,0.17,-0.63,-0.13,0.72,0.32,0.17,-0.07,0.35,0.69,0.39,0.03,0.24,0.35,0.76,0.48,0.71,-0.04,-0.81,1.12,1.20,-0.92,1.18,1.56,-0.20,0.36,-0.11,0.35,0.53,-0.09
 "35000","New Mexico",6,SQGDP11,64,"55","   Management of companies and enterprises ","Percentage points",0.08,-0.03,-0.14,-0.13,0.05,0.04,-0.07,-0.09,-0.13,-0.02,0.10,-0.39,0.27,0.00,0.01,-0.15,0.00,0.01,0.00,0.01,0.01,0.02,0.03,-0.09,0.03,0.09,0.06,0.07,-0.10,-0.01,-0.10,0.06,0.01,0.02,0.08,0.09,-0.12,0.07,-0.04,0.01,0.06,-0.05,0.06,-0.13,0.07,0.14,-0.03,0.00,0.00,0.09,0.06,0.06,0.05,0.05,-0.02,0.08,0.09,-0.02,0.25,-0.16,0.05,0.01,0.43,-0.25,0.01,0.08,0.05,1.33,-1.12,0.01,0.06,-0.02
 "35000","New Mexico",6,SQGDP11,65,"56","   Administrative and support and waste management and remediation services ","Percentage points",0.25,-0.11,0.06,0.29,0.14,0.00,0.23,0.14,0.27,0.15,0.37,0.02,0.28,0.04,0.01,-0.62,-0.37,0.36,-0.15,0.24,0.00,-0.14,0.06,0.39,0.04,-0.09,-0.06,-0.26,0.12,-0.03,-0.25,0.23,-0.20,-0.10,-0.14,-0.16,0.14,0.00,0.24,-0.58,-0.09,0.18,-0.02,-0.54,0.19,-0.16,0.27,0.20,0.26,0.30,0.06,-0.02,0.08,0.39,0.28,0.25,0.15,-0.08,0.04,0.24,-1.45,1.05,0.31,0.66,-0.09,0.45,0.88,0.16,-0.07,0.01,0.16,0.06
 "35000","New Mexico",6,SQGDP11,69,"61","   Educational services ","Percentage points",0.02,0.09,-0.02,0.04,-0.09,-0.03,-0.02,0.06,0.00,0.02,0.01,0.05,0.04,0.09,0.07,0.03,-0.02,-0.04,0.02,0.07,0.00,0.03,0.06,-0.15,0.04,0.01,-0.03,0.04,-0.04,-0.05,-0.06,-0.04,-0.03,0.01,0.00,-0.09,0.03,-0.01,0.00,-0.14,0.04,-0.06,0.09,0.00,0.09,0.00,-0.05,-0.13,-0.04,0.01,-0.03,0.01,0.00,0.03,0.04,0.03,0.03,-0.02,-0.07,-0.04,-0.31,0.11,-0.03,0.06,0.11,0.09,0.08,0.00,0.00,0.11,0.00,0.02
 "35000","New Mexico",6,SQGDP11,70,"62","   Health care and social assistance ","Percentage points",0.64,0.33,0.15,0.55,-0.03,0.23,0.03,-0.38,0.35,0.33,0.39,0.61,0.42,0.56,-0.02,0.58,-0.29,0.07,0.41,-0.44,0.30,0.21,0.16,0.05,-0.31,0.84,0.17,0.16,0.02,-0.16,-0.07,-0.09,0.02,-0.14,0.39,-0.45,0.34,0.22,0.60,0.39,0.14,0.10,0.44,0.40,0.49,-0.22,0.15,0.03,-0.20,0.25,-0.15,0.32,0.01,0.24,0.11,0.11,0.35,0.23,-0.12,-0.25,-3.74,5.10,1.05,-1.44,0.44,0.06,0.65,-0.01,0.18,0.45,0.17,0.75
 "35000","New Mexico",6,SQGDP11,76,"71","   Arts, entertainment, and recreation ","Percentage points",-0.06,0.08,-0.02,-0.23,0.07,0.07,0.13,0.14,0.04,0.01,-0.07,-0.10,0.06,-0.18,0.22,0.06,-0.06,0.09,0.09,-0.19,0.13,0.04,0.08,-0.19,0.05,-0.05,0.08,-0.08,0.08,0.03,0.08,-0.22,0.10,0.00,0.05,-0.10,0.12,-0.03,0.00,-0.19,-0.14,-0.02,0.05,-0.01,-0.02,0.04,0.09,-0.18,0.05,0.07,-0.03,0.01,0.16,0.04,0.03,-0.06,0.14,0.20,-0.02,-0.75,-1.28,0.33,0.33,0.15,0.51,0.64,0.53,-0.71,0.01,0.16,0.04,0.07
 "35000","New Mexico",6,SQGDP11,79,"72","   Accommodation and food services ","Percentage points",0.00,0.00,0.08,0.31,0.03,0.08,-0.08,0.06,-0.28,-0.09,0.08,0.04,0.01,-0.12,-0.27,0.22,-0.32,0.07,0.03,-0.15,0.08,0.06,0.02,-0.49,0.20,-0.02,-0.03,-0.14,-0.05,0.08,0.01,0.26,-0.04,0.04,0.26,0.28,0.16,0.16,0.05,0.08,-0.07,-0.04,-0.13,0.22,-0.11,0.05,0.09,-0.13,-0.15,-0.06,0.06,0.32,0.16,0.08,0.52,0.61,-0.08,0.33,-0.09,-0.20,-6.70,6.08,-0.42,0.91,1.81,0.49,2.13,0.37,0.15,-0.12,-0.18,0.20
 "35000","New Mexico",6,SQGDP11,82,"81","   Other services (except government and government enterprises) ","Percentage points",0.00,0.09,0.14,0.23,0.18,-0.02,0.02,0.07,-0.16,-0.06,-0.04,-0.16,0.10,0.02,0.05,-0.42,-0.30,-0.15,-0.20,-0.15,-0.09,-0.02,0.02,-0.14,-0.11,-0.09,-0.02,0.22,0.08,-0.03,0.06,-0.37,-0.10,0.01,0.03,0.11,0.18,0.14,-0.01,-0.25,-0.12,-0.09,-0.20,0.06,-0.14,0.03,-0.07,-0.03,0.11,0.07,0.21,0.10,0.30,-0.17,0.15,0.00,0.04,0.34,-0.02,-0.46,-1.57,1.32,0.03,0.06,0.06,0.32,0.35,0.06,0.03,-0.05,0.01,-0.07
 "35000","New Mexico",6,SQGDP11,83,"..."," Government and government enterprises ","Percentage points",0.58,1.29,-1.54,1.80,-1.73,-3.71,0.61,-0.67,0.39,1.45,-0.79,0.74,0.15,0.41,-1.10,-0.08,0.16,0.79,1.48,-1.85,1.57,-0.85,-0.19,-0.40,0.39,0.78,0.41,-0.79,0.87,-0.46,-0.17,-0.24,-0.53,-0.82,-0.73,0.21,-0.05,-0.55,-0.46,-0.89,0.73,-1.02,1.52,-0.02,1.46,-0.09,-1.45,0.54,-0.75,0.39,-0.04,-0.85,0.09,1.06,-0.52,-0.90,1.13,1.74,0.84,0.50,-1.79,-0.07,0.27,-0.25,1.10,0.48,1.24,-3.19,0.07,0.22,0.76,1.23
 "35000","New Mexico",6,SQGDP11,84,"...","  Federal civilian ","Percentage points",-0.20,-0.01,0.22,-0.08,0.17,0.02,-0.04,-0.01,-0.02,0.28,0.14,0.20,-0.06,0.05,0.01,0.08,0.26,0.01,0.25,0.12,0.91,-0.53,-0.27,0.62,0.12,-0.12,0.09,-0.19,-0.15,0.07,-0.17,-0.04,-0.28,-0.57,0.00,0.67,-0.24,-0.06,-0.23,-0.06,0.17,-0.05,0.27,0.17,-0.21,-0.06,0.01,0.29,0.10,0.18,0.05,0.02,0.11,0.05,-0.02,-0.37,0.63,0.30,0.19,0.36,0.65,0.08,0.03,0.15,0.04,-0.07,-0.29,-0.12,0.04,-0.09,0.32,0.47
 "35000","New Mexico",6,SQGDP11,85,"...","  Military ","Percentage points",0.08,-0.19,0.00,-0.13,-0.03,0.39,0.03,-0.13,-0.06,-0.14,-0.31,0.07,0.00,-0.09,0.12,-0.28,0.17,0.51,0.30,0.45,0.00,-0.09,0.09,0.36,0.03,0.17,0.19,0.20,0.09,0.02,-0.09,0.06,0.01,-0.01,-0.30,0.46,-0.01,-0.47,-0.43,0.07,-0.09,0.06,0.15,0.37,-0.02,-0.08,-0.11,-0.14,0.09,0.16,-0.02,-0.29,-0.04,0.07,-0.19,-0.15,0.29,-0.04,0.10,-0.11,0.36,-0.03,0.12,0.48,0.24,-0.03,0.04,-0.14,0.12,0.20,0.10,0.14
 "35000","New Mexico",6,SQGDP11,86,"...","  State and local ","Percentage points",0.71,1.49,-1.76,2.00,-1.86,-4.12,0.63,-0.53,0.47,1.30,-0.62,0.47,0.21,0.45,-1.22,0.11,-0.27,0.27,0.92,-2.43,0.65,-0.23,-0.01,-1.38,0.24,0.73,0.13,-0.81,0.92,-0.55,0.10,-0.26,-0.27,-0.24,-0.43,-0.92,0.20,-0.02,0.19,-0.91,0.66,-1.02,1.10,-0.56,1.69,0.05,-1.35,0.39,-0.94,0.04,-0.07,-0.58,0.01,0.94,-0.30,-0.38,0.21,1.49,0.54,0.25,-2.81,-0.12,0.11,-0.89,0.81,0.58,1.49,-2.94,-0.08,0.12,0.35,0.61
 "36000","New York",2,SQGDP11,1,"...","All industry total (percent change) ","Percent change",3.8,3.8,4.5,6.2,-2.7,-2.1,5.1,12.8,-11.9,-1.6,-2.7,4.8,-3.8,1.1,-9.1,5.0,18.2,4.5,4.9,5.0,6.0,-5.9,-4.3,8.7,-4.3,-1.4,4.8,6.4,5.9,3.6,4.1,-9.5,2.8,2.2,4.1,-2.3,2.8,4.1,2.7,-0.9,4.3,0.4,-4.7,11.5,1.6,-2.9,1.2,3.6,-2.6,2.5,7.5,0.9,4.3,3.2,-2.8,7.1,5.1,0.6,0.4,-4.8,-32.9,31.2,2.3,5.9,9.2,5.8,8.8,-0.5,0.7,2.5,0.0,1.3
 "36000","New York",2,SQGDP11,2,"..."," Private industries ","Percentage points",3.75,3.46,4.12,7.97,-3.61,-1.69,4.40,12.62,-12.19,-1.20,-2.69,4.23,-4.14,1.19,-8.87,5.01,17.80,4.90,4.48,4.27,6.27,-5.75,-3.92,8.43,-4.46,-0.38,4.74,6.39,6.21,3.20,3.85,-10.21,2.95,2.16,4.46,-1.87,2.65,3.86,3.26,-0.61,4.30,0.26,-4.60,11.55,1.86,-3.01,0.79,3.11,-2.52,2.59,7.62,-1.37,4.01,3.00,-2.91,7.33,4.82,0.75,0.06,-5.03,-30.77,30.75,2.69,4.86,8.97,4.62,9.54,-2.44,0.44,2.53,0.09,1.22
 "36000","New York",2,SQGDP11,3,"11","   Agriculture, forestry, fishing and hunting ","Percentage points",0.04,0.03,0.03,0.01,0.04,-0.07,-0.06,0.13,-0.08,-0.07,-0.07,0.11,0.01,0.07,0.16,-0.20,0.03,0.06,-0.05,0.13,-0.01,-0.04,-0.03,-0.07,0.02,0.00,0.05,-0.08,-0.04,-0.02,-0.02,0.03,0.12,0.02,0.06,-0.03,-0.01,0.10,0.07,-0.18,0.04,0.01,-0.04,0.11,-0.03,-0.01,-0.02,0.07,-0.01,0.01,0.03,-0.07,0.03,-0.03,-0.02,0.13,-0.02,-0.04,0.02,-0.01,-0.14,0.30,-0.14,-0.03,-0.06,-0.05,0.15,0.01,-0.08,-0.03,-0.02,-0.01
 "36000","New York",2,SQGDP11,6,"21","   Mining, quarrying, and oil and gas extraction ","Percentage points",0.01,-0.03,0.01,0.04,0.00,0.01,0.01,0.01,0.00,-0.02,0.00,0.01,0.00,0.01,0.05,-0.03,-0.02,0.00,-0.03,-0.01,0.04,-0.03,-0.04,-0.01,-0.04,-0.01,0.10,0.00,-0.06,-0.01,-0.01,0.00,0.01,0.00,0.00,0.02,-0.01,0.01,-0.01,0.00,0.00,0.01,0.01,0.03,-0.02,0.00,-0.02,-0.01,0.01,0.01,0.01,0.00,0.01,-0.01,0.00,0.01,0.00,0.00,0.00,0.02,-0.01,0.00,-0.02,0.00,0.00,0.02,0.00,-0.01,-0.03,0.00,0.01,0.01
 "36000","New York",2,SQGDP11,10,"22","   Utilities ","Percentage points",0.00,-0.03,-0.02,-0.20,0.27,0.13,0.04,-0.38,0.05,0.29,-0.27,0.00,0.58,-0.19,-0.63,-0.92,1.13,0.07,0.14,0.89,-0.20,-0.30,0.10,0.00,0.42,-0.27,0.36,-0.23,0.17,-0.18,0.28,-0.13,0.00,0.04,-0.32,-0.04,0.07,0.10,0.01,-0.35,0.07,0.25,-0.20,0.30,-0.21,0.01,0.18,0.00,0.27,-0.29,0.39,0.13,0.08,-0.29,-0.09,0.20,0.18,-0.25,0.26,0.53,-0.23,0.54,-0.41,0.17,0.09,-0.34,-0.18,0.28,-0.06,-0.35,0.09,-0.08
 "36000","New York",2,SQGDP11,11,"23","   Construction ","Percentage points",-0.52,-0.26,-0.35,0.24,-0.11,-0.15,-0.11,0.42,0.45,0.06,-0.02,0.04,0.04,0.37,-0.36,-0.92,0.29,0.42,-0.37,-0.56,-0.01,-0.17,-0.30,-0.13,0.03,-0.08,0.21,0.16,-0.21,-0.06,0.18,0.45,-0.34,0.05,0.01,-0.27,0.42,0.10,0.18,-0.15,0.63,0.10,0.04,0.52,-0.17,-0.13,0.28,0.18,-0.07,0.01,0.33,-0.03,-0.02,-0.12,-0.22,0.51,-0.25,-0.20,-0.27,0.10,-2.65,2.79,-0.10,0.45,0.08,-0.67,-0.84,0.42,-0.57,-0.74,-0.03,0.23
 "36000","New York",2,SQGDP11,12,"31-33","   Manufacturing ","Percentage points",0.20,0.08,0.62,1.13,-0.07,-0.17,0.37,-0.33,-0.03,0.06,0.26,-1.16,0.72,-0.57,-1.03,-1.04,1.34,0.39,0.41,0.13,-0.21,-0.14,-0.37,-1.08,0.01,-0.95,0.35,0.20,-0.57,-0.49,-0.57,0.79,-0.13,0.21,0.09,-0.19,0.51,0.00,0.17,0.22,-0.22,1.31,-1.48,0.46,-0.30,-0.41,0.00,0.22,0.09,-0.10,0.14,-0.66,-0.01,0.03,0.76,0.09,0.49,0.40,-0.16,-0.90,-1.79,1.78,-0.17,0.42,0.30,0.12,0.31,-0.14,-0.35,-0.11,0.10,-0.31
 "36000","New York",2,SQGDP11,13,"321,327-339","     Durable goods manufacturing ","Percentage points",-0.29,0.04,-0.01,0.27,-0.11,0.01,0.27,-0.03,0.30,0.44,0.30,0.03,0.27,-0.17,-0.73,-0.95,-0.15,0.08,0.27,0.28,0.45,0.23,0.14,-0.17,0.19,-0.20,0.34,0.04,-0.02,0.12,0.00,0.46,-0.09,0.12,-0.10,-0.09,0.11,-0.03,0.01,-0.03,-0.07,0.48,-0.37,-0.02,-0.14,-0.24,0.07,-0.03,-0.10,0.00,0.23,0.05,-0.01,-0.04,0.18,-0.10,-0.05,0.03,-0.16,-0.32,-1.04,1.22,0.01,0.29,-0.04,-0.13,0.28,-0.04,-0.08,-0.08,0.14,-0.10
 "36000","New York",2,SQGDP11,25,"311-316,322-326","     Nondurable goods manufacturing ","Percentage points",0.49,0.04,0.63,0.86,0.05,-0.17,0.10,-0.30,-0.33,-0.38,-0.05,-1.19,0.45,-0.40,-0.30,-0.09,1.49,0.31,0.15,-0.15,-0.67,-0.37,-0.52,-0.91,-0.19,-0.74,0.01,0.16,-0.55,-0.61,-0.57,0.33,-0.04,0.09,0.19,-0.09,0.40,0.02,0.16,0.25,-0.15,0.83,-1.11,0.48,-0.16,-0.17,-0.07,0.24,0.19,-0.10,-0.09,-0.71,0.01,0.06,0.57,0.19,0.54,0.37,0.00,-0.58,-0.75,0.56,-0.18,0.13,0.34,0.25,0.03,-0.10,-0.27,-0.03,-0.04,-0.21
 "36000","New York",2,SQGDP11,34,"42","   Wholesale trade ","Percentage points",-0.16,0.22,0.53,-0.06,0.06,-0.10,0.20,0.12,1.16,-0.83,0.29,-0.45,-0.04,-0.07,-1.23,-1.03,-0.53,0.11,0.86,0.30,0.73,0.43,-0.19,0.14,-0.63,-0.49,0.93,-0.17,0.13,0.65,0.16,-0.44,-0.02,0.07,-0.03,-0.35,0.50,0.55,0.16,0.46,0.32,0.08,0.03,-0.55,-0.49,-0.11,-0.14,0.32,-0.56,0.32,-0.03,0.14,0.16,-0.24,-0.54,0.60,-0.43,-0.15,-0.37,0.93,-2.63,2.64,-0.23,0.71,0.15,-0.11,0.11,0.33,-0.32,0.22,0.00,-0.25
 "36000","New York",2,SQGDP11,35,"44-45","   Retail trade ","Percentage points",0.48,0.58,-0.90,0.16,0.14,-0.48,0.40,-0.10,-0.52,0.04,0.16,-0.18,-0.01,-0.12,-0.38,-0.35,0.04,0.08,0.62,-0.02,0.23,0.23,0.08,0.17,0.18,-0.37,0.54,-0.31,-0.34,0.47,0.03,0.57,-0.06,-0.05,0.08,0.08,0.23,0.19,-0.27,-0.02,0.53,-0.10,0.25,0.06,0.03,0.19,0.07,-0.03,0.07,0.61,-0.06,0.23,-0.05,0.21,-0.41,0.85,0.05,0.02,-0.47,-0.38,-2.97,2.92,-0.39,1.15,-0.44,-0.83,0.43,-0.38,0.16,0.17,0.13,0.47
 "36000","New York",2,SQGDP11,36,"48-49","   Transportation and warehousing ","Percentage points",0.07,0.39,0.19,0.05,0.20,-0.10,-0.11,0.02,0.38,-0.38,0.22,-0.10,0.01,0.01,-0.10,-0.52,0.17,0.02,0.09,-0.03,-0.01,0.27,0.21,-0.01,0.06,-0.07,0.05,0.11,-0.14,-0.05,-0.04,0.08,0.04,0.07,0.34,-0.25,0.11,0.14,-0.03,-0.10,0.10,0.19,0.04,-0.48,0.06,0.07,0.15,0.26,-0.01,-0.04,0.01,0.41,-0.08,0.03,0.06,0.13,0.02,0.10,-0.31,-0.30,-2.05,1.00,0.22,0.47,-0.01,0.34,0.07,-0.36,0.07,0.26,-0.03,0.00
 "36000","New York",2,SQGDP11,45,"51","   Information ","Percentage points",0.05,-0.04,1.17,-2.04,0.85,0.94,-0.22,2.24,0.27,0.17,-0.33,1.05,1.05,-0.15,-1.30,2.36,0.84,-0.54,1.11,1.04,0.92,1.14,-0.74,0.39,0.19,-0.42,1.11,-0.12,0.30,-0.11,0.74,0.33,0.71,0.79,-0.54,0.59,0.52,-0.53,0.58,1.89,0.12,1.44,0.08,1.63,1.12,-1.55,0.61,0.30,0.12,0.56,0.06,3.53,0.42,0.82,0.00,0.81,0.58,0.14,-0.07,1.07,-1.58,2.07,0.13,0.67,2.20,0.23,1.68,-0.41,-0.27,1.25,0.37,0.40
 "36000","New York",2,SQGDP11,51,"52","   Finance and insurance ","Percentage points",3.29,2.91,1.63,7.83,-4.79,-2.07,1.47,7.71,-13.06,-1.57,-7.47,2.66,-9.23,-0.29,-4.09,17.52,14.97,4.75,0.66,-1.02,1.41,-9.45,-3.31,8.24,-6.23,3.19,0.17,4.01,6.33,2.64,3.33,-12.24,2.33,-0.67,3.05,-1.05,-0.35,0.91,2.26,-1.75,3.12,-4.37,-3.23,6.81,1.76,0.07,-2.41,-0.18,-3.97,1.02,4.57,-6.80,1.52,1.64,-2.88,2.37,2.91,-0.50,2.40,-1.52,3.30,3.04,0.73,-1.85,1.19,0.26,4.68,-2.40,-0.08,-0.64,-1.29,-1.07
 "36000","New York",2,SQGDP11,56,"53","   Real estate and rental and leasing ","Percentage points",0.88,-1.01,0.31,-0.54,-0.61,0.98,1.51,1.47,0.18,-0.54,2.88,0.87,1.50,1.11,-0.07,-3.80,-0.83,-0.08,0.29,1.74,2.66,1.02,0.44,-1.00,1.31,-0.41,0.81,-0.15,0.53,0.28,0.39,-0.48,-0.01,0.82,0.27,0.02,0.01,-0.22,-0.31,-0.98,-0.89,-0.06,-0.43,0.92,0.47,-0.35,0.60,0.48,0.13,-0.07,0.40,0.37,0.38,0.03,0.24,0.15,0.05,0.43,-0.59,-0.04,-2.35,1.11,-0.28,0.84,0.42,0.82,0.06,0.35,-0.09,0.22,-0.54,-0.04
 "36000","New York",2,SQGDP11,60,"54","   Professional, scientific, and technical services ","Percentage points",-0.26,0.37,0.38,0.63,0.16,-0.18,0.41,0.75,0.06,0.87,1.23,0.92,0.44,0.28,-0.37,-2.88,-0.95,-0.40,-0.54,0.23,0.24,0.67,0.36,0.62,0.40,0.16,0.20,0.51,0.58,-0.22,-0.68,0.54,-0.08,0.42,0.38,0.32,0.26,1.40,0.04,0.57,-0.16,0.68,0.20,0.96,-0.09,-0.64,0.80,-0.03,0.43,0.15,0.69,-0.44,0.43,0.51,-0.32,0.38,0.22,0.56,0.23,-0.03,-2.42,1.60,0.29,1.24,0.94,1.84,1.38,-0.42,0.30,0.58,0.50,0.12
 "36000","New York",2,SQGDP11,64,"55","   Management of companies and enterprises ","Percentage points",-0.17,0.02,-0.16,0.38,-0.23,0.08,0.04,0.49,-0.86,0.26,0.04,-0.36,0.24,-0.16,0.03,-1.94,1.11,0.32,0.15,1.21,-0.39,-0.17,0.06,0.81,-0.72,-0.17,-0.26,0.34,0.06,-0.08,0.09,-0.36,0.49,0.09,0.24,0.15,-0.13,-0.01,-0.27,0.15,0.29,0.06,-0.05,-0.47,0.26,-0.19,-0.22,0.56,-0.13,0.29,0.24,-0.16,0.18,0.05,0.12,0.00,0.37,-0.03,-0.25,-0.22,-0.16,0.37,0.45,0.32,-0.25,0.07,0.82,-0.47,0.19,0.01,0.13,-0.05
 "36000","New York",2,SQGDP11,65,"56","   Administrative and support and waste management and remediation services ","Percentage points",0.11,0.00,0.16,-0.55,-0.10,0.07,-0.06,0.14,0.16,0.24,0.08,-0.39,0.01,0.03,-0.19,-0.46,-0.19,-0.09,0.29,0.91,-0.41,0.20,0.07,-0.08,0.09,0.02,-0.28,0.79,-0.34,0.03,0.07,-0.11,0.20,0.20,-0.04,-0.16,0.04,0.18,0.12,0.17,0.18,-0.16,0.01,0.14,-0.41,0.12,0.06,0.42,0.41,0.07,0.50,0.13,0.22,0.13,0.10,0.64,0.24,0.04,0.09,-1.13,-1.53,0.47,1.51,-1.13,0.87,0.26,-0.21,0.65,0.25,0.21,0.07,0.09
 "36000","New York",2,SQGDP11,69,"61","   Educational services ","Percentage points",-0.17,0.05,0.00,0.06,0.15,-0.06,0.02,-0.05,0.01,0.12,0.07,0.10,0.18,0.17,0.13,0.27,0.16,-0.12,0.10,-0.04,0.18,0.02,0.02,0.00,0.04,-0.10,0.04,0.16,0.05,0.08,-0.20,0.00,-0.05,0.02,0.13,-0.15,0.09,0.14,0.00,0.44,-0.04,0.12,0.15,0.07,0.03,0.01,0.12,-0.18,-0.02,-0.02,0.00,0.09,0.07,0.05,0.16,-0.13,0.15,-0.12,-0.11,-0.08,-0.81,0.32,-0.23,0.43,0.04,0.28,0.00,0.23,-0.06,0.10,-0.25,0.09
 "36000","New York",2,SQGDP11,70,"62","   Health care and social assistance ","Percentage points",-0.26,0.16,0.36,0.49,0.27,-0.37,0.12,-0.11,-0.10,0.15,0.23,0.57,0.37,0.44,0.74,-0.37,0.32,-0.09,0.44,-0.27,0.42,0.21,-0.40,0.39,-0.03,-0.19,0.28,0.02,-0.05,0.17,0.02,0.53,-0.32,0.09,0.25,0.02,0.08,0.42,0.39,-0.20,0.08,0.47,-0.10,0.80,-0.17,-0.17,0.60,0.13,0.37,-0.01,0.41,0.59,0.09,0.29,0.38,0.34,0.27,0.29,0.19,-0.50,-3.29,4.36,0.70,-0.28,0.29,0.07,0.52,0.21,0.58,0.37,0.39,0.82
 "36000","New York",2,SQGDP11,76,"71","   Arts, entertainment, and recreation ","Percentage points",-0.01,-0.01,0.00,0.44,0.01,-0.15,0.41,0.11,-0.11,0.05,0.01,0.34,0.09,0.16,-0.02,0.33,-0.06,0.06,0.02,-0.10,0.29,-0.01,0.14,-0.19,0.10,-0.16,0.11,0.37,-0.05,0.06,0.06,-0.21,0.08,0.00,0.20,0.07,0.01,0.13,0.05,-0.49,-0.12,0.14,0.09,0.23,0.02,-0.03,0.20,0.23,0.16,0.14,-0.06,0.26,0.20,-0.05,-0.16,0.06,0.08,0.06,0.02,-0.98,-3.12,1.22,0.74,0.65,0.60,1.01,0.74,-0.16,0.32,0.54,0.04,0.35
 "36000","New York",2,SQGDP11,79,"72","   Accommodation and food services ","Percentage points",0.16,0.07,0.08,-0.03,0.11,0.00,0.00,-0.07,0.01,-0.08,0.11,0.14,0.00,0.02,-0.21,-0.66,0.01,0.09,0.30,-0.10,0.39,0.23,0.07,0.20,0.29,-0.02,-0.06,0.56,-0.16,0.06,0.03,0.49,-0.06,-0.02,0.20,-0.59,0.11,0.16,0.10,-0.33,0.29,0.11,0.08,-0.09,0.07,0.17,-0.03,0.36,0.07,-0.04,-0.11,0.87,0.32,-0.21,-0.03,0.25,-0.04,-0.05,-0.48,-1.24,-4.95,3.19,-0.18,0.62,2.22,1.11,-0.27,-0.20,0.37,0.50,0.42,0.42
 "36000","New York",2,SQGDP11,82,"81","   Other services (except government and government enterprises) ","Percentage points",0.02,-0.05,0.07,-0.08,0.07,0.00,-0.04,0.03,-0.15,-0.04,-0.10,0.06,-0.11,0.08,-0.01,-0.35,-0.04,-0.14,-0.02,-0.13,0.01,0.12,-0.10,0.04,0.04,-0.06,0.02,0.23,0.00,-0.02,-0.01,-0.05,0.02,0.00,0.10,-0.07,0.18,0.11,0.03,0.04,-0.06,-0.02,-0.05,0.10,-0.07,-0.06,-0.04,0.02,0.10,-0.03,0.10,0.03,0.04,0.16,-0.06,-0.05,-0.04,0.04,-0.07,-0.36,-1.39,1.02,0.08,0.00,0.35,0.20,0.11,0.03,0.13,-0.04,-0.02,0.03
 "36000","New York",2,SQGDP11,83,"..."," Government and government enterprises ","Percentage points",0.06,0.36,0.34,-1.72,0.94,-0.45,0.72,0.23,0.26,-0.42,-0.04,0.53,0.36,-0.06,-0.24,0.03,0.41,-0.35,0.38,0.68,-0.30,-0.11,-0.38,0.28,0.14,-0.98,0.03,-0.02,-0.35,0.37,0.29,0.70,-0.19,-0.01,-0.32,-0.47,0.16,0.20,-0.53,-0.31,0.03,0.12,-0.10,-0.06,-0.23,0.06,0.43,0.50,-0.04,-0.06,-0.09,2.28,0.25,0.18,0.11,-0.23,0.33,-0.16,0.30,0.22,-2.15,0.50,-0.42,1.01,0.22,1.15,-0.71,1.94,0.28,-0.03,-0.05,0.06
 "36000","New York",2,SQGDP11,84,"...","  Federal civilian ","Percentage points",0.06,-0.01,0.01,-0.09,-0.03,-0.02,0.00,-0.01,0.00,0.04,0.01,0.03,-0.02,0.01,-0.03,-0.02,0.05,-0.03,0.00,0.05,0.35,-0.22,-0.14,-0.02,-0.06,-0.03,0.05,-0.01,0.00,0.03,0.01,0.01,-0.02,-0.10,0.00,0.05,0.02,0.00,0.04,0.04,0.01,-0.01,0.01,0.00,0.03,0.04,0.01,0.02,0.00,0.01,0.00,0.02,-0.01,-0.01,-0.01,-0.07,0.06,0.00,0.02,0.03,0.00,0.48,-0.28,0.00,0.01,-0.03,0.01,0.02,-0.03,-0.02,0.04,0.05
 "36000","New York",2,SQGDP11,85,"...","  Military ","Percentage points",-0.01,0.01,0.03,-0.02,0.01,0.01,-0.02,-0.02,0.00,0.02,-0.01,0.03,0.05,0.06,0.03,0.02,0.00,0.00,0.00,0.05,0.01,0.00,0.00,0.00,0.02,0.01,0.02,-0.01,-0.03,-0.02,-0.02,-0.01,-0.03,0.01,-0.04,-0.02,-0.02,-0.03,-0.02,0.00,-0.03,-0.02,-0.03,0.00,0.00,-0.01,-0.01,-0.02,-0.01,-0.01,-0.02,-0.03,-0.01,0.00,-0.01,-0.05,0.02,-0.01,-0.02,0.00,0.02,-0.01,-0.02,0.05,0.00,-0.03,-0.02,0.07,0.13,-0.07,-0.01,-0.01
 "36000","New York",2,SQGDP11,86,"...","  State and local ","Percentage points",0.00,0.36,0.30,-1.61,0.96,-0.45,0.73,0.27,0.27,-0.48,-0.05,0.47,0.33,-0.13,-0.24,0.03,0.36,-0.32,0.38,0.58,-0.66,0.11,-0.24,0.31,0.18,-0.96,-0.05,0.01,-0.32,0.36,0.30,0.71,-0.15,0.09,-0.29,-0.50,0.16,0.22,-0.55,-0.35,0.06,0.15,-0.08,-0.06,-0.27,0.03,0.43,0.49,-0.02,-0.06,-0.06,2.29,0.27,0.19,0.12,-0.12,0.25,-0.15,0.30,0.19,-2.17,0.03,-0.12,0.96,0.21,1.20,-0.70,1.86,0.18,0.07,-0.08,0.02
 "37000","North Carolina",5,SQGDP11,1,"...","All industry total (percent change) ","Percent change",0.4,4.0,4.2,17.8,2.3,-0.3,3.4,2.7,-2.4,-0.8,4.1,10.1,3.0,-2.2,-9.1,-16.0,5.0,6.0,6.1,-6.5,2.1,1.2,5.9,-1.8,4.8,-4.9,1.2,5.5,-4.3,1.6,-2.9,4.8,1.3,5.4,1.7,2.5,0.4,3.6,0.8,6.4,2.9,0.5,-0.2,3.4,-0.6,3.1,5.5,2.5,0.1,2.1,4.1,-1.3,3.0,-0.3,1.3,2.6,2.8,3.8,3.3,-1.6,-28.9,37.7,4.4,9.0,5.4,2.9,10.1,1.6,-0.7,1.9,3.2,1.0
 "37000","North Carolina",5,SQGDP11,2,"..."," Private industries ","Percentage points",0.45,3.59,3.69,17.99,1.84,-0.89,2.44,2.68,-2.80,-1.30,3.50,9.53,2.59,-3.30,-8.66,-16.19,5.05,6.33,6.05,-7.37,2.35,1.66,5.87,-2.12,4.50,-3.86,1.40,5.82,-3.57,1.63,-2.75,4.90,1.50,5.80,2.28,2.62,0.04,3.40,1.15,5.45,3.25,0.66,-1.24,5.05,-0.52,2.03,4.81,2.26,-0.27,2.22,3.63,-1.19,2.50,-0.38,1.43,2.74,2.39,4.11,3.10,-2.05,-27.03,36.43,4.74,10.09,4.07,2.24,9.32,-1.02,-0.43,1.80,2.79,0.42
 "37000","North Carolina",5,SQGDP11,3,"11","   Agriculture, forestry, fishing and hunting ","Percentage points",0.21,-0.25,-0.28,0.36,0.29,-0.31,-0.31,-0.57,-0.17,-0.08,-0.23,0.55,-0.21,-0.39,0.21,0.81,0.03,0.34,-0.30,-0.53,0.36,0.01,-0.18,-0.94,-0.26,-0.16,-0.06,1.41,-0.39,-0.44,-0.37,0.51,0.66,0.27,-0.23,0.52,-0.11,0.07,-0.05,0.38,0.00,0.01,-0.24,0.32,-0.06,-0.05,-0.19,0.23,0.03,0.16,0.40,-0.65,0.30,-1.32,0.77,0.05,-0.24,-0.21,0.05,0.82,-1.68,0.83,0.14,0.54,-0.37,0.65,0.15,0.43,0.24,0.01,0.64,-0.47
 "37000","North Carolina",5,SQGDP11,6,"21","   Mining, quarrying, and oil and gas extraction ","Percentage points",0.01,-0.05,0.06,0.05,-0.18,-0.02,0.14,0.29,-0.13,-0.21,-0.17,-0.06,-0.15,0.00,0.04,-0.09,0.08,-0.10,0.05,-0.25,0.14,-0.01,-0.11,-0.08,-0.04,-0.05,-0.02,-0.04,0.00,-0.01,0.02,0.03,0.01,0.05,0.05,0.00,0.05,0.00,0.01,0.02,0.00,0.03,0.04,0.06,-0.03,-0.01,0.00,0.08,-0.01,0.02,0.01,-0.05,0.01,0.01,0.01,0.05,0.00,0.00,-0.03,0.04,-0.06,-0.01,-0.02,0.06,0.00,0.07,0.01,0.12,0.01,0.04,0.02,-0.01
 "37000","North Carolina",5,SQGDP11,10,"22","   Utilities ","Percentage points",0.01,0.01,-0.18,1.11,0.11,-0.16,-0.03,0.60,0.17,-0.71,0.00,1.32,0.15,0.23,-0.99,-0.14,0.06,0.33,0.71,0.76,0.37,-0.84,-0.11,-0.62,0.74,-0.03,0.44,-0.95,0.30,0.59,-0.51,-0.33,-0.62,0.22,-0.13,0.26,0.14,-0.25,0.10,-0.36,0.59,-0.15,0.14,0.06,0.30,-0.14,-0.07,-0.05,-0.20,0.27,0.09,-0.26,0.41,-0.17,-0.07,0.38,-0.11,-0.28,0.09,1.00,-0.28,-0.02,-0.04,-0.43,0.55,-0.12,0.05,0.35,-0.12,-0.42,0.16,-0.11
 "37000","North Carolina",5,SQGDP11,11,"23","   Construction ","Percentage points",0.15,0.05,-0.33,0.68,-0.24,-0.32,-0.10,0.41,0.32,-0.16,-0.65,-1.25,-0.40,-0.58,-1.27,-1.50,-0.53,-0.02,-0.80,-0.83,-0.03,-0.32,-0.45,-0.01,0.28,0.02,-0.02,0.46,-0.10,0.02,0.26,0.21,0.07,0.23,-0.09,-0.01,0.24,0.06,0.37,0.05,0.59,0.07,0.13,0.37,0.20,0.38,0.40,0.21,-0.29,0.36,0.37,0.00,0.18,0.13,0.18,0.49,-0.11,0.08,0.13,-0.13,-0.86,0.64,1.04,-0.06,0.09,-0.28,-0.32,-0.13,-0.89,-0.75,-0.09,-0.05
 "37000","North Carolina",5,SQGDP11,12,"31-33","   Manufacturing ","Percentage points",1.41,3.37,4.32,5.96,3.96,1.23,2.95,-1.51,-0.39,0.53,1.74,-4.39,1.65,-2.47,-4.66,-1.46,2.04,1.52,2.48,-0.70,-2.77,-0.08,1.88,-0.65,3.14,-3.05,-1.39,-1.86,-2.78,-1.16,-0.42,5.99,1.14,1.36,-1.46,-2.05,-0.41,-0.16,0.64,2.48,0.55,-0.21,-1.96,1.59,-2.28,-0.63,-0.39,-0.31,-0.09,-0.12,1.58,-1.22,0.82,-0.38,-0.06,-1.86,1.40,1.09,0.08,-1.13,-6.38,7.99,0.72,0.83,0.80,-1.12,2.49,-2.19,-1.42,-0.36,0.37,-0.81
 "37000","North Carolina",5,SQGDP11,13,"321,327-339","     Durable goods manufacturing ","Percentage points",1.02,2.28,3.61,4.47,2.95,0.92,1.00,-0.87,-0.61,0.90,0.10,-0.35,0.66,-0.38,-1.85,-2.46,-0.65,0.89,1.59,1.77,0.94,0.31,0.39,-2.00,-0.79,-0.10,-0.28,1.20,0.07,0.59,0.20,2.42,0.50,0.36,0.20,-0.90,0.95,0.98,-0.19,0.72,-0.54,0.72,-0.33,0.57,-1.53,0.14,0.36,0.07,0.40,0.24,1.07,0.58,-0.11,0.36,0.56,-0.74,0.60,-0.33,-0.15,-1.26,-2.92,4.12,0.56,1.09,0.18,-1.12,1.32,-1.56,-0.09,-0.11,0.38,-0.37
 "37000","North Carolina",5,SQGDP11,25,"311-316,322-326","     Nondurable goods manufacturing ","Percentage points",0.39,1.09,0.71,1.49,1.01,0.31,1.94,-0.64,0.22,-0.36,1.64,-4.04,0.99,-2.09,-2.81,1.00,2.69,0.63,0.89,-2.47,-3.71,-0.39,1.49,1.35,3.93,-2.95,-1.11,-3.06,-2.85,-1.76,-0.62,3.57,0.64,1.00,-1.67,-1.15,-1.36,-1.15,0.82,1.77,1.09,-0.93,-1.63,1.02,-0.75,-0.77,-0.75,-0.37,-0.49,-0.36,0.50,-1.80,0.92,-0.73,-0.61,-1.12,0.80,1.42,0.23,0.13,-3.46,3.87,0.17,-0.25,0.62,0.00,1.17,-0.63,-1.33,-0.24,-0.01,-0.44
 "37000","North Carolina",5,SQGDP11,34,"42","   Wholesale trade ","Percentage points",0.35,-0.03,0.60,0.07,0.02,0.19,0.18,0.08,0.60,0.11,0.42,-0.71,0.46,-0.45,-1.09,-1.36,-0.92,0.22,0.98,-0.20,0.90,0.62,-0.07,-0.31,-0.29,-0.08,1.23,-0.45,0.87,0.15,-0.39,0.39,-0.12,0.42,0.40,0.09,0.60,0.70,-0.12,0.35,0.13,0.02,-0.08,-0.15,0.57,0.20,0.12,0.21,-0.37,0.49,0.20,-0.39,-0.08,0.13,-0.33,0.56,-0.54,0.25,0.31,1.45,-2.36,2.85,0.14,0.91,-0.11,-0.19,0.64,-0.05,-0.37,0.32,0.24,-0.13
 "37000","North Carolina",5,SQGDP11,35,"44-45","   Retail trade ","Percentage points",0.68,0.60,-0.56,0.17,0.26,-0.41,0.44,-0.12,-0.41,0.04,0.10,0.16,-0.36,-0.26,-0.57,-0.89,0.13,-0.12,0.59,0.08,0.16,0.02,-0.21,-0.40,-0.13,-0.28,0.27,0.35,-0.36,0.37,-0.13,0.81,-0.17,-0.01,0.38,0.11,0.35,0.07,0.01,0.15,0.38,0.49,0.00,0.61,0.17,0.21,0.16,0.09,0.03,0.48,-0.09,0.42,0.01,0.22,-0.09,0.63,-0.04,0.50,0.02,-0.32,-1.20,2.68,0.06,1.23,-1.03,-0.99,0.69,-0.32,0.04,0.38,0.51,0.48
 "37000","North Carolina",5,SQGDP11,36,"48-49","   Transportation and warehousing ","Percentage points",0.19,0.43,0.16,-0.19,0.23,-0.09,-0.17,-0.28,0.13,-0.10,0.30,-0.20,-0.02,-0.17,-0.23,-0.48,0.21,0.12,0.18,-0.12,0.23,0.24,0.11,-0.15,-0.08,-0.16,0.20,0.05,0.04,-0.01,-0.04,-0.07,-0.13,0.02,0.46,0.01,0.02,0.20,-0.11,-0.15,0.19,0.10,-0.06,-0.27,0.31,-0.06,0.30,0.25,0.03,0.14,0.10,0.26,-0.24,0.04,0.19,-0.09,0.24,0.13,-0.13,-0.18,-1.42,1.18,0.62,0.23,-0.31,0.44,0.23,-0.13,0.04,0.24,-0.02,0.05
 "37000","North Carolina",5,SQGDP11,45,"51","   Information ","Percentage points",-0.56,0.05,0.51,-0.59,0.58,0.50,-0.37,0.03,0.35,0.60,0.55,-0.32,0.51,0.20,-0.10,-1.31,0.17,0.17,0.74,-0.25,0.05,0.38,0.21,-0.41,-0.06,0.13,0.13,0.26,-0.19,-0.15,-0.08,1.38,-0.14,0.05,0.30,1.05,-0.10,0.51,-0.06,0.95,0.20,0.49,0.19,0.74,0.10,0.20,0.21,-0.06,0.08,0.10,0.41,0.16,0.31,0.35,0.10,-0.57,0.58,-0.12,0.06,-0.07,0.50,0.99,-0.12,1.04,0.61,0.34,0.46,0.67,0.13,0.73,0.46,0.46
 "37000","North Carolina",5,SQGDP11,51,"52","   Finance and insurance ","Percentage points",-2.87,-1.87,-1.32,6.87,-3.50,-2.40,-2.47,2.41,-4.54,-2.62,-1.05,14.17,-0.41,-0.11,0.26,-6.27,4.94,2.62,1.07,-7.24,1.03,0.52,3.12,0.07,0.16,-0.53,-1.24,4.86,-1.50,0.11,0.42,-4.43,1.07,1.92,0.80,-0.25,-0.84,-0.03,-0.34,1.28,0.17,-1.07,0.17,-0.26,-0.13,1.74,2.48,-0.33,-0.48,-0.38,-0.77,-0.79,-0.67,-0.45,-1.38,1.66,0.88,0.81,2.26,-1.60,1.46,1.31,1.69,0.04,0.12,0.62,1.06,-3.52,0.57,-0.19,-0.38,-0.37
 "37000","North Carolina",5,SQGDP11,56,"53","   Real estate and rental and leasing ","Percentage points",0.65,0.27,0.45,-0.12,0.47,0.71,1.44,0.74,0.63,1.01,0.88,0.07,0.44,-0.30,-0.09,-0.05,-0.89,0.18,0.27,0.63,0.90,0.41,0.89,-0.18,1.21,0.14,0.83,-0.30,0.18,0.32,-0.38,1.05,0.15,0.76,-0.02,-0.04,-0.02,0.10,0.14,-0.49,-0.21,-0.03,-0.07,0.01,0.23,0.13,0.19,0.98,0.17,-0.04,0.11,0.04,0.08,0.09,0.43,0.44,0.43,0.42,-0.24,-0.58,-1.23,1.25,-0.22,0.77,0.42,0.52,0.93,0.27,0.09,0.31,-0.35,0.16
 "37000","North Carolina",5,SQGDP11,60,"54","   Professional, scientific, and technical services ","Percentage points",0.11,0.13,0.07,1.07,-0.32,0.42,0.45,0.31,0.38,0.53,0.41,-0.16,0.36,0.33,0.12,-0.96,-0.58,0.30,-0.12,0.62,0.55,0.23,0.33,0.31,0.18,0.20,0.41,0.37,0.50,0.26,-0.96,0.27,-0.15,0.23,0.42,0.16,0.46,0.72,0.24,0.36,0.45,0.48,0.45,0.66,0.06,0.11,0.49,0.29,0.61,-0.20,0.43,1.37,0.83,0.28,0.65,-0.04,-0.26,0.92,-0.38,1.10,-1.94,2.72,-0.41,1.98,1.53,0.82,1.45,0.77,0.26,0.63,0.78,0.29
 "37000","North Carolina",5,SQGDP11,64,"55","   Management of companies and enterprises ","Percentage points",-0.12,-0.01,-0.25,0.59,-0.18,-0.49,-0.28,0.25,-0.56,0.05,0.30,0.37,0.23,0.33,-0.56,-1.32,0.65,0.55,0.00,-0.09,0.14,0.11,0.50,0.05,-0.03,-0.21,0.24,0.27,0.20,0.12,0.59,-1.09,0.03,0.26,0.73,0.85,-1.01,0.67,-0.26,0.52,-0.03,-0.07,0.11,0.00,0.03,0.11,0.11,-0.07,-0.10,0.53,0.23,-0.37,0.03,0.37,0.14,0.15,0.29,-0.33,0.61,-0.11,-0.16,0.19,0.63,-0.56,0.42,-0.11,-0.11,0.76,0.16,0.11,0.25,-0.08
 "37000","North Carolina",5,SQGDP11,65,"56","   Administrative and support and waste management and remediation services ","Percentage points",0.02,0.18,0.08,0.33,0.06,0.09,0.18,0.19,0.48,-0.18,0.35,-0.08,0.04,-0.06,-0.14,-0.60,-0.45,0.16,0.31,0.62,0.19,0.17,0.32,0.36,-0.06,0.03,0.21,0.35,-0.21,1.43,-1.04,-0.12,0.15,0.16,0.30,0.24,0.17,0.03,0.32,-0.40,0.10,0.07,-0.01,0.09,0.05,0.02,0.31,0.27,0.21,0.15,-0.05,0.14,0.07,0.17,0.38,0.12,-0.10,0.22,0.06,-0.44,-1.37,1.62,0.40,0.87,0.12,0.63,0.82,0.58,0.20,0.10,-0.11,0.10
 "37000","North Carolina",5,SQGDP11,69,"61","   Educational services ","Percentage points",0.01,0.05,0.04,0.17,0.06,0.07,0.02,-0.02,0.04,0.09,0.17,0.01,0.08,0.13,0.09,0.35,0.03,0.02,-0.03,0.12,0.05,0.02,-0.07,0.10,0.00,-0.05,0.11,0.04,0.03,-0.14,-0.20,-0.29,-0.15,-0.13,0.10,0.92,0.01,0.08,-0.09,0.00,0.00,-0.02,0.03,0.16,0.04,-0.23,0.02,-0.20,-0.04,-0.04,0.20,0.06,0.01,0.09,0.02,0.11,0.01,0.04,-0.06,-0.18,-0.55,0.36,-0.25,0.31,0.04,0.15,0.08,0.32,-0.05,0.05,0.13,0.05
 "37000","North Carolina",5,SQGDP11,70,"62","   Health care and social assistance ","Percentage points",0.10,0.39,0.37,0.93,0.22,0.03,0.28,-0.23,0.24,0.08,0.38,0.50,0.34,0.23,0.55,-0.29,0.25,0.08,-0.04,-0.17,-0.14,-0.02,-0.34,0.26,-0.05,-0.17,0.36,0.35,-0.18,0.30,0.30,0.24,-0.09,-0.09,-0.03,0.39,0.10,0.39,0.35,0.01,0.02,0.34,0.03,0.71,-0.12,-0.24,0.50,0.41,0.28,0.00,0.34,0.14,0.07,0.15,0.15,0.33,0.24,0.18,0.31,-0.42,-3.27,4.97,0.47,1.03,-0.39,0.41,0.12,0.81,0.25,0.42,0.16,0.49
 "37000","North Carolina",5,SQGDP11,76,"71","   Arts, entertainment, and recreation ","Percentage points",0.14,0.15,-0.05,0.15,0.09,-0.03,0.05,-0.14,0.10,0.04,0.04,-0.07,0.03,0.05,0.06,-0.05,-0.01,0.00,0.06,-0.02,0.02,-0.03,0.08,0.29,-0.21,0.52,-0.30,0.02,0.09,-0.04,0.01,0.07,-0.01,-0.02,0.10,-0.07,0.01,0.00,0.00,-0.09,0.00,0.07,-0.02,0.01,-0.01,0.10,0.05,0.11,-0.05,0.15,0.04,-0.29,0.18,-0.04,0.02,-0.08,-0.07,0.15,0.01,-0.44,-1.21,0.50,0.32,0.45,0.01,0.32,0.22,-0.10,0.13,0.15,0.04,0.07
 "37000","North Carolina",5,SQGDP11,79,"72","   Accommodation and food services ","Percentage points",-0.01,0.05,0.08,0.28,-0.07,0.13,0.03,0.21,0.01,-0.19,-0.01,-0.22,-0.04,0.00,-0.21,-0.30,-0.09,-0.02,-0.05,0.22,0.15,0.15,-0.04,0.25,0.03,-0.05,-0.03,0.30,-0.05,-0.03,0.18,0.25,-0.05,0.05,0.13,0.48,0.17,0.12,0.00,0.41,0.07,0.09,-0.02,0.34,-0.02,0.09,0.04,0.37,-0.15,0.10,-0.05,0.14,0.14,-0.06,0.27,0.29,-0.11,0.11,-0.17,-0.99,-3.62,5.01,-0.64,1.02,1.33,-0.19,0.32,0.23,0.29,-0.03,-0.12,0.32
 "37000","North Carolina",5,SQGDP11,82,"81","   Other services (except government and government enterprises) ","Percentage points",-0.03,0.09,-0.07,0.13,-0.01,-0.02,0.02,0.02,-0.06,-0.12,-0.02,-0.15,-0.11,0.00,-0.07,-0.32,-0.08,-0.02,-0.05,-0.02,0.03,0.09,-0.02,-0.06,-0.05,-0.08,0.03,0.33,0.00,-0.07,0.00,0.05,-0.15,0.06,0.07,-0.04,0.21,0.13,-0.01,-0.01,0.03,-0.06,-0.08,0.03,0.06,0.08,0.08,-0.22,0.05,0.06,0.10,0.11,0.06,-0.01,0.05,0.13,-0.09,0.15,0.10,0.14,-1.39,1.36,0.19,-0.16,0.26,0.26,0.04,0.10,0.03,0.05,0.09,0.00
 "37000","North Carolina",5,SQGDP11,83,"..."," Government and government enterprises ","Percentage points",-0.05,0.46,0.52,-0.23,0.51,0.56,0.96,-0.02,0.44,0.50,0.61,0.57,0.44,1.14,-0.48,0.21,-0.04,-0.28,0.04,0.84,-0.27,-0.42,0.08,0.33,0.31,-1.03,-0.24,-0.31,-0.77,-0.03,-0.14,-0.09,-0.20,-0.40,-0.59,-0.13,0.38,0.18,-0.39,0.94,-0.38,-0.15,1.06,-1.63,-0.11,1.04,0.70,0.28,0.40,-0.13,0.48,-0.16,0.45,0.08,-0.09,-0.17,0.40,-0.27,0.19,0.47,-1.87,1.27,-0.32,-1.06,1.31,0.70,0.80,2.63,-0.24,0.14,0.38,0.53
 "37000","North Carolina",5,SQGDP11,84,"...","  Federal civilian ","Percentage points",-0.02,-0.10,0.14,-0.01,0.14,0.05,0.03,0.04,0.02,0.11,0.03,0.01,0.00,0.01,-0.01,0.05,0.17,-0.02,0.04,0.05,0.21,0.01,-0.09,0.10,-0.01,-0.01,0.09,0.01,0.01,-0.01,0.01,0.04,-0.03,-0.12,0.01,0.14,0.05,0.06,0.04,0.11,0.08,0.01,0.07,0.07,0.01,0.05,0.06,0.08,0.04,0.05,0.05,0.02,0.03,0.01,-0.03,-0.02,0.18,0.08,0.03,0.05,0.07,0.37,-0.12,0.01,-0.01,-0.01,-0.02,-0.03,-0.02,0.01,0.09,0.13
 "37000","North Carolina",5,SQGDP11,85,"...","  Military ","Percentage points",0.17,0.18,0.07,-0.11,-0.06,0.17,0.17,0.19,0.11,0.12,0.23,0.38,0.26,0.19,0.12,0.11,0.21,0.19,0.02,0.30,-0.07,-0.10,-0.06,-0.02,0.03,-0.01,-0.07,0.03,-0.18,-0.15,-0.04,-0.31,-0.05,0.02,-0.23,-0.04,-0.11,-0.23,-0.15,0.21,-0.12,-0.12,0.02,-0.70,0.05,-0.02,-0.07,0.17,0.00,0.03,0.02,-0.20,0.07,0.03,-0.09,0.04,0.14,0.07,-0.07,-0.03,0.18,-0.02,0.10,0.22,0.08,0.03,0.11,-0.09,-0.24,-0.02,0.16,0.11
 "37000","North Carolina",5,SQGDP11,86,"...","  State and local ","Percentage points",-0.20,0.38,0.32,-0.12,0.43,0.33,0.76,-0.24,0.31,0.28,0.35,0.17,0.18,0.94,-0.60,0.06,-0.42,-0.45,-0.02,0.49,-0.41,-0.33,0.22,0.25,0.29,-1.01,-0.26,-0.35,-0.60,0.12,-0.11,0.17,-0.11,-0.30,-0.36,-0.23,0.44,0.35,-0.28,0.62,-0.34,-0.03,0.97,-0.99,-0.17,1.01,0.71,0.03,0.36,-0.21,0.41,0.03,0.36,0.03,0.03,-0.18,0.08,-0.42,0.23,0.45,-2.13,0.92,-0.29,-1.29,1.24,0.69,0.71,2.74,0.03,0.15,0.12,0.29
 "38000","North Dakota",4,SQGDP11,1,"...","All industry total (percent change) ","Percent change",1.1,-1.7,2.8,8.9,9.0,-1.8,4.1,6.4,4.7,4.5,9.2,12.2,3.5,6.7,-1.1,5.4,-2.3,9.6,-0.1,9.2,14.2,8.3,9.9,4.8,13.6,15.6,36.3,27.9,27.9,8.3,2.1,-12.7,5.8,10.4,4.0,9.1,16.9,7.7,8.3,-8.8,-13.7,-2.8,-2.0,-10.6,-11.4,1.9,-0.2,4.3,10.2,-0.5,0.1,6.5,4.1,3.4,-3.0,1.3,2.1,1.0,-1.8,-0.6,-28.5,14.3,-2.7,3.8,2.1,1.8,-4.2,-5.3,-0.7,5.2,0.7,12.4
 "38000","North Dakota",4,SQGDP11,2,"..."," Private industries ","Percentage points",2.14,-0.64,1.48,8.75,8.47,-1.79,3.97,6.98,4.71,5.20,10.37,13.99,4.25,6.92,-1.67,3.11,-4.32,8.16,-0.52,6.90,14.65,7.86,10.65,3.69,14.16,16.24,34.98,28.01,27.74,8.91,2.65,-11.81,6.08,10.59,4.06,8.16,16.42,7.04,7.79,-9.58,-14.06,-3.24,-1.70,-11.61,-10.72,2.08,-1.05,4.43,10.32,-0.51,-0.24,6.71,3.51,3.25,-2.75,1.31,1.66,1.01,-2.10,-0.50,-26.45,12.94,-3.07,3.26,2.10,1.65,-3.88,-5.28,-0.65,5.01,0.53,12.29
 "38000","North Dakota",4,SQGDP11,3,"11","   Agriculture, forestry, fishing and hunting ","Percentage points",-0.28,-0.47,-0.17,2.24,1.61,-1.02,0.57,6.09,-1.19,-0.48,2.89,7.10,-0.82,2.65,0.82,-0.71,0.75,1.86,-2.89,-1.46,-0.67,-0.57,0.62,-4.84,-1.12,-1.01,1.12,8.77,3.07,7.14,4.74,-20.50,3.64,-0.29,-3.83,1.67,0.35,-2.99,0.27,-2.14,2.29,1.72,4.99,0.24,-0.31,0.06,-0.81,2.09,-1.93,-1.12,-0.98,3.22,0.94,1.66,-2.40,-0.34,-0.77,-2.74,-3.42,4.42,5.85,-4.93,1.36,-4.24,4.75,1.40,-2.75,0.21,0.84,-1.05,-3.40,8.09
 "38000","North Dakota",4,SQGDP11,6,"21","   Mining, quarrying, and oil and gas extraction ","Percentage points",0.92,-0.55,0.48,1.95,0.63,1.36,0.80,0.67,0.22,-0.04,0.41,0.60,1.08,3.39,8.61,0.39,-3.24,-0.11,0.83,2.33,7.42,5.28,4.26,1.30,6.58,6.41,14.16,7.50,14.04,-0.79,-2.63,2.91,1.01,3.92,4.99,1.11,8.29,3.44,5.42,-4.51,-11.09,-1.27,-0.83,-0.52,-6.18,0.58,1.29,5.65,8.15,4.81,2.12,-0.64,5.37,1.10,0.38,0.00,1.18,2.23,-0.14,5.16,-10.27,-2.97,0.95,-2.78,-1.59,2.06,-3.74,-5.46,0.02,4.98,2.76,2.50
 "38000","North Dakota",4,SQGDP11,10,"22","   Utilities ","Percentage points",-0.06,0.47,0.30,-0.99,1.31,0.08,-0.40,-0.08,0.54,0.13,0.28,-0.16,0.56,0.18,-1.48,0.36,0.21,0.40,0.38,0.38,-0.16,-0.05,0.74,-0.70,1.04,0.34,0.70,-0.40,0.36,0.15,-0.24,0.43,0.10,-0.04,0.04,0.02,-0.06,0.29,-0.06,-0.37,0.64,0.55,0.11,-0.13,0.27,0.79,0.06,-0.44,0.60,-0.59,0.33,-0.30,0.18,-0.04,-0.62,0.24,-0.15,-0.45,0.83,-0.69,0.29,0.00,-0.43,-0.77,0.54,-0.38,-0.32,-0.13,0.12,-0.33,-0.09,-0.16
 "38000","North Dakota",4,SQGDP11,11,"23","   Construction ","Percentage points",-0.48,-0.16,-0.44,0.72,0.30,-1.26,-0.47,0.70,-0.18,0.46,1.23,-0.21,1.12,2.43,-1.04,-0.73,1.79,4.08,-1.65,0.04,1.77,-0.43,2.30,0.04,1.57,3.05,2.44,2.37,1.20,-0.55,0.57,1.16,-0.24,1.17,-0.80,0.04,1.20,0.14,1.64,0.65,-3.68,-2.05,-0.81,-1.17,0.67,1.37,-2.56,-2.36,-0.61,-2.58,0.16,-0.43,-0.17,0.44,-0.31,1.33,0.02,-0.76,-0.23,-0.80,-1.63,0.46,-0.71,0.29,1.58,-0.44,-1.11,0.11,-0.55,-0.35,0.48,0.69
 "38000","North Dakota",4,SQGDP11,12,"31-33","   Manufacturing ","Percentage points",2.95,1.02,1.72,0.60,0.93,-1.08,-0.03,-0.81,0.69,2.04,2.54,1.71,0.28,-0.68,-3.78,-3.70,-0.72,-0.70,0.24,-1.03,1.38,-0.02,0.50,-1.70,2.31,1.04,2.69,-0.08,1.41,-0.42,-0.12,0.83,-0.49,0.56,-0.32,0.50,0.70,0.69,-0.13,0.40,-0.38,-0.36,-0.78,-0.91,-1.37,-0.04,0.04,0.14,1.33,-0.24,-0.43,0.51,-0.61,-0.09,0.64,0.92,0.67,0.40,0.03,0.10,-2.88,3.90,-0.27,2.23,-0.94,-0.33,1.30,-0.60,-0.52,0.10,0.45,-0.34
 "38000","North Dakota",4,SQGDP11,13,"321,327-339","     Durable goods manufacturing ","Percentage points",3.50,1.20,0.82,0.04,-0.28,-0.48,-0.91,-0.66,0.36,1.45,1.32,1.55,-0.83,-0.07,-2.56,-4.12,-0.94,-0.23,0.22,-0.56,0.80,1.13,1.04,-0.76,1.50,0.62,1.75,0.13,0.97,-0.43,-0.04,0.14,-0.57,0.22,-0.05,-0.10,0.29,0.72,0.11,-0.04,0.45,-0.33,-0.42,-1.36,-1.09,-0.04,-0.14,0.72,0.99,0.19,0.24,0.30,-0.10,0.23,0.72,0.39,0.43,0.24,0.13,-0.02,-2.50,3.28,-0.35,1.51,-0.37,-0.82,0.73,-0.09,-0.20,-0.12,0.27,-0.25
 "38000","North Dakota",4,SQGDP11,25,"311-316,322-326","     Nondurable goods manufacturing ","Percentage points",-0.55,-0.17,0.90,0.56,1.21,-0.60,0.88,-0.15,0.33,0.59,1.22,0.16,1.11,-0.61,-1.22,0.43,0.22,-0.47,0.01,-0.47,0.58,-1.15,-0.54,-0.93,0.81,0.43,0.94,-0.20,0.44,0.01,-0.08,0.69,0.08,0.34,-0.27,0.60,0.41,-0.03,-0.24,0.43,-0.83,-0.03,-0.36,0.45,-0.28,-0.01,0.18,-0.58,0.33,-0.42,-0.68,0.21,-0.51,-0.33,-0.08,0.53,0.24,0.16,-0.10,0.12,-0.38,0.63,0.08,0.72,-0.57,0.48,0.57,-0.51,-0.32,0.22,0.18,-0.09
 "38000","North Dakota",4,SQGDP11,34,"42","   Wholesale trade ","Percentage points",0.90,-0.54,0.96,-0.45,-0.31,0.04,-0.76,0.67,0.88,0.31,0.47,2.16,1.12,0.37,-0.55,-0.52,-1.62,0.86,1.56,0.69,2.00,2.01,0.37,1.20,0.80,2.04,4.87,0.21,3.00,-0.01,0.45,-0.09,0.91,0.96,0.90,-1.21,1.37,1.37,-0.06,-0.08,-1.11,-1.22,-1.48,-1.37,-1.01,-0.56,-1.20,1.06,-0.25,-0.21,-0.46,0.10,-0.35,0.44,-0.47,0.04,-0.47,0.14,-0.57,0.18,-2.67,2.16,-0.86,0.44,0.35,-0.25,0.80,-0.94,-1.20,0.26,0.02,0.22
 "38000","North Dakota",4,SQGDP11,35,"44-45","   Retail trade ","Percentage points",0.54,0.49,-0.61,0.18,0.86,-0.68,0.43,-0.57,-0.34,0.38,0.22,0.20,0.01,-0.13,0.04,0.41,0.17,0.31,0.63,0.44,0.24,0.12,0.08,1.39,-0.13,0.06,1.48,0.99,-0.05,0.58,0.18,0.98,0.09,0.16,0.27,0.32,0.31,0.54,-0.22,0.20,-0.12,0.14,-0.53,-0.69,-0.48,-0.25,0.09,-0.34,0.14,-0.07,-0.21,0.54,-0.29,0.09,-0.25,0.55,0.03,0.23,-0.02,-0.82,-1.19,1.51,-0.59,2.18,-2.25,-0.78,0.03,-0.02,0.27,0.39,0.35,0.67
 "38000","North Dakota",4,SQGDP11,36,"48-49","   Transportation and warehousing ","Percentage points",0.25,0.87,0.08,0.44,0.44,-0.04,0.01,-0.70,0.34,0.19,0.70,0.31,0.46,0.28,-0.58,-0.38,-0.19,-0.09,0.65,0.43,0.72,1.22,0.35,1.63,0.55,1.15,1.69,2.33,1.24,0.40,0.42,0.16,0.98,0.64,0.58,0.47,1.17,0.58,0.19,-2.25,-0.62,-1.33,-1.41,-2.37,-0.85,-0.10,0.06,0.29,0.52,0.21,-0.07,0.28,-0.25,0.14,-0.32,-0.32,0.17,0.29,0.34,-0.56,-4.55,2.32,-0.83,0.65,-1.34,0.72,-0.11,-0.10,-0.01,0.60,0.21,0.02
 "38000","North Dakota",4,SQGDP11,45,"51","   Information ","Percentage points",-0.11,-0.59,-0.38,0.35,0.52,0.64,1.39,-0.43,0.65,0.65,0.24,-0.49,0.73,0.15,-0.95,1.82,-0.69,-0.10,-0.16,1.01,-0.13,0.03,-0.03,-0.05,0.15,-0.27,-0.06,0.34,-0.19,-0.17,-0.42,0.72,-0.11,0.29,-0.19,0.15,0.43,0.14,0.04,-0.23,-0.02,0.01,0.19,1.21,-0.59,0.02,0.12,0.63,-0.02,0.09,0.30,0.27,-0.29,0.01,-0.07,0.23,0.14,0.22,0.18,-0.68,0.79,0.99,-0.78,0.00,0.26,-0.19,0.22,0.43,0.05,0.24,-0.02,0.05
 "38000","North Dakota",4,SQGDP11,51,"52","   Finance and insurance ","Percentage points",-0.12,-0.43,-0.13,0.04,0.76,0.66,-0.54,-0.72,0.83,0.38,-0.18,1.59,-0.05,-1.23,-2.22,5.54,0.19,0.35,-0.29,0.17,-0.25,0.08,-0.36,1.70,-0.63,0.52,0.84,1.77,-0.12,-0.28,-1.60,-1.13,-1.28,-0.20,0.89,1.52,1.71,0.48,0.03,0.22,0.08,-0.59,0.13,-0.67,0.42,0.07,0.44,-0.47,-0.20,0.61,-0.13,0.34,0.22,0.21,-0.63,0.42,-0.24,0.23,1.15,-1.24,1.25,0.65,0.86,0.72,-0.02,-0.34,0.05,-0.16,0.07,-0.32,-0.54,-0.25
 "38000","North Dakota",4,SQGDP11,56,"53","   Real estate and rental and leasing ","Percentage points",-2.17,-2.31,-1.07,2.05,0.03,0.83,1.13,1.87,1.32,0.94,-0.45,-0.23,-0.87,-1.09,-0.07,1.88,-0.72,0.67,0.18,2.32,0.94,-0.25,0.47,3.30,0.88,1.38,3.49,0.56,2.45,1.82,0.92,1.39,1.26,1.90,0.68,2.19,-0.03,0.38,0.66,-1.50,1.38,1.07,-0.25,-3.85,-0.61,-0.06,0.72,-1.44,0.97,-0.55,-1.42,1.62,-1.72,-0.99,-0.06,-1.77,0.57,0.57,0.02,-4.14,-1.53,-0.04,-1.39,2.47,-0.12,-0.22,0.11,0.08,0.01,0.20,-0.27,0.13
 "38000","North Dakota",4,SQGDP11,60,"54","   Professional, scientific, and technical services ","Percentage points",-0.32,0.05,0.18,1.00,-0.25,0.03,0.20,-0.09,0.36,0.43,0.51,0.06,0.54,0.47,0.06,-0.10,-0.35,-0.08,-0.08,1.28,-0.01,0.15,0.03,0.55,0.14,0.65,0.34,1.10,0.73,0.12,0.09,0.82,0.07,0.32,0.26,0.41,0.68,0.86,-0.06,-0.50,-0.54,-0.44,-0.15,-0.25,-0.31,-0.11,-0.27,0.14,0.17,-0.16,0.16,0.10,0.10,0.11,-0.08,0.21,0.01,0.32,-0.13,0.35,-1.08,0.03,-0.21,-0.19,0.52,0.34,0.31,-0.03,0.17,0.05,0.17,-0.04
 "38000","North Dakota",4,SQGDP11,64,"55","   Management of companies and enterprises ","Percentage points",-0.27,0.40,0.30,-0.24,0.17,-0.18,0.19,0.39,-0.30,0.18,-0.23,0.09,0.18,-0.10,0.07,-0.37,0.36,0.06,0.08,0.12,-0.04,-0.02,0.31,-0.46,0.71,-0.28,0.00,0.18,0.07,0.12,0.14,-0.10,0.17,0.36,-0.12,0.68,-0.48,0.12,-0.03,0.40,-0.27,0.15,-0.19,-0.35,0.25,0.17,0.13,-0.29,0.50,-0.10,0.11,-0.15,0.25,0.06,0.23,-0.53,-0.76,-0.04,0.20,0.10,0.12,-0.13,0.17,0.45,0.13,-0.04,-0.08,0.22,0.10,0.03,0.15,-0.04
 "38000","North Dakota",4,SQGDP11,65,"56","   Administrative and support and waste management and remediation services ","Percentage points",0.22,0.04,0.09,0.17,0.05,-0.03,0.14,-0.14,0.25,-0.02,0.19,0.07,-0.17,0.19,-0.18,0.06,-0.16,0.20,-0.14,0.13,0.25,-0.10,0.22,0.33,0.06,0.55,0.39,0.53,0.21,-0.28,0.05,0.23,0.10,0.15,0.03,0.34,0.14,0.15,0.02,-0.29,-0.13,-0.09,-0.19,-0.35,-0.05,0.07,0.17,0.15,0.04,0.00,-0.10,0.07,-0.01,0.04,0.01,-0.27,-0.02,0.04,-0.07,0.09,-0.91,0.56,-0.03,0.40,0.04,0.14,0.40,0.75,0.18,0.24,0.33,0.06
 "38000","North Dakota",4,SQGDP11,69,"61","   Educational services ","Percentage points",-0.06,0.02,0.13,-0.09,0.07,-0.06,0.05,-0.03,0.03,-0.02,-0.04,0.07,0.01,0.05,0.04,0.04,-0.01,0.03,-0.02,0.05,0.01,0.02,0.02,-0.02,-0.07,0.10,-0.03,0.00,0.00,0.01,0.03,-0.04,0.00,0.00,0.02,-0.01,0.03,0.01,0.02,-0.02,0.00,-0.02,0.02,0.01,0.02,-0.01,0.00,-0.10,0.01,-0.01,-0.02,0.05,-0.01,0.03,0.01,0.03,0.05,-0.01,-0.04,0.00,-0.26,0.16,-0.05,0.07,0.01,0.05,0.03,0.00,-0.03,0.01,0.01,-0.01
 "38000","North Dakota",4,SQGDP11,70,"62","   Health care and social assistance ","Percentage points",0.31,1.18,-0.21,0.11,1.18,-1.25,1.04,-0.77,0.44,-0.10,1.29,0.65,0.19,0.20,0.29,0.28,0.34,0.28,0.38,-0.03,0.62,0.21,0.78,-0.17,1.08,0.31,0.06,0.66,-0.19,0.88,-0.22,0.41,-0.07,0.44,0.38,0.14,0.22,0.50,-0.04,0.94,-0.09,0.86,-0.05,0.16,-0.18,0.42,0.51,-0.27,0.76,-0.35,0.38,0.26,-0.05,-0.30,0.85,0.38,1.14,0.16,-0.05,0.05,-3.77,4.52,0.98,-0.01,-0.43,-0.43,0.90,0.21,0.00,-0.06,0.00,0.51
 "38000","North Dakota",4,SQGDP11,76,"71","   Arts, entertainment, and recreation ","Percentage points",-0.05,-0.01,-0.01,-0.01,0.02,-0.02,0.01,-0.06,0.02,0.03,-0.02,-0.01,0.04,0.01,0.02,0.01,-0.01,0.09,-0.06,0.07,0.02,-0.01,0.04,-0.01,0.04,-0.05,0.05,-0.04,0.02,0.01,0.02,-0.03,-0.02,0.02,0.01,0.06,-0.02,0.03,-0.03,0.00,-0.03,0.03,-0.01,-0.03,0.03,-0.03,0.07,-0.07,0.04,0.05,0.00,0.22,0.05,0.00,0.00,0.00,0.00,0.02,0.11,-0.21,-0.59,0.36,0.01,0.26,-0.01,0.14,0.08,-0.04,-0.01,0.05,0.00,0.08
 "38000","North Dakota",4,SQGDP11,79,"72","   Accommodation and food services ","Percentage points",0.07,-0.02,0.21,0.70,0.20,0.22,0.20,1.17,0.17,-0.19,0.34,0.59,-0.05,-0.20,-0.70,-1.16,-0.58,0.20,-0.06,-0.19,0.43,0.09,0.00,0.13,0.22,0.23,0.56,1.00,0.38,0.09,0.29,-0.04,-0.07,0.15,0.15,-0.33,0.17,0.15,0.05,-0.46,-0.23,-0.27,-0.34,-0.45,-0.28,-0.25,0.02,0.02,-0.10,-0.06,-0.02,0.73,0.15,0.17,0.30,0.37,0.05,0.14,-0.41,-1.85,-2.28,2.54,-1.07,1.22,0.56,0.04,0.01,0.01,-0.07,-0.04,-0.06,0.20
 "38000","North Dakota",4,SQGDP11,82,"81","   Other services (except government and government enterprises) ","Percentage points",-0.09,-0.09,0.06,-0.03,-0.05,-0.04,0.01,-0.18,-0.03,-0.07,-0.02,-0.09,-0.11,-0.01,-0.08,-0.01,0.15,-0.13,-0.07,0.15,0.11,0.12,-0.05,0.08,-0.01,0.00,0.20,0.22,0.12,0.09,0.00,0.06,0.04,0.08,0.10,0.08,0.21,0.16,0.07,-0.03,-0.14,-0.15,-0.13,-0.13,-0.15,-0.07,0.06,0.03,0.19,-0.25,0.02,-0.07,0.01,0.17,0.01,-0.20,0.02,0.03,0.11,0.04,-1.15,0.87,-0.20,-0.13,0.04,0.15,-0.02,0.17,-0.09,0.02,-0.01,-0.07
 "38000","North Dakota",4,SQGDP11,83,"..."," Government and government enterprises ","Percentage points",-1.06,-1.07,1.33,0.18,0.54,-0.03,0.15,-0.58,-0.06,-0.73,-1.18,-1.77,-0.75,-0.17,0.55,2.27,2.05,1.47,0.43,2.33,-0.43,0.42,-0.70,1.15,-0.51,-0.67,1.27,-0.07,0.19,-0.57,-0.57,-0.91,-0.30,-0.15,-0.09,0.89,0.46,0.61,0.52,0.77,0.34,0.45,-0.34,1.03,-0.67,-0.18,0.80,-0.09,-0.12,0.04,0.36,-0.16,0.56,0.18,-0.21,0.04,0.44,0.00,0.27,-0.06,-2.00,1.35,0.40,0.51,-0.05,0.12,-0.35,-0.01,-0.03,0.20,0.20,0.07
 "38000","North Dakota",4,SQGDP11,84,"...","  Federal civilian ","Percentage points",0.06,0.03,-0.08,-0.12,-0.04,0.07,0.23,0.10,-0.27,-0.69,-1.29,-1.70,-0.90,-0.14,0.64,1.30,1.31,0.63,0.42,0.52,0.17,-0.16,-0.21,-0.23,-0.15,-0.07,0.11,0.12,-0.16,-0.41,-0.77,-0.97,-0.74,-0.44,-0.16,0.14,0.23,0.28,0.36,0.48,0.34,0.20,0.07,-0.08,-0.02,0.08,0.16,0.21,0.20,0.19,0.18,0.17,0.14,0.17,0.11,0.12,0.21,-0.01,-0.15,-0.22,-0.18,-0.11,-0.05,0.03,0.07,-0.10,-0.04,-0.05,-0.02,-0.04,-0.03,0.06
 "38000","North Dakota",4,SQGDP11,85,"...","  Military ","Percentage points",-0.04,-0.06,-0.01,-0.18,-0.04,0.01,-0.03,-0.21,-0.06,0.08,-0.01,0.04,-0.02,-0.09,-0.01,-0.02,0.03,0.17,0.10,0.15,0.03,-0.10,-0.16,-0.13,0.04,-0.01,0.10,0.11,0.03,0.01,-0.03,-0.01,-0.02,-0.01,-0.12,0.03,-0.09,-0.11,-0.09,-0.06,0.01,0.05,0.09,0.20,0.07,0.04,0.01,-0.16,0.01,0.05,0.01,-0.13,0.00,0.03,-0.05,0.05,0.13,0.01,0.04,0.00,0.21,0.08,0.05,0.21,0.07,-0.07,0.00,-0.10,-0.06,0.00,0.00,0.03
 "38000","North Dakota",4,SQGDP11,86,"...","  State and local ","Percentage points",-1.08,-1.04,1.42,0.48,0.62,-0.10,-0.04,-0.47,0.27,-0.12,0.12,-0.11,0.17,0.06,-0.08,0.99,0.72,0.67,-0.09,1.66,-0.64,0.69,-0.34,1.52,-0.40,-0.59,1.05,-0.30,0.31,-0.17,0.23,0.07,0.46,0.30,0.18,0.72,0.33,0.45,0.25,0.35,0.00,0.20,-0.50,0.91,-0.71,-0.29,0.63,-0.14,-0.34,-0.19,0.18,-0.19,0.42,-0.03,-0.27,-0.13,0.10,0.00,0.38,0.16,-2.04,1.37,0.39,0.26,-0.19,0.29,-0.31,0.15,0.04,0.25,0.22,-0.02
 "39000","Ohio",3,SQGDP11,1,"...","All industry total (percent change) ","Percent change",3.0,3.1,0.2,-2.4,0.8,-1.0,-1.3,2.0,0.0,0.9,-0.6,-0.4,1.0,-6.4,-15.8,-0.8,-5.3,0.7,2.8,2.0,4.8,5.6,2.8,1.4,3.2,2.9,7.0,-4.5,2.2,-0.6,-2.6,6.9,-0.3,3.8,4.1,0.1,7.0,5.3,0.3,-2.3,1.4,-1.3,3.0,-1.9,3.0,2.0,1.4,1.9,2.0,1.2,-0.5,-0.5,1.2,2.9,1.6,3.1,2.8,3.7,1.0,-6.0,-32.1,42.7,5.2,4.1,6.5,1.4,7.9,-1.7,-1.1,1.2,0.4,1.3
 "39000","Ohio",3,SQGDP11,2,"..."," Private industries ","Percentage points",2.21,3.67,-0.12,-1.69,0.57,-1.24,-0.32,0.93,0.75,0.74,-0.02,-1.47,1.15,-6.45,-15.08,-0.66,-4.92,0.55,2.36,1.32,4.73,5.55,2.79,2.17,3.41,2.75,7.00,-4.40,1.92,-0.35,-2.76,7.46,-0.47,4.52,4.47,0.01,6.62,5.90,0.36,-2.31,1.28,-1.25,3.14,-2.41,3.19,1.51,0.85,2.65,1.33,0.93,-0.15,-0.16,1.12,2.49,2.20,3.02,2.54,3.80,0.05,-5.76,-30.16,41.27,5.02,4.48,6.19,1.09,7.92,-1.51,-0.89,1.00,0.64,0.87
 "39000","Ohio",3,SQGDP11,3,"11","   Agriculture, forestry, fishing and hunting ","Percentage points",0.11,0.04,0.03,0.15,0.11,-0.19,-0.04,0.00,-0.23,-0.15,0.28,0.13,-0.18,-0.25,0.05,0.82,-0.10,0.29,-0.04,-0.56,0.12,-0.07,-0.06,0.59,-0.37,0.11,0.19,-0.79,0.29,-0.04,-0.22,1.18,0.11,-0.28,-0.38,0.02,0.23,-0.07,0.22,-0.99,0.18,0.32,0.19,-0.17,0.02,-0.05,-0.21,1.00,-0.42,-0.28,-0.21,0.32,0.28,0.24,0.50,-1.28,0.12,0.14,-0.24,1.47,-0.65,-0.26,-0.04,-0.02,0.48,0.22,-0.16,0.25,0.09,-0.12,-0.25,0.63
 "39000","Ohio",3,SQGDP11,6,"21","   Mining, quarrying, and oil and gas extraction ","Percentage points",0.05,-0.28,-0.01,0.20,-0.02,0.33,-0.23,0.19,0.05,-0.26,-0.07,-0.07,-0.13,0.14,0.71,0.24,-0.07,-0.20,-0.25,-0.45,0.32,0.06,-0.16,0.11,0.21,-0.31,-0.05,-0.18,0.13,-0.07,0.48,-0.05,0.28,0.47,0.31,-0.06,0.13,0.58,0.67,0.49,-0.03,0.34,0.15,0.17,-0.37,-0.14,-0.19,-0.22,0.06,0.02,-0.07,-0.13,0.06,-0.07,-0.11,0.33,0.16,0.20,0.30,0.70,-0.07,-0.06,-0.35,-0.35,-0.61,-0.24,-0.26,-0.23,-0.08,0.17,0.15,0.07
 "39000","Ohio",3,SQGDP11,10,"22","   Utilities ","Percentage points",-0.02,0.17,-0.21,-0.14,0.66,0.01,0.12,0.00,0.96,-0.26,0.09,0.16,0.30,0.00,-0.99,0.51,-0.29,0.25,0.13,-0.32,0.83,1.13,-1.17,-0.51,0.72,-0.01,0.96,-0.91,0.23,0.27,-0.39,0.24,-0.15,-0.27,-0.01,-0.17,-0.02,0.15,0.00,-0.63,0.74,-0.07,0.23,-0.24,0.21,0.34,-0.21,-0.17,0.07,-0.25,-0.12,0.14,0.01,-0.24,0.18,-0.49,0.44,-0.20,0.10,0.09,-0.05,-0.01,0.03,-0.39,0.34,-0.20,0.04,-0.16,0.06,-0.30,0.02,-0.03
 "39000","Ohio",3,SQGDP11,11,"23","   Construction ","Percentage points",-0.39,-0.52,-0.54,0.14,-0.77,-0.56,-0.74,0.01,0.41,-0.31,-0.45,-0.55,-0.11,0.07,-0.62,-0.47,-0.52,0.76,-1.21,-0.34,0.10,0.09,0.03,-0.08,0.46,0.44,0.30,0.23,0.14,-0.17,0.36,-0.07,-0.04,0.24,-0.06,-0.34,0.31,-0.09,0.32,-0.22,0.00,0.18,0.34,0.42,-0.36,-0.48,0.30,0.54,0.70,0.09,-0.35,-0.12,0.00,0.25,-0.21,0.26,-0.21,0.11,0.32,-0.08,-1.38,1.20,0.40,0.53,-0.39,-0.42,-0.33,0.25,-0.82,-0.75,-0.05,0.10
 "39000","Ohio",3,SQGDP11,12,"31-33","   Manufacturing ","Percentage points",-1.07,0.45,1.41,-0.51,0.50,0.08,0.02,-0.55,0.03,0.27,-0.69,-2.46,0.37,-2.20,-6.19,-7.75,0.22,0.40,3.19,0.18,1.28,1.31,1.42,1.62,0.00,1.34,1.44,-2.43,-0.59,-1.83,-1.46,2.98,-0.36,1.68,1.61,2.07,2.94,0.88,-0.29,-1.91,-1.40,-1.19,0.42,-0.67,1.75,0.31,-0.88,0.65,0.77,-0.13,0.78,-0.41,-0.15,-0.30,1.01,-0.59,1.11,0.72,-1.00,-1.66,-7.91,11.68,0.42,0.32,1.56,-0.71,2.04,-0.04,-1.26,-0.19,0.48,-0.79
 "39000","Ohio",3,SQGDP11,13,"321,327-339","     Durable goods manufacturing ","Percentage points",-0.61,0.70,1.14,-0.75,0.54,-0.03,-1.53,0.28,-0.27,0.44,-0.31,0.07,0.12,-1.85,-5.81,-8.07,-3.20,-1.08,1.39,2.14,2.82,2.49,1.15,0.93,0.36,0.93,1.74,-0.97,0.21,-0.63,-0.39,0.92,-0.12,0.19,0.64,-0.24,1.08,1.10,0.07,-1.02,0.16,-0.16,0.11,-0.64,0.44,0.31,0.16,0.33,0.34,0.43,0.14,-0.86,-0.62,-0.25,0.35,-0.03,0.55,-0.13,-0.10,-1.08,-5.87,7.57,0.90,0.23,1.41,-0.53,1.19,-0.25,-0.14,-0.17,0.70,-0.41
 "39000","Ohio",3,SQGDP11,25,"311-316,322-326","     Nondurable goods manufacturing ","Percentage points",-0.46,-0.25,0.28,0.25,-0.04,0.11,1.55,-0.83,0.30,-0.17,-0.38,-2.53,0.25,-0.35,-0.38,0.32,3.41,1.47,1.81,-1.95,-1.55,-1.18,0.27,0.69,-0.36,0.41,-0.31,-1.46,-0.80,-1.20,-1.08,2.06,-0.24,1.49,0.97,2.30,1.86,-0.23,-0.36,-0.89,-1.57,-1.03,0.31,-0.02,1.31,0.00,-1.04,0.31,0.43,-0.56,0.64,0.45,0.46,-0.05,0.66,-0.57,0.56,0.84,-0.90,-0.58,-2.04,4.11,-0.47,0.09,0.15,-0.18,0.85,0.21,-1.12,-0.02,-0.22,-0.37
 "39000","Ohio",3,SQGDP11,34,"42","   Wholesale trade ","Percentage points",0.20,0.14,0.51,0.21,0.01,-0.03,0.30,0.00,0.38,-0.02,0.21,0.33,0.13,-0.32,-1.38,-1.66,-1.20,-0.14,0.95,-0.21,0.94,0.77,-0.14,-0.71,0.07,-0.12,1.31,-0.74,0.60,0.00,-0.34,0.61,-0.20,0.44,0.55,-0.42,0.59,1.24,-0.31,0.23,0.19,-0.01,-0.06,-0.53,0.30,0.41,-0.15,0.16,0.13,-0.30,-0.09,0.43,-0.39,0.11,0.04,-0.08,-0.46,0.31,0.05,0.05,-1.67,2.85,0.13,0.26,0.42,-0.44,0.77,-0.64,-0.43,0.21,0.13,-0.16
 "39000","Ohio",3,SQGDP11,35,"44-45","   Retail trade ","Percentage points",0.73,0.39,-1.22,-0.97,0.14,-0.64,0.07,0.20,-1.05,-0.06,-0.20,-0.10,-0.32,-0.29,-0.50,-0.05,-0.11,-0.38,0.60,-0.52,0.54,0.11,0.10,0.08,0.09,-0.17,0.28,-0.35,-0.40,0.40,0.12,0.63,0.01,0.16,0.12,0.07,0.34,0.20,-0.13,0.38,0.51,0.26,-0.18,0.25,-0.06,0.18,0.24,0.32,0.26,0.29,0.02,-0.23,-0.28,0.28,-0.24,0.29,0.16,0.14,-0.05,-0.33,-1.51,2.85,-0.31,1.31,-1.28,-0.81,0.59,-0.87,0.04,0.41,0.40,0.44
 "39000","Ohio",3,SQGDP11,36,"48-49","   Transportation and warehousing ","Percentage points",0.27,0.74,0.22,-0.12,0.23,-0.07,-0.13,-0.19,0.04,-0.07,0.37,-0.16,-0.03,-0.30,-0.67,-0.51,-0.10,-0.20,0.12,-0.24,0.19,0.36,0.32,-0.15,0.18,0.04,0.17,-0.51,0.17,-0.16,-0.03,0.04,-0.12,0.11,0.06,0.29,-0.02,0.18,-0.16,0.98,0.10,0.13,0.23,-1.06,0.48,0.13,0.18,-0.09,0.05,0.07,0.07,0.69,-0.34,0.10,-0.01,0.17,-0.11,0.23,0.14,0.30,-1.94,2.53,0.10,0.47,-0.99,0.48,0.22,-0.85,0.09,0.32,0.15,0.14
 "39000","Ohio",3,SQGDP11,45,"51","   Information ","Percentage points",0.13,-0.03,-0.24,-0.39,0.25,0.24,-0.04,0.23,0.35,0.13,0.25,0.20,0.45,0.00,-0.33,2.20,-0.56,-0.07,0.17,2.29,-0.02,0.07,-0.21,1.27,0.33,0.03,0.33,-1.43,0.48,0.17,-0.33,-0.21,0.05,0.43,0.17,-2.92,0.36,0.19,0.42,-0.91,0.48,0.11,0.24,-0.37,0.19,0.15,-0.16,0.37,-0.25,0.12,0.08,0.05,0.62,-0.39,0.16,0.13,-0.05,0.16,0.11,-0.41,-0.08,0.58,-0.18,0.18,0.76,0.22,0.10,0.34,0.12,0.48,0.01,0.15
 "39000","Ohio",3,SQGDP11,51,"52","   Finance and insurance ","Percentage points",0.78,0.90,-0.48,0.05,-0.65,-0.37,-0.28,-0.30,-0.38,0.62,-1.21,1.52,0.12,-3.08,-4.16,8.59,0.43,-0.08,-1.47,-0.20,-1.80,0.26,0.81,-0.24,0.02,0.49,0.93,0.03,0.44,-0.02,-1.08,0.53,-0.29,0.28,1.00,1.46,1.23,0.36,0.31,0.67,0.73,-1.21,1.24,-1.21,1.39,0.64,0.55,0.25,-1.04,1.19,-1.49,-0.10,0.21,1.35,0.02,2.86,1.54,1.26,1.19,-3.51,0.67,1.50,3.86,0.40,2.79,1.20,1.64,0.44,0.46,-0.32,-0.56,-0.61
 "39000","Ohio",3,SQGDP11,56,"53","   Real estate and rental and leasing ","Percentage points",1.12,0.86,0.12,-1.30,0.03,0.53,1.07,0.67,0.87,1.01,0.23,-1.40,-0.55,-1.14,-0.40,0.01,-0.98,0.33,0.24,0.51,0.73,0.02,0.90,-0.87,1.08,0.23,0.98,-0.53,0.37,0.30,-0.43,0.61,0.07,0.51,0.17,-0.41,0.10,0.28,-0.53,0.03,-0.68,-0.13,0.06,0.32,0.32,0.18,-0.15,-0.03,0.19,-0.16,0.18,-0.11,0.23,-0.04,0.36,0.38,0.11,0.16,-0.61,-1.16,-1.30,0.86,-0.18,0.46,0.40,0.30,0.55,-0.01,-0.24,0.12,-0.44,-0.15
 "39000","Ohio",3,SQGDP11,60,"54","   Professional, scientific, and technical services ","Percentage points",-0.15,0.03,0.27,0.36,0.20,0.04,0.06,0.19,0.14,0.20,0.73,0.31,0.36,0.54,-0.09,-0.61,-0.81,-0.27,-0.14,0.47,0.16,0.41,0.09,0.77,0.11,0.21,0.07,-0.53,0.39,-0.15,-0.60,0.68,-0.31,0.15,0.24,-0.02,0.20,0.62,-0.11,-0.15,0.13,0.24,0.01,0.50,-0.04,-0.12,0.09,0.17,0.10,0.07,0.37,0.36,0.20,0.12,0.17,0.45,-0.04,0.24,-0.12,-0.05,-1.29,1.60,-0.27,0.87,0.71,0.60,0.50,0.26,0.10,0.31,0.29,0.27
 "39000","Ohio",3,SQGDP11,64,"55","   Management of companies and enterprises ","Percentage points",0.17,0.11,-0.28,0.31,-0.32,0.05,-0.22,-0.09,-0.59,-0.49,0.28,0.21,0.43,0.20,-0.40,-0.90,-0.18,0.29,0.00,0.20,0.25,0.44,0.28,-0.26,0.46,-0.04,-0.03,2.44,-0.49,0.72,0.20,-0.10,0.01,0.09,0.15,0.64,-0.27,0.69,-0.20,-0.49,0.28,-0.66,0.18,0.68,-0.71,0.22,0.34,0.06,0.46,-0.13,0.50,-0.58,0.14,0.68,0.21,0.46,-0.08,0.05,-0.16,0.53,-0.50,0.95,0.70,-0.42,0.38,-0.14,0.88,-0.66,0.25,0.11,0.26,-0.12
 "39000","Ohio",3,SQGDP11,65,"56","   Administrative and support and waste management and remediation services ","Percentage points",0.06,0.10,-0.04,-0.03,-0.07,-0.09,0.07,0.52,0.10,0.19,0.16,-0.03,-0.03,-0.08,-0.26,-0.65,-0.43,0.00,0.12,0.51,0.25,0.16,0.29,0.36,-0.21,0.18,0.07,0.55,0.06,-0.06,0.09,0.16,0.15,0.25,0.21,0.12,-0.05,-0.03,0.05,-0.12,-0.01,0.30,-0.49,-0.72,0.17,0.01,0.28,-0.08,0.17,0.11,0.17,-0.30,0.00,0.09,0.16,-0.09,-0.05,0.03,-0.08,-0.11,-1.48,1.77,0.47,0.68,-0.08,0.31,0.45,0.18,0.14,-0.05,-0.31,-0.08
 "39000","Ohio",3,SQGDP11,69,"61","   Educational services ","Percentage points",0.02,-0.07,0.10,0.12,0.02,0.00,-0.03,-0.03,0.00,0.01,0.02,0.07,0.05,0.11,0.05,0.16,-0.01,-0.01,-0.02,0.08,-0.01,0.03,0.03,0.00,-0.02,-0.03,-0.03,-0.06,0.03,-0.06,-0.05,-0.09,-0.05,0.01,0.03,-0.04,0.01,-0.01,-0.01,-0.06,-0.03,-0.02,0.04,0.09,-0.01,-0.10,-0.01,-0.06,-0.07,0.01,-0.04,0.02,-0.02,0.01,0.06,0.02,0.02,-0.04,-0.10,-0.06,-0.39,0.26,-0.14,0.12,0.09,0.05,-0.01,0.07,-0.07,0.00,0.03,-0.04
 "39000","Ohio",3,SQGDP11,70,"62","   Health care and social assistance ","Percentage points",0.26,0.50,0.31,0.67,0.59,-0.55,-0.21,-0.42,-0.09,0.22,0.26,0.60,0.43,0.48,0.51,-0.36,0.09,-0.25,0.19,-0.64,0.56,0.23,0.02,0.07,0.16,0.29,0.08,0.33,-0.11,0.13,0.66,0.10,0.27,0.10,0.00,-0.03,0.12,0.38,0.13,0.41,0.06,0.31,0.18,0.25,0.05,-0.26,0.37,0.01,0.27,0.12,0.01,0.20,0.02,0.35,-0.09,0.35,0.09,0.05,0.31,-0.19,-4.22,6.09,1.00,-1.32,0.44,0.00,0.61,0.24,0.23,0.45,0.32,0.75
 "39000","Ohio",3,SQGDP11,76,"71","   Arts, entertainment, and recreation ","Percentage points",-0.02,0.06,0.04,-0.32,-0.04,0.04,-0.03,0.24,-0.10,0.03,-0.18,0.17,-0.05,-0.19,-0.12,0.34,0.04,0.03,-0.03,0.31,0.09,0.04,0.27,-0.24,0.00,0.12,0.06,0.01,0.25,0.15,0.17,-0.12,0.22,0.10,0.13,-0.34,0.09,0.05,-0.08,-0.06,-0.12,-0.13,0.31,0.06,-0.06,0.04,0.30,-0.29,0.14,0.05,-0.11,-0.18,0.30,-0.05,-0.19,-0.19,-0.12,0.03,0.04,-0.42,-1.90,1.46,0.13,0.52,0.04,0.24,0.23,0.06,0.23,0.19,0.13,0.16
 "39000","Ohio",3,SQGDP11,79,"72","   Accommodation and food services ","Percentage points",-0.05,0.00,-0.05,-0.01,-0.22,-0.01,-0.01,0.21,-0.05,-0.14,-0.02,-0.23,-0.01,-0.04,-0.22,-0.29,-0.11,-0.10,-0.08,0.29,0.08,0.08,-0.01,0.26,0.10,0.02,-0.05,0.23,-0.02,0.03,0.15,0.40,-0.08,0.07,0.13,0.08,0.16,0.16,0.01,0.10,0.11,0.04,0.07,-0.13,-0.03,0.06,0.16,-0.01,-0.14,-0.03,-0.03,-0.22,0.11,0.06,0.17,0.08,-0.04,0.09,-0.13,-0.85,-2.99,3.99,-0.75,0.97,0.82,0.22,0.06,-0.04,0.18,-0.07,-0.18,0.09
 "39000","Ohio",3,SQGDP11,82,"81","   Other services (except government and government enterprises) ","Percentage points",0.02,0.08,-0.06,-0.11,-0.09,-0.08,-0.08,0.05,-0.11,-0.19,-0.09,-0.18,-0.10,-0.10,-0.06,-0.26,-0.23,-0.11,-0.11,-0.06,0.12,0.05,-0.01,0.09,0.00,-0.07,-0.01,0.24,-0.04,0.05,-0.06,-0.09,-0.03,-0.01,0.03,0.03,0.17,0.14,0.04,-0.08,0.04,-0.06,-0.02,-0.05,-0.04,0.00,0.04,0.07,-0.12,0.05,0.16,-0.01,0.10,-0.04,0.02,-0.04,-0.04,0.10,-0.03,-0.06,-1.49,1.43,0.00,-0.09,0.31,0.22,-0.01,-0.08,0.03,0.03,0.04,0.05
 "39000","Ohio",3,SQGDP11,83,"..."," Government and government enterprises ","Percentage points",0.76,-0.62,0.28,-0.70,0.22,0.20,-1.01,1.03,-0.77,0.21,-0.59,1.11,-0.13,0.08,-0.76,-0.10,-0.38,0.17,0.41,0.67,0.08,0.02,0.05,-0.72,-0.21,0.20,-0.04,-0.08,0.28,-0.23,0.12,-0.53,0.17,-0.73,-0.32,0.07,0.43,-0.57,-0.06,-0.03,0.09,-0.04,-0.10,0.48,-0.23,0.49,0.50,-0.71,0.67,0.24,-0.40,-0.37,0.09,0.43,-0.59,0.06,0.26,-0.05,0.91,-0.29,-1.95,1.41,0.21,-0.35,0.30,0.33,0.02,-0.20,-0.26,0.17,-0.24,0.47
 "39000","Ohio",3,SQGDP11,84,"...","  Federal civilian ","Percentage points",-0.07,-0.06,0.02,-0.03,0.02,-0.02,0.02,-0.01,0.03,0.06,-0.02,0.00,-0.01,-0.02,-0.07,0.01,0.08,-0.03,0.05,0.28,0.04,0.01,-0.03,-0.04,-0.07,-0.08,0.00,0.01,-0.01,-0.03,-0.05,-0.03,-0.08,-0.12,0.00,0.16,0.04,0.03,0.04,0.06,0.06,-0.01,0.03,0.05,0.02,0.05,0.03,0.05,0.05,0.05,0.01,0.03,0.02,0.01,-0.01,-0.10,0.14,0.06,0.01,0.06,0.05,0.36,-0.24,0.06,-0.05,0.00,-0.04,0.02,-0.02,-0.02,0.08,0.13
 "39000","Ohio",3,SQGDP11,85,"...","  Military ","Percentage points",-0.01,-0.02,0.00,-0.13,0.01,0.02,-0.01,-0.05,-0.01,0.00,0.02,0.09,0.04,0.03,0.03,0.06,0.01,0.04,-0.01,-0.02,0.00,0.00,0.01,-0.05,0.02,0.01,0.04,-0.03,0.00,0.01,-0.01,0.00,-0.02,0.00,-0.07,0.01,-0.03,-0.06,-0.06,-0.02,0.03,-0.01,-0.01,0.01,-0.02,-0.03,-0.03,-0.04,0.01,0.01,0.01,-0.04,0.02,0.02,0.00,0.02,0.06,0.04,0.04,0.01,0.09,0.03,0.02,0.10,0.03,-0.01,-0.01,0.18,-0.22,0.00,-0.02,0.02
 "39000","Ohio",3,SQGDP11,86,"...","  State and local ","Percentage points",0.84,-0.53,0.26,-0.54,0.19,0.20,-1.01,1.09,-0.79,0.15,-0.58,1.01,-0.16,0.07,-0.71,-0.17,-0.46,0.16,0.37,0.41,0.04,0.00,0.08,-0.63,-0.16,0.27,-0.09,-0.06,0.29,-0.22,0.17,-0.49,0.27,-0.61,-0.25,-0.10,0.41,-0.54,-0.04,-0.07,0.01,-0.03,-0.12,0.41,-0.23,0.47,0.50,-0.73,0.62,0.18,-0.42,-0.37,0.04,0.40,-0.58,0.13,0.06,-0.14,0.86,-0.36,-2.09,1.02,0.44,-0.51,0.32,0.34,0.07,-0.40,-0.02,0.20,-0.29,0.33
 "40000","Oklahoma",6,SQGDP11,1,"...","All industry total (percent change) ","Percent change",3.4,-1.4,-4.4,52.4,-14.2,-3.9,-0.3,6.2,7.3,7.2,0.2,-0.1,8.2,2.0,13.6,-10.4,-7.8,1.6,-7.3,-0.1,9.2,3.2,0.1,-4.1,10.4,9.7,9.7,4.0,3.9,-2.5,2.3,4.0,-2.1,1.0,9.3,2.6,9.7,16.7,6.1,2.6,-6.5,8.2,0.9,-6.7,-3.5,-2.1,-2.3,2.0,5.5,-0.4,-0.3,1.6,2.8,2.3,5.3,-1.3,0.5,6.1,-1.5,-5.7,-28.2,28.4,-6.2,4.5,-0.2,-6.2,5.3,-6.7,-1.6,5.5,4.3,2.5
 "40000","Oklahoma",6,SQGDP11,2,"..."," Private industries ","Percentage points",3.63,-0.93,-6.06,52.85,-14.97,-4.80,-0.99,6.32,6.56,6.93,0.14,-0.99,7.65,1.71,13.94,-10.98,-7.65,1.26,-7.45,-1.49,9.34,3.23,1.17,-5.12,11.15,9.48,9.84,5.38,3.85,-2.20,2.14,3.74,-2.19,1.80,9.51,2.27,9.68,16.84,5.90,2.18,-6.47,8.18,0.88,-6.95,-3.34,-2.07,-1.79,1.27,5.61,-1.10,-0.22,2.02,2.41,1.67,5.40,-0.79,0.15,5.97,-2.18,-6.57,-25.49,26.84,-5.64,4.92,-1.35,-6.61,4.95,-5.55,-1.69,5.31,4.27,1.95
 "40000","Oklahoma",6,SQGDP11,3,"11","   Agriculture, forestry, fishing and hunting ","Percentage points",0.02,-0.24,-0.17,-0.84,0.65,-0.55,-0.86,0.23,-0.67,-0.18,-0.75,1.17,-0.12,-0.17,0.89,-1.62,0.18,0.62,-0.26,1.14,0.22,-0.21,-0.25,0.47,-0.35,-0.14,0.05,1.29,-0.64,-0.45,0.54,-1.73,1.48,0.73,0.01,0.00,-0.16,1.43,0.34,-0.22,0.13,0.15,-0.94,0.49,-0.19,-0.14,-0.35,0.66,0.09,-0.25,0.07,0.86,-0.16,-0.92,-0.15,-0.49,0.16,0.63,1.13,0.24,-2.54,0.94,-0.17,1.44,-2.05,-0.75,-0.50,-0.22,-0.35,0.18,-0.04,0.71
 "40000","Oklahoma",6,SQGDP11,6,"21","   Mining, quarrying, and oil and gas extraction ","Percentage points",2.82,-1.49,-8.89,40.87,-19.02,-3.57,1.70,5.21,6.72,1.79,-3.36,-6.36,1.51,4.61,19.14,0.51,-3.02,0.91,-7.22,-0.56,2.92,-1.35,0.66,-1.16,0.65,8.28,-1.25,-0.29,2.26,0.49,-0.78,0.76,2.17,2.12,8.93,-1.83,4.52,7.34,7.02,6.37,-6.59,6.12,0.99,2.88,-4.44,-0.80,-1.91,2.80,1.93,-1.68,-0.48,-0.78,0.85,0.27,2.39,1.43,1.47,1.16,-2.23,-1.14,-1.92,-0.84,-1.90,-1.39,-5.09,-4.51,-0.37,-1.60,-0.70,2.66,1.86,-0.64
 "40000","Oklahoma",6,SQGDP11,10,"22","   Utilities ","Percentage points",0.33,0.43,-0.09,-0.23,0.60,0.38,-0.63,1.09,-0.89,0.24,1.01,-0.26,0.99,-0.19,-1.78,-0.21,-0.06,0.39,0.44,-0.28,0.53,1.19,0.32,-1.63,1.77,0.07,0.48,0.51,-0.23,-0.54,0.58,0.20,-0.80,-0.42,0.14,-0.14,-0.85,4.11,-2.98,-0.62,0.58,-0.28,0.59,-0.65,0.77,-0.13,-0.11,-0.89,0.36,0.52,-1.02,0.42,0.08,-0.30,-0.27,1.52,-0.39,-0.38,0.07,-0.84,0.73,-0.04,-0.39,-0.29,0.51,-0.14,-0.44,-0.31,0.46,-0.26,-0.03,0.10
 "40000","Oklahoma",6,SQGDP11,11,"23","   Construction ","Percentage points",0.10,-0.15,-0.05,0.65,-0.37,-0.24,-0.68,-0.21,0.45,0.19,-0.07,-0.22,0.43,0.47,-0.33,-0.38,0.13,0.55,-0.32,-0.21,1.04,0.19,0.72,-1.22,0.94,-0.12,0.16,0.23,0.24,-0.40,1.22,-0.69,0.11,-0.01,-0.24,-0.17,-0.45,-0.44,0.11,-0.04,-0.07,0.00,-0.30,-0.43,-0.23,-0.09,-0.19,-0.23,-0.27,0.01,0.05,0.10,-0.20,-0.01,0.28,0.23,-0.39,0.31,-0.44,-0.78,0.33,-0.22,0.17,-0.04,1.04,-0.60,-0.60,-0.60,-0.66,-0.60,-0.02,0.26
 "40000","Oklahoma",6,SQGDP11,12,"31-33","   Manufacturing ","Percentage points",-0.09,0.07,1.80,5.50,0.35,-0.13,-0.63,-2.66,0.26,1.93,2.42,2.92,3.61,-1.52,-1.58,-6.26,-1.93,-1.99,-0.63,-2.64,0.06,1.42,-0.11,-2.14,3.88,1.58,2.21,-0.45,0.36,-1.55,-0.50,-0.12,-0.95,-0.02,0.99,-0.84,2.23,1.21,0.05,-0.12,-1.28,-1.14,-0.95,-1.36,-1.19,-0.22,-0.15,1.94,1.09,0.48,0.07,2.34,0.55,0.01,1.38,-0.45,-0.01,0.96,-0.49,-3.69,-2.99,2.59,-0.16,-0.24,1.46,-0.65,0.80,-1.28,-0.75,0.22,0.59,-0.43
 "40000","Oklahoma",6,SQGDP11,13,"321,327-339","     Durable goods manufacturing ","Percentage points",0.48,0.51,1.07,0.86,0.45,-0.11,-0.17,0.36,0.47,1.28,0.55,1.01,0.71,-0.20,-1.65,-3.18,-2.51,-1.47,0.26,-0.29,1.21,1.45,0.39,0.17,1.36,0.26,0.56,-0.43,0.17,-0.45,0.78,0.16,-0.02,0.12,0.29,-0.39,0.57,0.71,-0.63,-0.52,-1.44,-0.58,-0.46,-0.35,-0.86,0.17,0.52,0.20,0.80,0.83,0.53,1.92,0.39,-0.20,0.70,-0.16,-0.64,-0.30,-0.58,-1.75,-1.40,0.65,0.17,-0.13,1.15,-0.23,-0.01,-0.59,-0.09,-0.04,0.49,-0.37
 "40000","Oklahoma",6,SQGDP11,25,"311-316,322-326","     Nondurable goods manufacturing ","Percentage points",-0.57,-0.43,0.73,4.64,-0.10,-0.03,-0.46,-3.02,-0.21,0.65,1.87,1.91,2.90,-1.32,0.08,-3.08,0.58,-0.52,-0.89,-2.36,-1.15,-0.03,-0.49,-2.32,2.52,1.31,1.65,-0.02,0.19,-1.10,-1.28,-0.29,-0.93,-0.14,0.70,-0.45,1.66,0.49,0.68,0.40,0.15,-0.56,-0.50,-1.01,-0.33,-0.39,-0.67,1.73,0.30,-0.35,-0.47,0.42,0.16,0.21,0.68,-0.29,0.63,1.26,0.10,-1.95,-1.60,1.94,-0.33,-0.11,0.31,-0.42,0.81,-0.69,-0.66,0.25,0.10,-0.06
 "40000","Oklahoma",6,SQGDP11,34,"42","   Wholesale trade ","Percentage points",0.37,0.36,0.26,1.05,-0.08,0.42,-0.15,0.11,0.40,0.07,0.93,-0.48,0.11,0.15,0.00,-2.77,-0.82,0.51,-0.38,-0.27,1.58,0.64,-0.26,0.89,0.33,-0.18,1.56,0.49,1.31,-0.33,0.06,0.10,-0.09,0.14,0.15,-0.53,0.92,0.68,-0.21,-0.52,-0.61,-0.02,-0.64,-0.90,0.20,-0.48,-0.70,-0.07,0.16,0.14,-0.06,-0.08,-0.17,0.21,0.28,-0.06,-0.70,0.32,-0.28,-0.46,-1.20,1.65,-0.74,0.05,0.94,-0.45,0.44,-0.19,-0.24,0.61,0.00,0.19
 "40000","Oklahoma",6,SQGDP11,35,"44-45","   Retail trade ","Percentage points",0.84,0.05,-0.02,1.04,0.73,-0.96,0.13,0.09,-0.72,0.07,0.09,-0.12,0.07,-0.26,-0.11,0.16,0.17,-0.37,0.53,0.13,0.70,0.20,-0.53,0.45,-0.13,-0.25,0.55,0.45,-0.26,0.50,0.20,0.39,-0.33,0.16,-0.25,0.07,0.25,0.13,-0.06,-0.42,0.51,0.37,-0.28,-0.31,0.20,-0.45,0.68,-0.72,0.24,0.28,0.01,0.44,-0.13,0.29,-0.08,0.48,0.08,0.26,0.03,0.03,-0.81,2.26,-0.80,1.00,-0.67,-0.90,0.14,-0.39,0.55,0.98,1.49,0.82
 "40000","Oklahoma",6,SQGDP11,36,"48-49","   Transportation and warehousing ","Percentage points",0.65,0.76,0.23,-0.41,0.99,-0.51,0.51,-0.32,0.65,-0.16,0.11,0.50,0.02,-0.25,-0.39,-1.99,0.19,0.29,0.43,-0.79,0.98,0.10,-0.04,1.39,0.36,-0.22,0.39,4.54,-0.65,-0.95,-1.87,6.42,-2.79,-1.32,0.37,2.54,1.52,1.37,0.34,-0.98,0.65,1.97,2.05,-4.15,1.90,0.78,0.20,-1.82,0.58,-0.37,0.39,-0.87,-0.01,0.81,0.44,-3.73,0.07,0.32,-0.12,2.26,-5.47,3.89,-0.04,-0.19,-0.54,1.04,0.59,-0.68,0.01,1.20,0.61,0.32
 "40000","Oklahoma",6,SQGDP11,45,"51","   Information ","Percentage points",0.69,0.00,-0.05,0.19,-0.07,0.21,-0.60,0.51,0.08,0.50,0.09,0.03,0.37,-0.11,-0.56,-0.86,0.33,0.19,0.25,-0.80,0.22,0.20,-0.27,-0.37,0.25,-0.21,0.58,-0.57,-0.06,-0.19,-0.28,1.37,-0.33,0.08,-0.12,0.50,0.00,-0.01,0.17,0.67,0.34,0.24,0.08,0.47,0.21,0.03,0.22,0.37,0.08,0.18,0.50,-0.54,0.97,-0.14,-0.08,0.07,-0.24,0.25,-0.68,0.87,-0.53,0.58,-0.45,0.73,0.70,-0.07,0.93,-0.48,-0.39,0.04,0.15,-0.15
 "40000","Oklahoma",6,SQGDP11,51,"52","   Finance and insurance ","Percentage points",0.45,-0.16,-0.05,0.33,-0.44,0.47,-0.11,-0.22,0.17,0.05,-0.39,0.22,-0.09,-1.53,-1.79,4.24,0.27,0.43,-0.82,0.18,-0.86,-0.12,0.01,0.19,0.03,0.38,0.63,0.16,0.26,0.06,-0.87,-0.61,-0.11,0.00,0.55,0.73,0.97,-0.19,0.15,-0.65,0.19,-0.63,0.11,0.20,0.29,-0.03,0.22,-0.03,-0.72,0.02,-0.19,-0.17,0.00,0.23,-0.83,0.40,-0.45,0.49,0.17,-1.13,0.66,0.77,0.35,1.14,0.23,0.16,0.26,0.23,0.26,0.13,-0.20,-0.30
 "40000","Oklahoma",6,SQGDP11,56,"53","   Real estate and rental and leasing ","Percentage points",-2.38,-1.51,-0.01,2.16,1.67,-0.35,0.58,3.13,-0.65,1.50,-0.47,-0.31,-0.29,-0.04,0.26,-0.57,-1.25,-0.44,0.36,2.10,1.02,0.11,0.04,0.21,0.87,0.14,1.88,-0.35,1.21,1.02,1.66,-1.86,-0.12,-0.38,-0.65,0.54,-0.46,0.67,0.42,-1.88,0.50,1.31,0.44,-2.25,-0.21,-0.24,-0.41,0.83,-0.25,-0.76,-0.61,0.93,-0.01,0.18,0.71,-0.90,0.79,0.87,0.26,-1.11,-0.85,1.10,-0.80,1.84,-0.36,-0.12,0.18,0.22,-0.09,0.21,-0.37,0.00
 "40000","Oklahoma",6,SQGDP11,60,"54","   Professional, scientific, and technical services ","Percentage points",-0.26,0.13,0.07,0.32,0.05,0.08,-0.18,0.44,0.20,0.33,0.49,0.06,0.48,0.21,0.09,-0.43,-0.59,-0.06,-0.12,0.46,0.10,0.41,0.05,-0.09,0.61,0.23,0.06,-0.05,0.50,-0.14,0.62,-0.25,-0.18,0.22,0.27,-0.12,0.25,0.17,0.12,0.04,-0.16,0.02,0.26,-0.40,-0.41,0.06,0.09,-0.29,0.59,0.15,0.02,0.43,0.00,0.09,0.43,0.70,-0.46,0.00,-0.01,-0.65,-0.36,0.46,0.04,-0.21,1.13,0.42,-0.02,-0.33,-0.26,-0.02,0.10,0.05
 "40000","Oklahoma",6,SQGDP11,64,"55","   Management of companies and enterprises ","Percentage points",-0.33,-0.22,0.33,0.50,-0.35,0.28,-0.32,-0.19,0.04,0.26,-0.10,0.53,-0.04,-0.15,-0.15,-0.37,0.49,0.17,-0.53,0.75,-0.09,-0.21,0.16,0.17,-0.07,-0.10,2.86,-2.16,-0.25,0.27,0.63,-0.21,-0.02,0.15,-0.66,0.84,0.00,-0.29,0.03,0.53,-0.07,-0.26,-0.12,-0.02,0.01,-0.03,0.31,-0.29,0.09,0.29,0.27,-0.89,0.75,0.12,0.39,-0.08,0.35,0.25,0.03,0.71,-0.50,-0.05,0.10,0.29,0.43,-0.08,0.51,-0.08,0.12,0.06,0.14,0.04
 "40000","Oklahoma",6,SQGDP11,65,"56","   Administrative and support and waste management and remediation services ","Percentage points",0.36,0.16,0.04,0.58,0.02,0.00,0.05,0.16,0.42,0.29,0.37,0.01,0.36,0.11,-0.05,-1.25,-0.65,-0.23,0.06,0.42,0.39,0.26,0.22,-0.46,0.65,0.05,-0.04,0.72,0.05,-0.01,0.22,-0.33,0.06,0.12,0.09,0.01,0.29,0.02,0.11,-0.31,-0.45,0.11,-0.21,-0.66,-0.03,-0.10,0.23,0.08,0.52,0.21,0.30,0.08,-0.07,0.28,0.17,-0.11,-0.05,0.09,-0.13,0.22,-1.37,0.97,0.05,0.62,0.24,0.31,0.74,0.21,0.23,-0.13,-0.05,0.07
 "40000","Oklahoma",6,SQGDP11,69,"61","   Educational services ","Percentage points",0.01,-0.03,0.04,-0.01,0.00,0.04,-0.09,0.06,-0.01,0.00,-0.01,0.02,0.03,0.04,0.04,0.07,0.01,0.02,0.02,-0.02,0.02,0.03,0.01,0.01,-0.01,-0.05,-0.02,0.08,0.00,-0.01,-0.01,-0.02,-0.03,0.02,0.04,0.00,0.01,0.02,0.04,-0.17,0.00,0.00,0.00,0.12,0.05,-0.04,-0.05,-0.03,-0.01,-0.02,0.01,0.04,0.02,0.01,0.05,0.02,-0.01,0.01,0.05,-0.20,-0.31,0.30,-0.01,-0.04,0.18,0.04,-0.10,-0.04,-0.07,0.05,0.05,0.01
 "40000","Oklahoma",6,SQGDP11,70,"62","   Health care and social assistance ","Percentage points",0.01,0.76,0.19,0.39,0.39,-0.20,0.32,-0.46,0.20,0.26,0.16,0.65,0.31,0.37,0.28,0.24,-0.08,0.07,0.27,-0.01,0.19,0.08,0.32,-0.26,0.65,0.31,-0.20,0.53,-0.37,0.04,0.35,0.29,-0.06,0.17,-0.11,0.25,0.30,0.28,0.09,0.74,-0.08,0.26,0.10,0.03,0.00,-0.18,0.15,-0.61,0.61,-0.35,0.11,0.26,-0.38,0.35,0.21,-0.06,0.46,0.05,0.24,-0.28,-2.86,5.62,-0.51,-0.95,0.13,-0.24,0.50,-0.11,-0.01,-0.06,0.00,0.45
 "40000","Oklahoma",6,SQGDP11,76,"71","   Arts, entertainment, and recreation ","Percentage points",0.03,0.04,-0.01,0.40,-0.12,0.01,0.23,-0.27,0.15,0.08,-0.34,0.00,0.09,0.09,0.20,0.35,-0.47,-0.04,0.00,0.38,-0.16,-0.08,0.11,-0.04,0.10,-0.11,-0.20,0.37,-0.02,0.06,-0.05,-0.02,-0.09,-0.03,0.05,0.26,0.09,0.00,0.08,-0.18,-0.02,0.00,-0.07,0.15,0.02,0.16,-0.16,-0.29,0.37,0.22,0.07,-0.34,0.17,0.20,-0.22,0.07,-0.21,0.00,0.14,-0.35,-0.67,0.28,0.13,0.53,-0.08,0.27,0.22,-0.37,0.05,0.18,0.08,0.10
 "40000","Oklahoma",6,SQGDP11,79,"72","   Accommodation and food services ","Percentage points",0.12,0.03,0.29,0.28,0.02,-0.14,-0.19,-0.25,-0.29,-0.14,-0.07,0.72,-0.01,-0.12,-0.39,0.69,-0.45,0.27,0.50,-1.36,0.34,0.20,0.05,-1.31,0.53,-0.02,0.21,-0.44,0.13,-0.12,0.38,0.17,-0.10,0.12,-0.04,0.15,0.15,0.17,0.02,0.08,-0.02,0.06,-0.11,-0.26,-0.11,-0.14,0.23,-0.18,0.08,-0.22,0.19,-0.17,0.07,-0.08,0.26,0.37,-0.26,0.25,-0.03,-0.05,-3.81,5.51,-0.45,0.94,0.11,-0.52,1.57,0.55,0.26,-0.16,-0.06,0.43
 "40000","Oklahoma",6,SQGDP11,82,"81","   Other services (except government and government enterprises) ","Percentage points",-0.09,0.08,0.01,0.08,0.02,-0.04,-0.07,-0.12,0.06,-0.16,0.01,-0.07,-0.17,-0.01,0.17,-0.52,-0.13,-0.03,-0.03,-0.10,0.15,0.16,-0.05,-0.22,0.10,-0.16,-0.07,0.32,-0.01,0.04,0.03,-0.12,-0.01,-0.04,0.01,0.02,0.10,0.17,0.04,-0.16,-0.02,-0.08,-0.11,0.10,-0.19,-0.04,-0.08,0.05,0.04,0.08,0.10,-0.05,0.09,0.08,0.04,-0.20,-0.05,0.16,0.08,-0.20,-1.02,1.05,-0.07,-0.31,0.35,0.19,0.10,-0.09,-0.11,0.02,-0.01,-0.08
 "40000","Oklahoma",6,SQGDP11,83,"..."," Government and government enterprises ","Percentage points",-0.26,-0.44,1.68,-0.48,0.73,0.86,0.67,-0.12,0.70,0.31,0.11,0.89,0.58,0.28,-0.31,0.59,-0.17,0.31,0.17,1.40,-0.17,-0.01,-1.07,0.99,-0.72,0.17,-0.13,-1.38,0.09,-0.29,0.18,0.23,0.06,-0.84,-0.25,0.29,0.01,-0.12,0.18,0.39,-0.01,0.01,-0.02,0.30,-0.16,-0.05,-0.47,0.72,-0.07,0.67,-0.04,-0.40,0.34,0.63,-0.06,-0.47,0.39,0.12,0.73,0.83,-2.66,1.56,-0.55,-0.47,1.13,0.40,0.32,-1.20,0.12,0.19,0.08,0.54
 "40000","Oklahoma",6,SQGDP11,84,"...","  Federal civilian ","Percentage points",-0.16,-0.16,0.07,-0.07,0.07,0.14,0.02,0.02,0.00,0.03,-0.12,-0.14,-0.03,-0.03,-0.01,0.13,0.22,0.07,0.20,0.25,0.27,-0.10,-0.11,0.08,-0.05,-0.11,0.08,-0.11,-0.09,-0.09,-0.11,-0.09,-0.17,-0.25,-0.04,0.31,0.07,0.07,0.02,0.12,0.11,0.07,0.10,0.14,0.12,0.14,0.11,0.13,0.00,0.06,0.01,0.03,0.08,0.08,-0.03,-0.12,0.24,0.08,0.07,0.08,0.14,0.12,-0.28,0.19,-0.06,0.01,-0.09,-0.02,0.05,-0.01,0.15,0.19
 "40000","Oklahoma",6,SQGDP11,85,"...","  Military ","Percentage points",-0.02,-0.04,0.07,0.01,0.16,0.21,-0.03,-0.09,-0.11,0.03,0.00,-0.01,0.13,0.14,0.00,0.02,-0.11,0.02,0.20,0.24,0.00,-0.11,-0.10,-0.13,-0.07,-0.06,-0.19,-0.04,0.00,-0.05,-0.02,-0.04,-0.10,-0.08,-0.23,-0.05,-0.05,-0.15,-0.04,0.03,-0.11,-0.06,0.02,0.18,0.09,0.03,0.02,0.02,0.02,-0.04,0.00,-0.05,0.01,-0.05,-0.05,-0.10,0.16,0.11,0.06,-0.06,0.09,0.03,0.02,0.28,0.06,-0.04,-0.01,-0.12,-0.04,0.12,-0.05,0.06
 "40000","Oklahoma",6,SQGDP11,86,"...","  State and local ","Percentage points",-0.09,-0.24,1.53,-0.42,0.50,0.51,0.68,-0.05,0.81,0.26,0.23,1.04,0.48,0.17,-0.30,0.45,-0.28,0.22,-0.23,0.91,-0.45,0.20,-0.87,1.04,-0.60,0.34,-0.02,-1.23,0.19,-0.14,0.31,0.36,0.33,-0.51,0.02,0.03,-0.01,-0.03,0.19,0.24,-0.01,-0.01,-0.14,-0.02,-0.37,-0.22,-0.60,0.58,-0.09,0.65,-0.05,-0.38,0.25,0.60,0.01,-0.24,-0.01,-0.07,0.60,0.80,-2.89,1.42,-0.29,-0.94,1.13,0.43,0.42,-1.05,0.11,0.07,-0.02,0.29
 "41000","Oregon",8,SQGDP11,1,"...","All industry total (percent change) ","Percent change",0.6,3.7,4.1,12.7,0.0,3.7,3.4,-6.1,5.3,7.2,6.0,1.5,4.6,-0.2,-11.5,-5.5,-6.3,-0.2,-0.8,11.2,-2.3,3.9,1.6,7.6,0.5,-2.7,7.7,0.4,-0.6,-1.1,-7.1,5.8,1.2,3.8,3.6,-1.6,7.1,6.2,2.0,7.8,2.5,6.3,0.8,9.5,1.9,1.4,5.1,2.6,5.2,3.7,6.4,5.2,3.0,5.1,1.2,0.7,1.3,3.7,4.3,-2.0,-28.5,31.8,3.5,7.5,5.1,1.2,11.5,-0.4,-1.6,4.1,5.6,3.8
 "41000","Oregon",8,SQGDP11,2,"..."," Private industries ","Percentage points",1.64,3.86,2.76,12.44,-0.85,3.71,3.36,-5.38,4.99,7.18,5.65,1.12,4.30,-0.44,-11.53,-5.78,-6.43,-0.10,0.35,10.14,-1.83,3.50,1.65,5.91,-0.20,-0.15,6.53,1.39,-0.13,-0.86,-6.46,6.01,1.10,4.07,3.58,-1.98,6.97,5.36,2.19,7.23,2.41,6.17,0.88,8.50,2.64,0.87,4.16,2.55,4.16,4.38,5.66,5.26,2.40,4.64,1.06,0.34,0.39,3.52,3.13,-1.68,-26.10,30.46,4.00,6.19,5.28,0.10,12.02,-1.10,-1.40,3.55,5.06,3.25
 "41000","Oregon",8,SQGDP11,3,"11","   Agriculture, forestry, fishing and hunting ","Percentage points",0.16,0.27,0.89,0.39,0.33,-0.40,0.14,-2.39,0.00,-0.27,0.06,-0.34,-0.08,0.43,0.26,0.67,-0.58,0.07,-0.62,-0.12,-0.17,-0.36,-0.34,-0.37,-0.02,0.28,0.81,-0.93,0.43,0.58,-0.24,-0.58,0.80,0.26,0.07,0.65,-0.40,-0.09,-0.26,1.85,-0.38,0.10,-0.40,1.25,-0.30,0.14,0.89,-1.75,0.17,0.14,-0.43,1.01,-0.25,0.59,-0.20,-0.23,0.07,-0.60,-0.32,-0.21,1.45,-0.28,-0.03,-1.06,-0.66,0.63,1.11,-1.37,-0.99,0.25,0.88,0.79
 "41000","Oregon",8,SQGDP11,6,"21","   Mining, quarrying, and oil and gas extraction ","Percentage points",-0.01,-0.11,-0.01,0.01,0.00,-0.01,0.12,0.07,0.02,-0.05,-0.12,-0.11,-0.11,-0.09,0.05,0.02,-0.05,-0.02,-0.10,-0.06,-0.02,-0.04,-0.02,-0.04,0.00,0.02,-0.02,-0.08,0.01,-0.01,-0.01,0.02,-0.01,0.02,0.06,-0.01,-0.01,-0.02,-0.01,0.01,-0.03,0.05,0.04,0.10,-0.03,0.01,-0.03,0.00,0.04,0.02,0.02,-0.02,0.01,0.00,0.00,-0.02,-0.03,-0.01,0.01,0.08,0.00,0.00,-0.04,0.05,0.01,0.05,0.04,-0.07,-0.02,0.02,0.01,0.00
 "41000","Oregon",8,SQGDP11,10,"22","   Utilities ","Percentage points",0.47,0.03,-0.78,-0.02,0.29,0.54,1.19,-1.71,0.13,0.61,-0.38,1.96,-0.74,-0.31,-0.38,-0.27,-0.02,0.37,0.09,1.83,-0.60,-0.23,-0.41,1.72,0.37,-0.07,0.52,-1.07,0.81,-0.46,-0.27,-0.16,0.10,-0.23,0.03,-1.12,0.32,0.35,0.40,-1.56,0.74,0.10,0.04,0.33,0.19,0.02,-0.12,0.09,-0.13,0.00,0.10,-0.53,0.11,-0.01,-0.13,0.29,0.16,-0.09,0.20,0.31,-0.04,0.02,-0.08,-0.06,0.08,-0.17,0.01,0.08,0.03,-0.29,0.07,0.00
 "41000","Oregon",8,SQGDP11,11,"23","   Construction ","Percentage points",-0.30,0.34,0.05,1.04,0.19,0.04,-0.29,-0.25,0.84,0.34,-0.70,-1.22,-0.12,-0.37,-1.58,-1.45,-0.93,-0.39,-0.96,-0.36,-0.75,-0.19,-0.09,-0.09,-0.01,-0.11,0.80,0.91,-0.06,-0.01,-0.40,0.28,0.47,0.12,0.37,0.07,0.02,-0.21,-0.13,0.54,-0.26,0.32,0.25,1.12,0.04,0.03,0.08,0.51,0.37,0.49,0.74,0.44,-0.22,0.28,0.11,0.28,-0.16,0.15,0.07,0.28,-1.05,0.60,0.91,0.43,-0.32,-0.49,-0.52,0.35,-0.72,-0.71,-0.07,0.24
 "41000","Oregon",8,SQGDP11,12,"31-33","   Manufacturing ","Percentage points",-1.08,1.00,2.27,5.43,-0.85,1.74,-0.02,-1.69,2.10,2.54,4.06,-0.37,1.78,1.12,-3.12,-2.35,-1.16,1.70,0.47,4.63,-1.65,0.52,1.23,6.69,-1.72,-0.25,1.25,-0.28,-2.07,-2.22,-1.06,2.50,0.81,1.13,0.46,-2.84,2.11,1.90,0.74,1.89,-0.57,0.29,-0.34,0.45,2.93,-1.85,0.20,0.27,-0.04,0.94,3.25,0.46,1.05,0.49,-0.79,-1.84,-0.21,1.19,1.64,0.47,-2.59,5.50,-2.37,1.01,-1.19,-1.29,2.38,0.38,-2.16,0.06,0.83,-0.87
 "41000","Oregon",8,SQGDP11,13,"321,327-339","     Durable goods manufacturing ","Percentage points",-1.33,0.96,1.96,4.94,-0.83,1.69,-0.14,-1.62,2.29,2.77,4.11,0.84,1.52,1.59,-2.97,-2.84,-2.08,1.11,0.63,5.26,-0.50,1.04,1.00,6.73,-1.92,-0.22,1.33,0.23,-1.76,-1.76,-0.99,1.43,0.50,0.75,0.59,-2.62,1.70,2.00,0.56,1.42,-0.73,-0.12,0.65,0.31,2.75,-1.70,0.22,-0.20,-0.21,1.03,2.49,0.37,0.69,0.75,-0.52,-1.83,-0.38,0.85,1.64,0.32,-1.98,4.30,-2.13,0.82,-1.42,-1.37,2.07,0.81,-1.75,0.01,0.69,-0.62
 "41000","Oregon",8,SQGDP11,25,"311-316,322-326","     Nondurable goods manufacturing ","Percentage points",0.25,0.04,0.30,0.49,-0.02,0.05,0.12,-0.07,-0.19,-0.23,-0.04,-1.21,0.26,-0.47,-0.15,0.49,0.92,0.59,-0.15,-0.63,-1.15,-0.52,0.23,-0.04,0.20,-0.03,-0.07,-0.50,-0.31,-0.47,-0.06,1.07,0.32,0.38,-0.13,-0.22,0.42,-0.10,0.18,0.47,0.15,0.40,-0.99,0.14,0.18,-0.14,-0.02,0.47,0.17,-0.09,0.76,0.09,0.35,-0.26,-0.27,-0.01,0.17,0.34,-0.01,0.15,-0.61,1.20,-0.24,0.20,0.23,0.09,0.31,-0.43,-0.41,0.05,0.14,-0.25
 "41000","Oregon",8,SQGDP11,34,"42","   Wholesale trade ","Percentage points",0.40,0.59,0.37,-0.14,-0.32,0.44,0.77,0.15,0.25,0.16,-0.49,0.80,0.21,-1.04,-1.33,-1.75,-1.05,-0.32,0.95,0.02,0.35,1.15,-0.28,-1.20,-0.51,1.73,0.30,-0.71,1.17,0.72,-1.89,-2.61,-0.12,-0.55,0.86,-0.17,0.36,0.18,0.07,0.56,0.13,0.39,-0.06,0.00,0.14,0.18,0.50,-0.02,-0.18,0.25,-0.01,0.37,-0.19,0.09,0.11,0.09,-0.28,0.32,-0.18,0.48,-1.29,2.40,-0.19,0.98,-0.09,-0.54,0.88,-0.48,-0.31,0.39,0.34,-0.13
 "41000","Oregon",8,SQGDP11,35,"44-45","   Retail trade ","Percentage points",0.55,0.55,-0.56,1.03,-0.08,-0.24,0.28,-0.27,-0.67,0.34,-0.16,-0.52,-0.36,-0.37,-0.73,-0.18,-0.11,-0.27,0.54,0.05,0.12,-0.06,0.05,-0.17,-0.24,-0.44,0.28,0.36,-0.38,0.63,-0.07,0.64,-0.14,-0.10,0.19,0.04,0.33,0.22,-0.18,0.80,0.38,0.10,-0.05,0.94,-0.02,0.20,-0.03,0.74,0.12,0.81,0.04,0.49,-0.17,0.44,-0.21,0.19,0.12,0.37,0.37,-0.77,-1.53,2.43,0.10,0.99,-0.93,-0.60,0.45,-0.02,0.13,0.65,0.90,0.41
 "41000","Oregon",8,SQGDP11,36,"48-49","   Transportation and warehousing ","Percentage points",0.31,0.55,0.00,0.26,-0.45,0.02,-0.04,-0.32,0.23,0.10,0.32,-0.50,0.17,-0.27,-0.56,-0.62,0.12,0.02,0.15,-0.08,0.28,0.50,0.02,-0.45,-0.01,-0.11,0.23,0.21,0.01,0.02,0.06,-0.06,-0.19,0.03,0.02,0.22,0.10,0.17,-0.02,-0.18,0.22,0.19,0.05,-0.02,0.31,-0.11,0.16,0.35,0.09,0.16,-0.15,0.25,-0.05,0.17,0.20,-0.15,0.05,0.20,-0.03,-0.45,-1.85,1.63,0.21,0.39,-0.35,0.39,0.09,-0.61,0.00,0.22,0.11,0.09
 "41000","Oregon",8,SQGDP11,45,"51","   Information ","Percentage points",0.53,0.04,-0.31,0.75,-0.29,1.03,-0.04,0.20,1.14,0.38,0.23,0.15,0.36,0.32,-0.66,0.13,-0.38,-0.08,0.21,0.37,-0.26,0.99,0.04,-0.49,0.95,-0.62,-0.26,-0.04,0.09,-0.13,0.15,0.63,-0.24,0.33,-0.12,0.23,0.45,-0.65,0.89,0.46,0.07,0.63,0.68,-0.47,0.32,0.34,-0.15,1.38,0.34,0.06,0.06,0.68,-0.01,1.08,0.64,-0.93,0.49,-0.04,0.33,0.55,-0.45,1.05,0.27,0.83,1.21,0.35,0.83,1.36,-0.05,0.57,0.31,0.35
 "41000","Oregon",8,SQGDP11,51,"52","   Finance and insurance ","Percentage points",0.20,0.43,-0.06,0.42,0.06,0.56,-0.18,-0.37,0.48,0.14,-0.38,-0.32,-0.13,-1.46,-2.12,4.97,1.13,-0.17,-0.73,-0.20,-0.99,-0.15,0.55,0.08,-0.20,0.45,0.68,0.48,-0.22,0.11,-1.41,-0.50,-0.78,-0.12,0.61,1.00,1.13,0.30,-0.19,0.16,0.62,-0.22,0.85,0.49,-0.57,0.60,0.38,-1.00,-0.64,0.13,-0.14,0.30,0.32,0.17,-0.66,1.29,-0.77,0.34,0.13,-1.47,0.71,0.52,0.54,0.29,1.41,-0.80,0.23,-0.50,0.13,-0.27,-0.43,-0.24
 "41000","Oregon",8,SQGDP11,56,"53","   Real estate and rental and leasing ","Percentage points",0.79,-0.84,0.67,0.10,-0.23,-0.12,0.50,1.34,0.55,1.80,1.72,2.26,1.66,0.27,-0.54,-1.32,-2.07,-0.35,0.40,2.10,1.57,0.42,0.54,-1.21,0.31,-0.79,0.46,-0.70,-0.02,0.19,-0.77,1.31,0.18,0.72,0.02,-0.43,0.19,0.56,-0.26,0.40,0.75,0.57,0.43,0.84,0.92,0.46,0.77,1.10,0.67,0.53,0.87,0.50,0.12,0.57,0.36,0.74,0.27,0.39,-0.50,-0.53,-2.28,1.51,-0.62,1.62,0.31,0.81,1.32,0.50,0.90,0.87,0.04,0.97
 "41000","Oregon",8,SQGDP11,60,"54","   Professional, scientific, and technical services ","Percentage points",-0.25,0.02,0.20,0.12,0.26,0.15,0.48,-0.14,-0.05,0.75,0.61,0.37,0.30,0.66,-0.29,-0.62,-0.65,-0.35,-0.05,0.69,-0.04,0.62,0.20,0.34,0.30,0.09,0.43,0.48,0.21,0.19,-0.79,0.84,-0.11,0.53,0.46,-0.03,0.43,0.73,0.24,0.17,0.47,0.32,0.28,1.03,-0.18,0.38,0.17,0.44,1.35,-0.47,0.26,0.98,0.46,0.58,0.50,-0.34,0.27,0.43,0.13,-0.42,-1.47,1.56,0.25,0.13,1.45,0.71,1.10,-0.33,0.19,0.54,0.25,-0.06
 "41000","Oregon",8,SQGDP11,64,"55","   Management of companies and enterprises ","Percentage points",-0.19,-0.15,-0.65,1.13,-0.44,0.08,-0.02,0.10,-0.20,-0.13,0.39,-0.10,0.22,0.14,-0.50,-0.43,0.02,-0.20,-0.02,0.24,-0.04,0.03,0.02,0.19,-0.31,0.02,0.29,0.52,-0.02,-0.84,0.40,3.44,0.45,1.68,0.16,-0.68,0.82,0.57,0.41,-0.30,0.20,2.56,-1.09,1.03,-1.22,-0.31,0.08,0.33,0.68,0.90,0.28,-0.27,0.46,-0.28,0.40,1.12,-0.15,-0.20,0.80,0.45,0.22,-1.70,4.29,-1.08,1.38,-0.61,1.15,-2.13,0.31,0.15,0.43,-0.07
 "41000","Oregon",8,SQGDP11,65,"56","   Administrative and support and waste management and remediation services ","Percentage points",0.09,0.16,-0.03,0.44,-0.09,0.14,0.23,-0.05,0.28,0.15,0.13,-0.18,0.10,0.02,-0.58,-0.23,-0.52,-0.08,0.22,0.21,0.09,0.21,0.08,-0.13,-0.01,0.08,-0.02,0.66,-0.10,-0.06,0.00,0.10,0.10,0.20,-0.16,0.32,0.20,0.05,0.26,0.08,-0.08,0.09,0.04,0.02,-0.09,0.13,0.27,0.02,0.33,0.31,-0.01,0.21,0.02,0.11,0.19,-0.08,0.04,0.24,0.22,0.11,-1.58,1.10,0.40,0.58,0.18,0.45,0.78,0.92,0.08,-0.01,0.29,0.16
 "41000","Oregon",8,SQGDP11,69,"61","   Educational services ","Percentage points",-0.06,0.03,0.09,0.07,0.03,-0.01,0.00,-0.06,-0.04,-0.01,0.11,0.05,0.07,0.14,0.07,0.11,0.00,0.03,-0.02,0.11,-0.01,0.02,0.00,0.05,-0.04,0.01,0.00,0.21,0.05,-0.06,-0.04,-0.02,-0.03,-0.05,0.10,-0.18,0.05,0.02,-0.02,-0.06,-0.02,0.03,0.01,0.09,-0.03,-0.05,0.03,-0.20,-0.01,-0.01,-0.01,0.06,0.02,-0.03,0.07,-0.03,0.02,0.08,-0.10,-0.03,-0.41,0.08,-0.08,0.07,0.10,0.08,0.03,0.07,-0.02,0.05,0.12,0.00
 "41000","Oregon",8,SQGDP11,70,"62","   Health care and social assistance ","Percentage points",0.02,0.89,0.26,1.15,0.55,-0.23,0.32,-0.17,0.10,0.34,0.54,0.34,0.87,0.76,0.86,-1.77,0.13,0.13,0.06,0.19,0.06,-0.36,0.51,-0.33,0.90,-0.05,0.31,0.40,-0.10,0.47,-0.11,0.41,-0.03,0.05,0.30,0.15,0.28,0.73,0.23,1.50,0.17,0.49,0.25,0.51,0.20,0.74,0.33,0.04,0.69,-0.24,0.49,0.02,0.34,0.24,0.22,0.26,0.40,0.40,0.64,-0.02,-4.31,6.28,0.53,-0.35,0.01,-0.14,0.68,-0.21,0.42,0.34,0.31,0.74
 "41000","Oregon",8,SQGDP11,76,"71","   Arts, entertainment, and recreation ","Percentage points",0.04,-0.04,0.07,-0.03,0.14,-0.04,-0.06,0.15,-0.05,0.17,-0.10,-0.55,0.20,-0.20,0.11,-0.04,-0.02,-0.11,-0.04,0.08,0.13,0.32,-0.45,0.92,0.04,-0.28,0.29,0.31,-0.05,0.05,-0.08,-0.02,0.09,0.00,0.05,0.06,0.09,0.08,-0.09,0.02,-0.02,0.11,-0.07,0.18,-0.01,-0.06,0.32,-0.04,0.05,0.06,0.01,-0.04,0.22,0.10,-0.08,-0.13,0.12,0.10,-0.08,-0.17,-1.84,0.56,0.36,0.45,0.29,0.50,0.40,0.00,0.12,0.29,0.20,0.21
 "41000","Oregon",8,SQGDP11,79,"72","   Accommodation and food services ","Percentage points",-0.02,0.07,0.22,0.16,0.02,0.08,0.01,0.13,-0.01,-0.12,-0.05,-0.34,-0.01,-0.08,-0.28,-0.41,-0.01,0.00,-0.09,0.48,0.05,0.02,0.03,0.47,0.10,-0.01,0.07,0.42,0.04,0.04,0.05,-0.16,-0.17,0.02,0.08,0.73,0.28,0.30,0.05,0.81,0.00,0.11,0.02,0.37,-0.01,0.01,0.28,0.39,0.19,0.22,0.09,0.18,0.17,0.01,0.31,-0.05,-0.16,0.06,-0.22,0.01,-6.61,6.03,-0.59,0.97,1.97,0.64,1.16,0.82,0.53,0.31,0.46,0.61
 "41000","Oregon",8,SQGDP11,82,"81","   Other services (except government and government enterprises) ","Percentage points",-0.02,0.03,0.07,0.12,0.03,-0.05,-0.01,-0.09,-0.11,-0.08,-0.14,-0.27,-0.10,-0.11,-0.22,-0.24,-0.27,-0.09,-0.14,-0.04,0.06,0.10,-0.04,-0.07,-0.09,-0.11,0.12,0.22,0.07,-0.06,0.01,-0.07,-0.07,0.03,0.03,0.02,0.22,0.18,0.06,0.09,0.01,-0.04,-0.05,0.22,0.06,0.00,0.03,-0.08,0.06,0.09,0.19,0.16,-0.02,0.04,0.02,-0.13,0.15,0.21,0.01,-0.36,-1.21,1.19,0.15,-0.04,0.42,0.12,-0.09,0.14,0.02,0.12,0.01,0.04
 "41000","Oregon",8,SQGDP11,83,"..."," Government and government enterprises ","Percentage points",-1.03,-0.13,1.37,0.22,0.88,-0.02,0.05,-0.75,0.30,0.01,0.33,0.38,0.30,0.25,0.00,0.29,0.11,-0.12,-1.18,1.11,-0.45,0.37,-0.02,1.71,0.72,-2.59,1.12,-0.98,-0.49,-0.29,-0.66,-0.16,0.06,-0.26,0.00,0.36,0.16,0.82,-0.20,0.55,0.13,0.11,-0.05,1.05,-0.73,0.54,0.96,0.08,1.08,-0.64,0.75,-0.02,0.57,0.49,0.14,0.36,0.89,0.13,1.20,-0.33,-2.44,1.35,-0.50,1.30,-0.18,1.06,-0.50,0.73,-0.15,0.56,0.59,0.55
 "41000","Oregon",8,SQGDP11,84,"...","  Federal civilian ","Percentage points",-0.15,0.00,0.30,0.35,0.29,0.08,-0.02,-0.22,-0.15,-0.07,-0.08,-0.02,-0.06,0.03,0.02,0.14,0.27,-0.04,0.06,0.22,0.37,0.16,0.09,0.22,0.04,-0.21,-0.24,-0.40,-0.27,-0.19,-0.10,0.03,-0.09,-0.09,0.09,0.17,0.07,0.11,0.05,0.03,0.08,-0.03,0.06,0.13,0.04,0.01,0.01,0.05,-0.01,0.03,0.00,-0.01,-0.02,-0.02,-0.02,-0.12,0.13,0.03,-0.06,0.03,0.01,0.34,-0.10,0.01,0.05,-0.19,-0.08,-0.02,0.00,-0.06,0.08,0.05
 "41000","Oregon",8,SQGDP11,85,"...","  Military ","Percentage points",0.02,0.02,0.00,-0.12,0.01,0.00,-0.01,-0.01,-0.02,0.03,-0.01,0.04,0.01,0.04,0.03,0.07,0.03,0.01,-0.01,-0.04,-0.01,-0.03,-0.01,-0.04,-0.02,-0.01,0.00,-0.06,-0.01,0.00,-0.02,-0.01,-0.01,-0.01,-0.04,-0.05,0.00,-0.01,0.01,-0.05,0.01,0.02,0.02,-0.01,0.02,0.01,0.00,-0.05,0.01,0.01,-0.01,-0.04,0.00,0.00,0.00,0.01,0.03,0.00,0.00,-0.01,0.03,-0.01,0.00,0.03,0.01,0.00,0.00,0.21,-0.15,-0.04,-0.01,0.00
 "41000","Oregon",8,SQGDP11,86,"...","  State and local ","Percentage points",-0.90,-0.15,1.08,-0.01,0.59,-0.11,0.09,-0.52,0.47,0.06,0.42,0.37,0.35,0.18,-0.05,0.08,-0.19,-0.09,-1.23,0.93,-0.81,0.24,-0.09,1.53,0.70,-2.37,1.37,-0.51,-0.21,-0.10,-0.54,-0.17,0.16,-0.17,-0.05,0.24,0.09,0.72,-0.25,0.57,0.04,0.12,-0.13,0.93,-0.79,0.52,0.95,0.09,1.07,-0.67,0.76,0.03,0.59,0.50,0.15,0.47,0.73,0.09,1.26,-0.34,-2.48,1.02,-0.41,1.26,-0.24,1.25,-0.42,0.55,-0.01,0.67,0.51,0.50
 "42000","Pennsylvania",2,SQGDP11,1,"...","All industry total (percent change) ","Percent change",3.3,3.8,1.2,-5.6,2.8,2.6,1.8,2.5,3.5,7.1,5.9,-0.5,6.1,-4.2,-9.0,-7.2,-0.7,1.6,9.6,-3.4,5.7,5.3,2.3,-5.5,5.0,2.2,5.0,0.2,1.7,0.7,-3.8,4.6,1.8,1.1,2.7,-1.3,5.4,4.6,1.6,2.4,0.4,-0.2,1.3,0.7,0.6,3.1,-0.5,-0.7,1.5,4.0,0.5,0.1,1.3,2.5,0.6,0.8,2.6,2.8,0.3,-5.9,-36.0,39.2,3.7,3.5,4.6,1.3,8.4,-1.1,-0.9,3.2,3.2,1.9
 "42000","Pennsylvania",2,SQGDP11,2,"..."," Private industries ","Percentage points",2.67,2.98,1.74,-5.25,2.56,2.77,1.70,2.61,3.17,6.83,6.03,-0.46,5.79,-4.18,-8.77,-6.69,-0.82,1.84,8.34,-1.84,5.24,5.19,1.59,-3.47,4.23,2.09,5.90,0.57,1.88,0.53,-3.50,4.02,1.73,1.60,2.68,-1.06,5.45,4.78,1.82,2.52,0.41,-0.30,0.68,1.74,-0.14,2.07,0.34,-0.25,1.53,3.73,0.63,0.52,1.12,2.22,0.88,1.00,2.30,2.98,0.05,-5.35,-34.69,38.81,2.91,4.35,4.41,0.91,7.82,0.01,-0.86,3.11,2.97,1.76
 "42000","Pennsylvania",2,SQGDP11,3,"11","   Agriculture, forestry, fishing and hunting ","Percentage points",0.14,0.20,0.25,-0.23,0.15,-0.20,-0.13,-0.09,-0.08,-0.11,-0.18,0.05,-0.11,0.03,0.39,-0.24,0.05,0.15,-0.15,0.10,0.04,-0.10,-0.12,-0.02,0.00,0.03,0.05,0.20,-0.18,-0.12,-0.12,0.12,0.33,0.03,0.08,0.26,-0.09,0.16,0.04,-0.36,0.07,0.12,-0.01,-0.13,-0.04,-0.01,-0.12,0.40,-0.11,-0.05,0.03,-0.11,0.09,-0.06,-0.06,0.15,-0.03,-0.05,0.15,-0.02,-0.56,0.67,-0.17,0.10,-0.27,0.00,0.23,0.06,-0.12,-0.02,0.06,0.03
 "42000","Pennsylvania",2,SQGDP11,6,"21","   Mining, quarrying, and oil and gas extraction ","Percentage points",0.09,-0.35,-0.15,0.33,-0.07,0.13,0.33,0.00,0.17,0.22,-0.26,-0.19,-0.01,0.03,1.03,0.35,-0.27,0.05,0.00,-0.23,0.93,0.35,0.40,-0.18,0.27,0.51,0.55,0.67,0.02,-0.52,-0.52,0.19,-0.15,0.12,0.57,0.53,0.94,0.71,0.87,0.22,-0.61,0.17,-0.02,0.10,-0.58,-0.03,-0.21,0.08,0.40,0.06,-0.03,-0.45,0.35,-0.26,0.18,0.09,0.29,0.17,-0.05,0.53,-0.13,-0.04,-0.34,0.06,-0.95,-0.28,-0.34,0.02,-0.11,0.38,0.36,0.05
 "42000","Pennsylvania",2,SQGDP11,10,"22","   Utilities ","Percentage points",-0.33,-0.24,0.29,-0.35,0.45,0.44,-0.72,0.72,-0.13,-0.06,-0.01,0.07,0.42,-0.02,-0.89,0.03,0.03,0.33,0.21,0.78,-0.26,0.09,-0.06,0.23,0.32,-0.27,0.65,-0.55,-0.01,0.07,0.00,-0.25,0.10,-0.19,0.09,-0.09,-0.19,0.05,-0.50,0.40,0.25,0.05,-0.17,0.35,-0.02,0.17,0.01,-0.04,-0.27,-0.13,-0.33,0.31,-0.01,-0.26,-0.01,-0.33,0.41,-0.12,0.37,-0.19,0.24,-0.18,-0.41,0.11,-0.03,-0.07,-0.17,-0.09,0.15,-0.25,-0.06,-0.05
 "42000","Pennsylvania",2,SQGDP11,11,"23","   Construction ","Percentage points",-0.24,-0.40,-0.28,0.78,-0.66,-0.20,-0.49,0.05,0.27,0.03,-0.19,-0.22,0.15,-0.23,-1.10,-1.40,-0.33,0.38,-0.01,0.19,1.04,0.11,0.03,0.04,0.29,0.00,0.33,0.14,-0.56,-0.20,0.21,0.11,-0.15,0.10,-0.25,-0.23,0.59,-0.27,0.24,-0.37,0.34,0.07,-0.11,0.15,-0.36,-0.19,0.16,0.12,0.15,0.14,0.17,0.22,-0.28,-0.23,-0.07,0.35,-0.01,-0.02,-0.40,0.24,-3.25,3.27,0.08,0.63,0.20,-0.72,-0.73,0.17,-0.78,-0.74,-0.20,0.30
 "42000","Pennsylvania",2,SQGDP11,12,"31-33","   Manufacturing ","Percentage points",-1.20,-0.69,1.43,0.69,0.15,-0.37,1.04,-1.60,1.05,0.87,0.85,-1.25,0.66,-1.27,-3.09,-2.77,0.34,0.08,1.46,-0.76,-0.46,0.65,-0.44,-0.61,0.08,-0.41,0.51,-0.07,-0.26,-0.83,-0.29,2.29,0.53,0.72,1.03,-0.11,2.03,0.69,0.39,-0.26,-1.26,-0.96,-0.56,0.73,0.21,-0.33,0.42,1.40,0.22,0.16,-0.50,-0.17,-0.31,-0.09,0.92,0.09,1.18,1.44,0.27,-0.86,-5.27,5.83,1.16,-0.48,0.05,-0.01,1.94,-0.66,-0.93,0.30,0.62,-0.86
 "42000","Pennsylvania",2,SQGDP11,13,"321,327-339","     Durable goods manufacturing ","Percentage points",0.11,0.33,1.58,0.15,0.36,-0.10,-0.17,-1.06,0.61,0.58,0.08,0.70,0.54,-0.04,-1.22,-2.24,-1.10,-0.33,0.58,-0.03,0.78,1.26,0.25,0.16,1.09,0.00,0.37,-0.68,0.03,-0.10,0.29,0.95,0.03,0.21,-0.01,-1.32,0.30,0.32,0.18,0.03,-0.17,-0.19,-0.35,-0.35,-0.60,-0.11,1.01,0.70,0.35,0.51,0.18,-0.28,-0.12,-0.19,0.14,-0.05,0.25,0.01,-0.08,-0.30,-3.05,3.66,0.69,-0.06,0.11,0.01,1.14,-0.40,0.00,-0.05,0.45,-0.41
 "42000","Pennsylvania",2,SQGDP11,25,"311-316,322-326","     Nondurable goods manufacturing ","Percentage points",-1.32,-1.01,-0.15,0.53,-0.21,-0.28,1.22,-0.55,0.44,0.29,0.77,-1.95,0.12,-1.23,-1.87,-0.54,1.44,0.41,0.88,-0.73,-1.23,-0.61,-0.68,-0.77,-1.01,-0.41,0.13,0.61,-0.30,-0.73,-0.58,1.34,0.50,0.50,1.04,1.21,1.72,0.37,0.21,-0.29,-1.09,-0.77,-0.21,1.07,0.81,-0.22,-0.59,0.70,-0.13,-0.35,-0.68,0.11,-0.19,0.09,0.78,0.14,0.93,1.43,0.34,-0.55,-2.22,2.17,0.47,-0.41,-0.06,-0.02,0.80,-0.26,-0.94,0.35,0.17,-0.46
 "42000","Pennsylvania",2,SQGDP11,34,"42","   Wholesale trade ","Percentage points",0.44,0.38,0.55,-0.41,0.01,0.25,0.26,-0.42,0.54,-0.14,0.17,-0.02,0.08,-0.16,-0.78,-1.77,-0.66,0.05,1.15,-0.33,1.05,0.70,0.24,-0.29,-0.19,-0.10,1.19,-0.71,0.61,0.14,-0.80,0.42,-0.08,0.40,0.22,0.93,-1.50,1.20,-0.06,0.22,0.43,-0.38,-0.11,-0.89,0.10,0.31,-0.25,0.16,-0.27,0.21,0.01,0.05,-0.43,0.24,-0.03,-0.05,-0.48,-0.29,0.00,0.64,-2.07,2.63,-0.07,0.24,0.27,-0.44,0.52,-0.11,-0.39,0.37,0.36,0.06
 "42000","Pennsylvania",2,SQGDP11,35,"44-45","   Retail trade ","Percentage points",0.61,0.47,-0.69,-0.12,0.04,-0.36,-0.02,-0.25,-0.50,-0.25,0.02,-0.35,-0.20,-0.20,-0.42,-0.01,0.19,-0.20,0.68,-0.57,0.53,0.25,-0.01,-0.23,-0.04,-0.22,0.21,-0.33,-0.40,0.42,-0.15,0.55,-0.28,-0.13,-0.03,-0.44,0.41,0.06,0.03,-0.07,0.46,0.11,0.19,0.32,-0.15,0.30,0.17,-0.23,0.26,0.20,-0.23,0.81,-0.29,0.33,-0.41,0.62,0.01,0.17,-0.19,0.01,-2.35,3.40,-0.16,1.28,-1.11,-0.97,0.48,-0.61,0.14,0.39,0.37,0.54
 "42000","Pennsylvania",2,SQGDP11,36,"48-49","   Transportation and warehousing ","Percentage points",0.37,0.65,0.12,-0.43,0.16,-0.12,-0.10,-0.28,0.09,-0.04,0.26,-0.22,0.02,-0.24,-0.43,-0.35,0.26,0.01,0.43,0.08,0.45,0.37,0.18,0.03,0.07,-0.10,0.12,-0.17,-0.01,0.06,-0.14,0.10,-0.15,0.11,0.20,0.04,0.12,0.29,-0.21,1.11,0.03,0.17,0.08,0.23,0.45,0.18,0.12,0.37,0.08,-0.08,0.02,0.99,-0.23,0.16,0.09,-0.72,0.04,0.22,-0.13,0.23,-3.00,2.33,0.20,0.44,-0.62,0.69,0.40,-0.75,0.04,0.55,0.21,0.14
 "42000","Pennsylvania",2,SQGDP11,45,"51","   Information ","Percentage points",0.78,0.14,0.66,-5.05,1.32,1.39,-1.27,6.44,0.43,1.12,0.85,5.98,0.83,-0.03,-1.13,-3.12,0.50,0.92,1.58,-0.22,-0.21,0.84,-0.95,-1.30,0.71,0.83,0.59,0.08,2.02,-0.50,-0.58,1.75,0.45,-0.23,-0.11,-1.65,0.23,0.28,0.61,-0.25,0.78,0.70,0.71,2.19,0.11,0.19,-0.35,-2.17,0.46,1.11,0.59,-1.99,1.11,0.96,1.26,-2.49,0.77,1.06,0.34,-1.16,-0.31,2.00,0.25,-0.03,1.32,-0.26,1.01,1.51,-0.27,0.53,0.71,0.73
 "42000","Pennsylvania",2,SQGDP11,51,"52","   Finance and insurance ","Percentage points",0.86,0.39,0.16,-0.13,0.22,1.03,0.19,-2.09,0.23,1.43,2.76,-3.92,1.46,-1.84,-2.14,4.14,0.45,-0.08,-0.10,-0.35,-0.71,-0.08,-0.18,0.65,-0.25,0.40,0.29,-0.02,0.25,0.45,-0.29,-1.36,0.26,0.01,0.78,0.00,1.45,-0.03,0.55,0.21,0.59,-1.02,0.31,-1.03,0.52,0.67,0.33,-1.16,-0.42,1.15,-0.65,-0.16,0.21,0.33,-0.92,1.61,0.03,-0.55,0.24,-0.59,-0.09,-0.14,0.76,0.49,0.07,0.19,0.36,-0.20,0.36,-0.15,-0.25,-0.24
 "42000","Pennsylvania",2,SQGDP11,56,"53","   Real estate and rental and leasing ","Percentage points",1.30,0.07,-0.10,-1.42,-0.01,1.02,1.85,-0.60,1.53,1.80,0.75,-0.56,0.02,-1.15,-0.01,0.28,0.04,0.84,0.49,0.56,0.96,0.21,0.72,-0.30,1.08,0.37,1.68,0.13,0.60,0.62,-0.40,0.03,0.08,0.47,-0.11,-0.29,0.09,0.20,-0.10,0.23,-0.51,-0.24,-0.30,-0.49,-0.13,-0.18,-0.25,0.30,0.23,-0.36,0.06,0.28,-0.15,-0.01,-0.13,-0.13,-0.42,-0.13,-0.58,-0.28,-2.02,1.19,-0.26,0.46,0.29,0.30,0.45,0.10,-0.30,0.12,-0.52,-0.18
 "42000","Pennsylvania",2,SQGDP11,60,"54","   Professional, scientific, and technical services ","Percentage points",-0.38,1.12,-0.52,0.47,0.17,-0.19,0.38,-0.12,-0.16,0.66,0.69,0.30,0.88,0.53,-0.14,-0.66,-0.95,-0.57,0.88,-0.03,0.05,0.40,0.38,-0.51,0.49,0.50,0.14,0.37,0.03,0.34,-0.72,0.62,-0.59,0.24,0.19,-0.04,0.29,0.78,-0.12,-0.16,0.27,0.42,0.07,0.80,-0.08,-0.01,0.16,0.30,0.00,0.54,0.51,-0.11,0.50,0.13,0.28,0.45,0.08,0.41,0.14,-0.58,-1.76,2.02,0.23,0.61,1.40,0.97,0.80,0.42,0.21,0.54,0.65,0.00
 "42000","Pennsylvania",2,SQGDP11,64,"55","   Management of companies and enterprises ","Percentage points",-0.45,0.00,0.32,-0.10,0.15,0.21,0.13,0.66,-0.44,0.75,-0.07,-0.29,0.74,-0.29,-0.40,-0.26,-0.23,0.21,0.65,-0.18,0.18,0.37,0.48,-0.10,0.25,0.17,0.10,0.37,0.18,0.70,0.07,-0.78,1.37,-0.27,-0.15,0.60,-0.11,-0.12,0.02,0.66,-0.21,0.19,-0.03,-0.34,-0.31,0.33,0.07,-0.02,0.40,0.24,0.39,-0.23,0.26,0.50,-0.88,1.04,0.03,0.10,-0.07,-0.45,-0.37,0.32,1.05,0.43,0.97,0.09,0.23,-0.23,0.31,0.18,0.35,-0.05
 "42000","Pennsylvania",2,SQGDP11,65,"56","   Administrative and support and waste management and remediation services ","Percentage points",0.12,0.06,-0.06,0.01,0.01,0.04,0.08,0.34,0.22,0.19,0.12,-0.27,0.14,-0.04,-0.19,-0.53,-0.13,-0.06,0.28,0.36,0.25,0.11,0.25,-0.13,0.25,0.07,-0.03,-0.12,-0.08,-0.03,-0.09,0.19,0.01,0.19,-0.01,-0.08,0.25,0.06,0.00,0.12,-0.08,0.02,0.02,-0.25,-0.05,0.11,0.27,0.19,0.22,0.07,0.09,0.14,0.07,0.07,0.21,-0.06,0.07,0.08,-0.18,-0.45,-1.27,1.21,0.49,0.22,0.44,0.42,0.60,0.10,0.09,0.06,0.00,0.22
 "42000","Pennsylvania",2,SQGDP11,69,"61","   Educational services ","Percentage points",-0.06,0.05,-0.12,0.08,0.23,-0.08,-0.02,-0.13,0.02,0.14,0.01,0.11,0.12,0.26,0.04,0.56,-0.05,-0.04,0.19,-0.07,0.15,0.10,0.01,0.02,-0.03,-0.22,-0.03,-0.03,0.07,0.00,-0.02,-0.25,0.12,0.00,0.14,-0.30,0.07,0.07,-0.01,0.06,-0.07,-0.01,0.17,0.16,0.08,-0.07,-0.05,-0.03,-0.11,0.09,-0.01,0.19,0.10,0.06,0.16,0.02,0.03,0.04,-0.04,-0.25,-0.88,0.54,-0.42,0.28,0.14,0.19,0.24,0.10,-0.06,0.12,0.03,0.05
 "42000","Pennsylvania",2,SQGDP11,70,"62","   Health care and social assistance ","Percentage points",0.55,0.81,0.13,0.75,0.24,-0.09,0.18,-0.45,0.11,0.26,0.27,0.69,0.66,0.45,0.70,-0.27,0.19,-0.18,0.35,-0.96,0.50,0.39,0.34,-0.37,0.65,0.25,0.03,0.05,-0.15,0.06,0.15,0.35,-0.01,0.06,0.05,-0.15,0.36,0.58,0.22,0.42,0.03,0.30,0.32,-0.20,0.14,0.53,-0.01,0.05,0.31,0.23,0.43,0.42,0.06,0.36,0.20,0.32,0.19,0.36,0.19,-0.07,-4.25,6.67,0.57,-1.25,-0.09,-0.06,1.31,-0.17,0.34,0.52,0.57,0.70
 "42000","Pennsylvania",2,SQGDP11,76,"71","   Arts, entertainment, and recreation ","Percentage points",-0.04,0.13,-0.17,0.10,0.07,0.00,0.11,0.41,0.09,0.15,0.07,0.11,0.05,0.04,-0.01,0.03,-0.04,0.05,0.18,-0.05,0.32,0.21,0.28,-0.31,0.10,0.26,-0.37,0.32,-0.11,-0.17,0.14,-0.08,0.07,0.00,-0.14,0.11,0.15,-0.06,-0.09,-0.02,-0.12,0.05,0.16,0.10,0.04,-0.01,0.00,-0.10,0.06,0.11,0.07,0.03,-0.11,0.10,-0.02,-0.24,0.16,-0.01,0.07,-0.98,-1.68,1.13,0.34,0.14,0.54,0.26,0.22,0.11,0.19,0.20,0.02,0.07
 "42000","Pennsylvania",2,SQGDP11,79,"72","   Accommodation and food services ","Percentage points",0.06,0.10,-0.05,-0.08,-0.09,-0.03,-0.05,0.23,-0.20,-0.09,0.04,-0.27,-0.01,-0.04,-0.17,-0.21,-0.12,0.01,0.12,0.04,0.31,0.13,0.03,0.05,0.15,0.07,-0.02,0.01,-0.04,0.01,0.09,0.11,-0.12,-0.04,0.09,-0.08,0.07,0.13,0.00,0.08,0.06,0.05,-0.03,-0.04,-0.02,0.09,-0.07,0.17,-0.03,-0.05,-0.02,0.14,0.08,-0.05,0.09,0.31,-0.02,0.02,-0.11,-0.63,-3.94,4.12,-0.51,0.72,1.47,0.38,0.15,0.12,0.26,-0.03,-0.26,0.27
 "42000","Pennsylvania",2,SQGDP11,82,"81","   Other services (except government and government enterprises) ","Percentage points",0.04,0.09,-0.01,-0.15,0.01,-0.10,-0.05,-0.19,-0.09,-0.09,-0.11,-0.19,-0.11,-0.02,-0.02,-0.50,-0.09,-0.12,-0.03,-0.21,0.13,0.09,0.01,-0.13,0.01,-0.07,-0.09,0.23,-0.09,0.03,-0.04,-0.11,-0.07,0.04,0.04,-0.07,0.28,0.00,-0.05,0.26,-0.04,-0.12,-0.02,0.00,-0.05,0.02,-0.06,-0.03,-0.04,0.09,0.03,0.17,0.08,-0.06,0.03,-0.05,-0.02,0.07,0.04,-0.48,-1.71,1.84,0.11,-0.10,0.34,0.23,0.12,0.13,0.03,0.04,-0.04,-0.01
 "42000","Pennsylvania",2,SQGDP11,83,"..."," Government and government enterprises ","Percentage points",0.62,0.78,-0.52,-0.35,0.21,-0.12,0.07,-0.10,0.28,0.28,-0.16,0.00,0.32,-0.05,-0.20,-0.55,0.13,-0.25,1.29,-1.53,0.44,0.10,0.67,-2.03,0.82,0.07,-0.95,-0.37,-0.19,0.13,-0.25,0.59,0.04,-0.49,-0.01,-0.23,-0.06,-0.16,-0.26,-0.08,-0.05,0.05,0.63,-1.06,0.73,1.01,-0.86,-0.49,-0.01,0.28,-0.08,-0.41,0.20,0.31,-0.28,-0.18,0.28,-0.17,0.27,-0.58,-1.35,0.40,0.79,-0.86,0.20,0.39,0.61,-1.08,-0.08,0.08,0.23,0.16
 "42000","Pennsylvania",2,SQGDP11,84,"...","  Federal civilian ","Percentage points",-0.09,-0.03,-0.01,-0.02,0.04,-0.02,-0.01,0.01,0.04,0.08,0.00,-0.01,0.01,0.09,-0.01,-0.06,0.12,-0.06,-0.05,0.02,0.13,-0.11,-0.10,-0.02,-0.07,-0.09,0.03,-0.02,-0.02,0.00,-0.08,-0.02,-0.07,-0.14,0.00,0.13,0.03,0.01,0.03,0.07,0.02,-0.02,0.02,0.05,0.02,0.06,0.03,0.02,0.04,0.07,-0.01,-0.03,0.04,0.04,-0.01,-0.18,0.17,0.11,0.03,0.00,0.17,0.35,-0.19,-0.02,0.04,0.06,-0.06,0.04,-0.01,0.00,0.10,0.05
 "42000","Pennsylvania",2,SQGDP11,85,"...","  Military ","Percentage points",-0.02,0.02,0.04,-0.11,0.05,0.00,-0.03,-0.03,-0.03,0.02,0.00,0.02,0.01,0.01,0.00,0.00,0.00,-0.01,0.00,-0.02,-0.02,-0.02,-0.03,-0.07,-0.01,-0.02,0.06,-0.05,0.01,-0.01,-0.01,-0.01,0.00,-0.01,-0.04,-0.01,-0.02,-0.02,-0.01,-0.02,0.02,0.02,0.01,0.02,0.00,0.01,0.01,-0.01,0.00,-0.01,0.00,-0.07,-0.01,-0.01,0.03,-0.06,0.03,0.01,0.01,-0.02,0.00,-0.01,-0.01,0.04,0.00,-0.02,-0.01,0.01,-0.03,-0.01,0.00,0.00
 "42000","Pennsylvania",2,SQGDP11,86,"...","  State and local ","Percentage points",0.73,0.79,-0.55,-0.22,0.13,-0.10,0.11,-0.08,0.27,0.18,-0.16,-0.02,0.31,-0.15,-0.19,-0.49,0.01,-0.18,1.34,-1.53,0.33,0.23,0.80,-1.94,0.89,0.18,-1.04,-0.30,-0.18,0.14,-0.16,0.62,0.11,-0.35,0.03,-0.35,-0.07,-0.15,-0.28,-0.13,-0.09,0.06,0.59,-1.13,0.70,0.94,-0.90,-0.50,-0.06,0.21,-0.07,-0.31,0.16,0.28,-0.30,0.06,0.08,-0.29,0.23,-0.56,-1.51,0.06,0.99,-0.88,0.17,0.36,0.68,-1.13,-0.04,0.09,0.13,0.10
 "44000","Rhode Island",1,SQGDP11,1,"...","All industry total (percent change) ","Percent change",6.4,1.0,6.4,-2.5,10.0,4.2,-6.4,-2.9,-6.9,-2.2,-4.4,2.6,-1.8,-3.0,-1.8,-6.4,3.6,4.2,3.0,0.4,4.6,3.2,0.2,-9.1,10.4,-3.0,1.5,1.3,0.2,-0.9,-3.0,6.8,-3.6,2.5,0.4,0.6,0.4,0.6,4.5,-1.1,2.1,-1.9,3.3,-5.4,3.3,5.4,-3.2,-5.5,1.8,5.0,-3.0,-1.9,0.7,-2.1,2.9,5.7,-0.5,-0.8,1.8,-3.9,-33.6,42.2,6.0,-1.4,16.4,0.1,7.4,-4.6,0.6,1.8,0.4,0.1
 "44000","Rhode Island",1,SQGDP11,2,"..."," Private industries ","Percentage points",5.92,0.35,5.53,-0.80,8.90,5.09,-7.65,-2.00,-7.42,-1.14,-3.72,2.07,-1.64,-2.66,-0.08,-5.53,4.99,4.47,2.57,0.85,2.79,4.62,-1.07,-8.44,9.75,-2.94,2.95,0.37,1.40,-0.82,-2.18,6.52,-3.21,2.63,2.06,0.18,0.30,0.35,5.24,-1.07,2.42,-2.84,3.94,-5.62,4.00,5.35,-5.53,-4.98,0.83,5.30,-3.63,-0.98,0.11,-1.17,3.40,5.86,-1.03,-1.19,1.14,-3.34,-31.59,41.33,5.71,-1.07,15.29,0.08,7.81,-5.66,0.25,1.60,0.71,-0.01
 "44000","Rhode Island",1,SQGDP11,3,"11","   Agriculture, forestry, fishing and hunting ","Percentage points",0.07,0.18,0.28,-0.16,-0.04,-0.04,0.05,-0.31,0.03,0.00,-0.04,0.07,-0.03,0.07,0.19,-0.04,-0.03,0.03,-0.16,(D),-0.05,-0.04,0.00,-0.20,0.08,0.04,0.06,(D),-0.03,-0.06,-0.07,(D),0.04,0.03,0.11,-0.08,-0.05,0.04,-0.09,0.26,-0.06,-0.01,0.00,0.08,-0.08,0.02,0.07,-0.05,0.01,0.03,-0.04,-0.05,0.01,0.05,0.03,-0.01,-0.05,-0.05,-0.03,-0.04,0.16,0.02,-0.07,(D),-0.06,0.09,0.08,-0.15,-0.12,0.08,0.07,0.11
 "44000","Rhode Island",1,SQGDP11,6,"21","   Mining, quarrying, and oil and gas extraction ","Percentage points",0.00,-0.05,-0.02,0.01,-0.02,0.00,0.02,-0.01,0.02,0.00,0.00,0.01,0.00,-0.02,0.05,0.00,-0.04,0.01,-0.04,(D),-0.01,-0.03,-0.03,-0.02,-0.01,0.00,0.01,(D),0.02,-0.01,-0.02,(D),-0.02,0.02,0.03,0.06,0.09,0.05,0.06,0.04,-0.02,0.03,0.03,0.02,-0.07,0.00,-0.03,0.02,0.03,0.00,0.00,-0.08,-0.01,-0.03,-0.01,0.01,0.01,-0.02,-0.02,0.04,-0.02,0.00,0.02,(D),0.01,0.09,0.00,-0.03,0.00,0.03,0.05,0.00
 "44000","Rhode Island",1,SQGDP11,10,"22","   Utilities ","Percentage points",-0.25,0.09,0.28,0.17,-0.09,1.04,-0.86,0.00,-0.10,0.07,0.21,0.17,0.49,0.01,-0.63,0.09,-0.11,-0.10,0.04,0.61,0.49,-0.31,-0.52,-0.12,0.48,0.19,-0.09,-0.60,0.29,0.17,0.59,0.07,-0.60,-0.13,-0.22,0.01,0.08,0.30,0.00,-0.14,0.24,0.39,-0.67,0.39,0.06,-0.02,0.13,-0.40,0.81,-0.65,-0.01,0.91,-0.71,-0.69,0.92,-0.03,-0.08,-0.02,0.11,0.25,-0.21,0.82,-0.58,-0.31,0.62,-0.38,-0.60,0.57,0.01,-0.32,-0.03,-0.07
 "44000","Rhode Island",1,SQGDP11,11,"23","   Construction ","Percentage points",0.08,-0.69,-0.54,-0.02,0.31,-0.13,-0.58,0.27,-0.81,-0.45,-0.96,-0.98,-0.09,-0.21,-1.24,-0.83,0.16,-0.15,-0.12,-0.49,0.27,-0.12,-0.53,-0.69,0.31,-0.07,0.34,0.61,-0.47,-0.43,-0.37,0.02,-0.49,-0.04,-0.58,-0.32,0.27,-0.23,-0.31,-0.46,0.38,0.15,0.05,-0.16,-0.16,0.01,0.62,(D),-0.22,-0.01,0.19,(D),0.20,0.04,-0.19,0.69,-0.22,-0.12,-0.12,0.04,-1.78,1.29,0.50,0.30,0.35,-0.39,-0.43,0.29,-0.65,-0.70,0.28,-0.08
 "44000","Rhode Island",1,SQGDP11,12,"31-33","   Manufacturing ","Percentage points",-1.11,0.55,1.38,3.59,1.53,-0.85,-1.56,-0.46,-4.09,-0.74,1.20,-0.27,1.81,-0.12,-2.03,-3.82,0.49,0.79,0.52,0.20,0.07,1.63,-1.40,0.14,-0.29,-1.32,0.88,-0.37,0.10,-0.43,0.46,2.60,-0.07,0.60,-0.33,-1.59,-0.01,0.11,1.27,0.45,1.95,-0.10,0.46,0.49,-1.07,-0.30,-0.44,-0.07,-0.03,-0.15,0.39,0.36,0.34,-0.30,-0.69,-0.22,-0.38,0.28,-0.18,-0.41,-2.24,4.01,0.38,-0.07,1.49,-0.24,1.76,-1.23,-0.49,-0.07,0.09,-0.49
 "44000","Rhode Island",1,SQGDP11,13,"321,327-339","     Durable goods manufacturing ","Percentage points",-1.03,-0.18,0.24,0.99,0.66,-0.21,-0.94,1.37,-2.49,0.00,0.22,0.11,1.16,0.16,-1.12,-3.14,0.22,0.52,-0.01,0.06,-0.01,1.75,-1.11,0.34,-0.24,-0.87,0.08,-0.10,0.19,-0.62,0.68,1.13,-0.28,0.27,-0.05,-1.72,-0.01,0.15,0.91,0.29,0.65,0.90,0.97,0.79,-0.58,-0.17,-0.62,-0.60,-0.72,-0.16,-0.03,0.62,0.23,0.46,0.07,0.26,0.14,-0.11,-0.38,-1.12,-2.07,2.85,0.58,0.30,1.45,-0.25,1.39,-0.77,-0.04,-0.04,0.19,-0.47
 "44000","Rhode Island",1,SQGDP11,25,"311-316,322-326","     Nondurable goods manufacturing ","Percentage points",-0.08,0.73,1.13,2.59,0.86,-0.64,-0.62,-1.83,-1.61,-0.74,0.97,-0.38,0.65,-0.28,-0.91,-0.68,0.27,0.27,0.53,0.14,0.08,-0.12,-0.29,-0.19,-0.05,-0.44,0.80,-0.27,-0.09,0.19,-0.23,1.47,0.21,0.33,-0.28,0.13,0.00,-0.04,0.36,0.16,1.30,-1.01,-0.51,-0.30,-0.49,-0.14,0.18,0.52,0.69,0.01,0.41,-0.27,0.11,-0.76,-0.77,-0.49,-0.52,0.39,0.21,0.71,-0.17,1.16,-0.20,-0.36,0.04,0.01,0.38,-0.46,-0.46,-0.03,-0.10,-0.02
 "44000","Rhode Island",1,SQGDP11,34,"42","   Wholesale trade ","Percentage points",0.21,-0.28,0.60,-0.91,0.47,0.01,-0.07,0.67,-0.45,-0.01,0.15,-0.14,0.14,-0.75,-0.06,-1.58,-0.02,0.06,1.20,0.64,0.00,0.91,-0.73,0.17,-0.42,0.43,1.32,-0.18,0.69,-0.25,-0.61,1.39,-0.54,0.09,0.18,-0.07,0.11,0.92,-0.19,0.50,0.81,-0.61,-0.60,-0.34,0.00,-0.14,-0.05,-0.34,0.07,0.19,-0.12,-0.22,-0.18,0.27,-0.58,0.14,-0.09,-0.15,-0.09,-0.74,-1.53,3.01,0.98,-0.33,0.45,-0.47,1.31,-0.08,-0.36,0.10,0.33,0.22
 "44000","Rhode Island",1,SQGDP11,35,"44-45","   Retail trade ","Percentage points",0.72,0.62,-1.14,-0.16,0.09,-0.74,-0.06,1.47,-2.52,-0.02,-0.31,0.53,-0.71,-0.48,-0.62,-0.73,0.48,-0.05,0.47,0.41,-0.03,0.20,-0.18,-0.20,0.19,-0.74,0.45,-0.37,-0.19,0.52,-0.15,0.39,-0.45,0.05,0.24,-0.86,0.71,0.00,0.17,-0.31,0.60,0.06,0.51,-0.39,-0.18,0.29,0.09,-0.21,0.53,0.42,-0.45,1.30,-0.43,0.49,-0.49,1.19,-0.30,0.30,-0.20,0.74,-3.00,3.77,0.13,1.11,-1.32,-1.32,0.76,-0.81,0.24,0.34,0.33,0.45
 "44000","Rhode Island",1,SQGDP11,36,"48-49","   Transportation and warehousing ","Percentage points",0.08,0.43,0.05,-0.15,0.23,-0.11,-0.07,-0.29,-0.05,-0.05,0.14,0.15,-0.01,-0.08,-0.27,-0.20,0.20,-0.04,0.14,-0.16,0.11,0.16,0.01,0.02,0.02,0.00,0.00,0.30,-0.05,0.03,-0.16,-0.12,-0.14,0.06,0.13,-0.30,0.06,0.07,-0.04,-0.15,0.11,0.04,0.00,-0.12,0.15,0.02,0.10,-0.07,0.11,0.03,0.03,0.17,-0.11,0.06,-0.13,0.22,-0.03,-0.08,-0.01,0.01,-1.88,1.48,0.23,0.06,-0.41,0.21,0.00,-0.62,0.05,0.18,0.00,0.00
 "44000","Rhode Island",1,SQGDP11,45,"51","   Information ","Percentage points",3.70,-3.24,2.95,-1.62,1.28,-0.25,-0.33,-0.96,-1.12,0.70,-0.21,1.52,-0.42,1.47,-0.87,-0.18,0.10,0.06,0.46,-0.89,0.63,1.38,-0.11,-0.70,1.24,-1.06,-0.04,-0.43,-0.01,-1.47,-0.11,1.08,-0.10,-0.35,-0.07,0.31,0.47,0.24,-0.92,1.25,-0.85,-0.32,0.53,-0.91,1.39,0.10,-0.68,-2.35,0.81,-0.19,-0.50,0.38,-0.28,0.27,0.29,0.26,-0.15,0.07,-0.10,-0.26,-0.15,0.76,0.69,-0.72,1.23,0.09,0.37,0.08,0.07,0.42,0.36,0.24
 "44000","Rhode Island",1,SQGDP11,51,"52","   Finance and insurance ","Percentage points",1.89,0.17,-0.58,-0.43,0.34,3.76,2.28,-1.56,3.01,-2.63,-4.95,-3.14,-2.81,-1.13,3.05,6.70,5.49,1.93,-2.15,-2.40,-2.91,-2.39,2.11,-2.60,3.35,1.37,-0.96,1.91,1.74,0.80,-1.99,-2.13,0.12,0.30,0.57,3.54,-0.49,-1.68,4.98,-3.07,-0.40,-1.31,4.44,-4.71,3.26,4.60,-3.08,-1.97,-1.66,4.43,-3.23,-2.21,1.35,-1.79,1.04,3.14,1.50,-1.63,1.55,-0.74,0.09,-0.35,4.19,-4.89,2.70,0.95,0.64,-4.19,0.54,-0.14,-0.15,-0.68
 "44000","Rhode Island",1,SQGDP11,56,"53","   Real estate and rental and leasing ","Percentage points",2.20,1.71,1.78,-2.56,0.61,-0.26,-0.09,-0.26,0.66,1.21,1.20,-0.25,0.61,-0.09,-0.07,-0.10,-0.86,0.72,1.01,1.53,1.73,0.50,0.90,-0.62,0.97,-0.73,0.29,-1.32,-0.25,0.38,-0.74,1.42,0.12,0.84,-0.17,-1.01,-0.28,-0.54,-1.11,-0.97,-1.29,-0.55,-0.40,-0.14,-0.19,-0.42,-0.31,-0.47,-0.02,-0.68,-0.90,-0.99,-0.73,-0.69,-0.17,0.52,0.00,0.69,0.38,0.55,-1.17,2.46,-0.11,0.43,0.54,0.19,0.62,0.34,-0.12,0.27,-0.50,0.01
 "44000","Rhode Island",1,SQGDP11,60,"54","   Professional, scientific, and technical services ","Percentage points",-0.44,-0.43,0.55,-0.08,0.86,5.87,-6.48,1.59,-1.23,0.07,0.78,1.65,-0.78,0.39,0.09,-0.95,-0.22,-0.43,0.08,0.36,0.65,0.47,-0.30,-0.28,0.21,-0.30,0.42,0.25,0.08,0.00,-0.96,1.26,-0.63,0.36,0.14,-0.22,0.71,0.30,0.48,-0.47,0.68,0.07,0.36,-0.58,0.33,0.02,0.28,0.16,0.80,-0.05,0.02,0.58,0.00,0.40,-0.18,0.91,-0.94,0.44,0.26,-0.03,-1.88,2.14,0.05,1.26,1.41,0.72,1.18,0.37,0.27,0.47,0.17,-0.03
 "44000","Rhode Island",1,SQGDP11,64,"55","   Management of companies and enterprises ","Percentage points",-1.46,-0.37,-0.29,0.57,2.38,-2.21,0.40,-0.25,-0.29,0.98,-1.49,2.12,-0.06,-2.45,1.58,-1.64,-0.27,1.41,-0.76,0.83,-0.72,1.78,-0.09,-2.49,3.58,-0.89,0.51,0.07,0.16,0.12,1.60,-0.73,-0.17,0.87,1.22,1.39,-1.39,-0.36,0.22,1.75,-0.22,-0.86,-1.21,2.16,0.32,0.84,-2.06,1.37,-1.00,1.56,0.59,-1.85,0.14,0.56,2.65,-3.10,0.21,-1.28,0.62,1.24,-0.93,3.18,-1.24,0.33,2.83,-1.25,-0.01,-0.92,0.21,0.04,0.10,-0.20
 "44000","Rhode Island",1,SQGDP11,65,"56","   Administrative and support and waste management and remediation services ","Percentage points",0.00,-0.05,-0.03,0.03,0.11,-0.07,0.14,0.13,0.20,0.04,0.18,-0.22,-0.04,0.11,0.00,-0.60,-0.18,0.11,0.23,0.39,0.44,0.06,0.01,-0.08,-0.07,0.10,-0.10,0.30,0.07,-0.03,0.11,0.33,0.19,0.03,0.12,-0.23,0.12,0.16,0.53,-0.41,0.04,-0.01,0.01,-0.11,-0.04,0.09,0.20,0.15,0.30,0.38,0.18,0.17,0.05,0.09,0.22,0.02,-0.20,0.01,-0.07,0.07,-1.72,1.76,0.42,0.81,0.31,0.28,0.60,0.31,-0.03,-0.03,0.02,0.00
 "44000","Rhode Island",1,SQGDP11,69,"61","   Educational services ","Percentage points",-0.01,-0.08,-0.02,0.20,0.16,0.08,0.03,-0.19,0.01,0.25,0.15,0.05,0.18,0.36,-0.11,0.84,-0.20,-0.10,-0.04,0.20,0.72,-0.27,-0.26,0.21,-0.22,0.14,0.24,-0.65,-0.04,-0.46,-0.03,0.02,0.16,-0.04,0.14,0.00,-0.16,0.43,-0.03,0.09,0.04,-0.01,-0.08,-0.12,0.10,-0.42,-0.15,0.23,-0.22,0.23,0.36,-0.06,0.14,0.01,0.09,0.12,-0.10,0.08,-0.21,-0.12,-1.26,0.36,-0.51,0.54,-0.06,0.37,0.18,0.96,-0.31,0.28,-0.16,-0.14
 "44000","Rhode Island",1,SQGDP11,70,"62","   Health care and social assistance ","Percentage points",0.24,1.14,-0.01,0.56,0.34,-0.78,0.01,-0.48,-0.07,0.12,0.28,0.63,0.28,0.50,0.67,-0.77,-0.05,0.14,1.57,-1.17,1.08,0.15,0.27,-0.99,0.10,-0.03,-0.26,0.26,-0.47,0.36,0.06,0.92,-0.44,-0.18,0.10,0.20,-0.01,0.40,-0.06,0.72,-0.11,0.12,0.21,-0.94,0.10,0.49,-0.13,-0.56,0.26,-0.23,0.05,0.14,0.02,0.04,0.23,1.02,0.04,0.26,-0.01,-1.53,-4.65,7.05,1.17,-1.42,1.72,-0.44,1.09,-0.35,0.41,0.59,0.76,0.43
 "44000","Rhode Island",1,SQGDP11,76,"71","   Arts, entertainment, and recreation ","Percentage points",-0.03,0.09,0.03,-0.12,0.08,0.00,0.04,-0.40,0.07,-0.07,0.06,-0.08,-0.15,-0.04,0.16,-0.24,0.03,0.18,-0.06,0.30,0.08,0.07,0.10,-0.02,0.06,-0.12,-0.01,0.12,-0.11,0.01,0.17,-0.13,0.05,0.22,0.21,0.24,-0.16,-0.10,0.12,0.03,-0.06,0.09,0.18,-0.16,0.17,-0.06,0.15,-0.19,0.13,-0.03,-0.04,0.00,-0.12,-0.09,-0.92,0.08,0.24,-0.10,0.04,-0.82,-1.55,0.80,0.47,0.24,-0.02,0.51,0.38,-0.17,0.05,0.14,-0.04,0.16
 "44000","Rhode Island",1,SQGDP11,79,"72","   Accommodation and food services ","Percentage points",0.00,0.26,0.10,-0.10,0.05,-0.10,-0.21,-0.46,-0.36,-0.31,0.06,0.27,0.16,-0.08,0.14,-1.09,0.06,0.00,0.10,0.73,0.09,0.27,-0.27,0.28,0.13,0.14,-0.12,0.56,-0.08,-0.12,0.15,0.23,-0.18,-0.10,0.16,-0.84,0.09,0.11,0.15,-0.16,0.58,0.10,0.10,-0.15,-0.06,0.20,-0.11,0.26,0.06,0.09,-0.23,-0.03,0.35,0.14,1.24,0.92,-0.36,0.09,-0.63,-1.07,-6.29,7.35,-1.39,1.54,3.04,0.72,-0.33,-0.01,0.40,-0.05,-0.99,0.15
 "44000","Rhode Island",1,SQGDP11,82,"81","   Other services (except government and government enterprises) ","Percentage points",0.03,0.27,0.15,0.42,0.22,-0.13,-0.32,-0.47,-0.33,-0.30,-0.17,-0.03,-0.20,-0.12,-0.11,-0.40,-0.02,-0.12,0.06,-0.31,0.15,0.19,-0.08,-0.27,0.03,-0.08,-0.02,-0.01,-0.05,0.06,-0.12,-0.05,-0.06,0.01,0.08,-0.06,0.16,0.14,0.01,0.00,-0.03,-0.11,0.02,0.07,-0.02,0.02,-0.14,0.02,0.06,-0.07,0.06,-0.03,0.08,0.00,0.07,-0.03,-0.12,0.03,-0.17,-0.52,-1.61,1.41,0.38,0.10,0.46,0.34,0.21,-0.01,0.06,-0.02,0.02,-0.08
 "44000","Rhode Island",1,SQGDP11,83,"..."," Government and government enterprises ","Percentage points",0.46,0.68,0.86,-1.73,1.12,-0.85,1.30,-0.92,0.56,-1.03,-0.65,0.54,-0.17,-0.30,-1.74,-0.91,-1.38,-0.31,0.45,-0.49,1.80,-1.42,1.24,-0.65,0.65,-0.04,-1.42,0.93,-1.16,-0.05,-0.81,0.32,-0.40,-0.15,-1.62,0.46,0.08,0.26,-0.79,-0.01,-0.29,0.92,-0.62,0.18,-0.74,0.00,2.36,-0.47,0.96,-0.30,0.68,-0.89,0.61,-0.90,-0.54,-0.14,0.54,0.37,0.69,-0.57,-2.01,0.88,0.30,-0.32,1.08,0.06,-0.38,1.07,0.31,0.19,-0.30,0.08
 "44000","Rhode Island",1,SQGDP11,84,"...","  Federal civilian ","Percentage points",-0.04,-0.01,0.14,0.05,-0.01,-0.04,0.14,-0.04,-0.02,0.02,-0.01,0.00,0.02,0.10,0.10,0.04,0.05,0.09,-0.13,0.06,0.48,-0.42,0.00,0.01,-0.08,-0.03,0.08,0.10,0.02,0.04,-0.07,0.00,-0.08,-0.18,0.04,0.22,0.12,0.14,0.00,0.04,0.08,0.01,0.12,0.07,-0.01,0.11,0.25,0.31,-0.04,0.06,-0.08,-0.08,0.37,-0.35,-0.17,-0.04,0.25,0.27,0.17,0.03,-0.08,0.69,-0.30,0.09,-0.04,0.03,0.00,-0.03,0.00,-0.03,0.22,0.26
 "44000","Rhode Island",1,SQGDP11,85,"...","  Military ","Percentage points",0.40,0.26,0.03,-0.01,0.01,-0.48,0.51,-0.22,-0.15,-0.31,-0.35,-0.05,-0.14,-0.33,-0.17,-0.20,-0.60,0.07,-0.20,-0.14,-0.01,-0.51,0.22,-0.11,-0.31,-0.28,-0.05,0.13,-0.31,-0.21,-0.09,-0.15,0.03,0.16,-0.73,-0.22,-0.04,0.24,-0.34,-0.22,0.04,-0.05,-0.24,0.64,-0.06,-0.12,-0.03,0.20,0.09,-0.22,-0.23,-0.19,-0.04,-0.22,-0.17,-0.07,0.27,0.30,0.14,-0.29,-0.13,0.14,-0.10,0.36,0.42,-0.55,0.39,0.30,0.34,-0.10,-0.16,-0.17
 "44000","Rhode Island",1,SQGDP11,86,"...","  State and local ","Percentage points",0.10,0.43,0.70,-1.77,1.12,-0.33,0.66,-0.67,0.73,-0.75,-0.29,0.59,-0.06,-0.07,-1.67,-0.75,-0.84,-0.46,0.78,-0.41,1.32,-0.49,1.02,-0.55,1.04,0.27,-1.45,0.70,-0.86,0.11,-0.65,0.47,-0.35,-0.13,-0.93,0.46,0.00,-0.12,-0.45,0.17,-0.40,0.96,-0.49,-0.53,-0.68,0.02,2.14,-0.99,0.91,-0.14,0.99,-0.62,0.28,-0.33,-0.20,-0.03,0.02,-0.20,0.38,-0.30,-1.81,0.05,0.70,-0.77,0.70,0.58,-0.76,0.80,-0.03,0.32,-0.36,-0.01
 "45000","South Carolina",5,SQGDP11,1,"...","All industry total (percent change) ","Percent change",2.4,1.4,2.5,5.0,0.5,-0.2,3.3,1.1,6.7,5.0,2.9,-5.9,1.8,-4.5,-12.7,-5.8,-2.4,1.6,4.9,-0.9,4.3,2.2,2.3,1.6,5.5,-2.4,3.3,3.8,-2.2,-0.6,-2.9,8.7,-2.2,6.6,1.8,0.4,8.2,1.6,0.1,4.1,3.6,5.7,2.1,2.6,3.6,2.2,3.4,3.0,0.8,0.7,2.8,2.6,3.2,1.6,2.6,4.2,0.7,5.4,3.5,-10.4,-25.6,42.3,1.1,5.4,8.3,0.9,5.5,2.0,-0.5,2.3,1.8,1.0
 "45000","South Carolina",5,SQGDP11,2,"..."," Private industries ","Percentage points",1.73,1.57,1.28,5.33,0.02,-0.22,3.76,1.18,6.02,4.43,2.49,-6.92,0.97,-5.09,-11.83,-5.37,-2.27,2.01,4.68,0.03,3.92,4.11,2.65,0.71,4.83,-2.28,2.41,4.20,-2.30,-1.57,-2.62,8.69,-2.34,7.54,2.35,-0.01,7.86,1.56,-0.04,4.51,3.19,5.12,1.64,1.77,3.54,2.12,3.06,3.12,0.68,0.38,2.32,3.39,2.42,1.86,3.42,4.10,-0.12,4.33,2.27,-10.26,-22.96,39.00,1.86,5.89,7.74,0.48,5.68,2.91,-0.32,1.49,1.99,0.44
 "45000","South Carolina",5,SQGDP11,3,"11","   Agriculture, forestry, fishing and hunting ","Percentage points",0.10,-0.12,-0.13,-0.01,0.26,-0.08,0.12,-0.79,-0.18,-0.12,-0.32,1.03,-0.37,-0.38,0.12,0.60,0.05,0.24,-0.25,-0.47,0.32,0.07,-0.09,-0.63,-0.22,-0.04,-0.01,0.60,-0.28,-0.31,-0.31,0.49,0.22,0.85,-0.17,-0.93,0.20,-0.10,-0.01,0.33,-0.08,0.07,-0.23,0.36,-0.04,0.01,-0.12,0.38,-0.19,-0.12,0.04,-0.05,0.20,-0.14,0.01,-0.18,0.06,0.02,-0.01,0.49,-0.94,0.65,-0.24,0.61,-0.44,0.22,-0.03,0.15,0.12,0.00,0.35,-0.36
 "45000","South Carolina",5,SQGDP11,6,"21","   Mining, quarrying, and oil and gas extraction ","Percentage points",0.01,-0.10,0.00,0.13,-0.01,-0.01,-0.04,-0.11,-0.11,-0.06,-0.03,0.04,-0.05,0.00,0.06,-0.04,-0.04,-0.02,-0.05,-0.14,0.08,-0.03,-0.03,-0.02,0.02,-0.01,0.01,-0.07,-0.01,-0.02,0.00,0.05,0.02,0.03,0.06,0.00,0.02,0.01,0.04,0.09,0.10,0.04,0.33,-0.15,-0.11,0.04,-0.01,0.02,0.01,0.11,0.01,0.07,0.03,0.00,0.03,0.10,-0.05,-0.05,-0.10,-0.03,0.05,-0.01,0.03,-0.08,0.10,0.07,0.13,-0.15,-0.01,0.06,0.05,-0.01
 "45000","South Carolina",5,SQGDP11,10,"22","   Utilities ","Percentage points",0.07,0.39,0.28,-0.25,0.84,-0.28,0.03,-1.49,1.21,0.27,-0.22,-0.37,0.88,-0.10,-0.99,0.13,0.25,0.64,0.78,0.83,-0.39,0.14,0.49,-0.38,0.95,-0.69,0.57,-0.25,0.06,0.63,-0.41,0.45,-1.03,0.67,-0.05,-0.49,0.40,-0.02,-0.34,-0.26,0.19,0.73,-0.29,0.28,0.26,0.30,0.19,-0.08,-0.33,-0.61,0.06,-0.89,0.67,-0.41,0.25,0.06,-0.40,0.09,0.43,-0.60,1.00,-0.78,-0.43,-0.30,0.12,0.37,-0.32,1.06,0.24,-0.38,0.06,-0.04
 "45000","South Carolina",5,SQGDP11,11,"23","   Construction ","Percentage points",-0.73,-0.36,-0.19,0.50,-0.04,-0.22,-0.67,0.08,0.61,-0.24,-0.50,-1.31,-0.47,-0.44,-1.31,-2.08,-0.54,-0.44,-0.96,-1.10,0.03,-0.01,-0.53,-0.39,0.25,-0.15,0.04,0.98,-0.13,0.27,0.26,0.13,0.03,0.46,0.05,0.17,0.07,-0.19,0.21,0.12,0.38,0.30,0.19,0.32,0.32,0.85,0.13,1.14,0.12,-0.50,0.23,0.08,0.13,-0.08,0.09,0.51,-0.22,0.19,-0.19,-0.82,-0.33,0.67,0.95,-0.60,0.57,-0.36,-0.49,-0.41,-1.12,-1.00,-0.15,0.01
 "45000","South Carolina",5,SQGDP11,12,"31-33","   Manufacturing ","Percentage points",-1.05,-0.41,2.82,-0.03,-0.11,-0.63,1.00,-0.15,1.90,1.59,0.65,-3.32,0.54,-0.86,-3.61,-5.76,1.41,1.22,4.06,-1.21,1.58,1.07,0.54,2.15,0.31,-0.63,1.54,0.31,-0.97,-1.52,-0.44,1.92,-1.41,0.90,-0.13,-0.51,2.93,0.25,0.77,1.84,0.33,1.28,-0.71,1.96,-0.28,-1.11,0.07,-1.16,0.26,-0.63,0.09,0.51,0.00,0.77,1.77,1.20,0.94,0.79,-0.52,-3.26,-6.72,10.18,-0.38,2.15,2.07,-0.91,1.76,-0.09,-1.05,-0.39,0.32,-0.99
 "45000","South Carolina",5,SQGDP11,13,"321,327-339","     Durable goods manufacturing ","Percentage points",0.39,0.23,2.55,-0.79,-0.13,-0.68,-0.15,-0.47,1.07,1.23,-0.09,-0.48,0.22,0.36,-2.00,-3.95,-1.18,-0.26,2.49,-0.25,1.67,1.43,0.02,1.83,1.10,0.16,1.59,0.11,0.10,-0.03,0.35,0.11,-1.00,0.27,0.22,-0.78,1.84,-0.06,-0.10,0.19,0.18,1.38,0.60,1.88,0.58,-0.84,0.35,-1.73,-0.53,-0.62,0.04,0.73,-1.19,1.06,1.17,1.19,0.75,-0.06,-0.71,-1.10,-4.66,7.04,-0.02,2.33,1.80,-0.69,0.87,0.31,-0.20,-0.21,0.22,-0.69
 "45000","South Carolina",5,SQGDP11,25,"311-316,322-326","     Nondurable goods manufacturing ","Percentage points",-1.43,-0.64,0.27,0.76,0.02,0.04,1.15,0.31,0.83,0.35,0.74,-2.84,0.32,-1.22,-1.61,-1.81,2.60,1.47,1.57,-0.96,-0.09,-0.36,0.52,0.33,-0.79,-0.79,-0.05,0.20,-1.07,-1.49,-0.79,1.82,-0.41,0.63,-0.35,0.28,1.08,0.30,0.86,1.65,0.15,-0.10,-1.31,0.07,-0.86,-0.26,-0.28,0.57,0.78,-0.01,0.04,-0.22,1.19,-0.29,0.61,0.01,0.18,0.85,0.20,-2.16,-2.07,3.14,-0.36,-0.18,0.27,-0.22,0.89,-0.40,-0.85,-0.17,0.10,-0.30
 "45000","South Carolina",5,SQGDP11,34,"42","   Wholesale trade ","Percentage points",0.04,0.35,0.29,0.38,-0.01,0.09,0.22,0.15,0.42,0.00,0.24,0.25,-0.02,-0.53,-1.19,-2.19,-1.07,-0.11,1.13,-0.84,0.94,0.81,-0.02,-0.23,-0.42,-0.08,1.10,-0.34,0.63,0.00,-0.52,0.67,-0.21,0.48,0.32,0.06,0.76,0.97,-0.27,0.25,0.25,0.34,0.01,-0.27,0.48,0.23,0.24,0.12,0.00,0.00,-0.14,0.56,-0.25,0.56,0.74,0.26,-0.28,0.43,0.17,0.16,-1.54,2.63,0.47,0.10,0.79,-0.42,0.53,0.51,-0.34,0.26,-0.06,-0.44
 "45000","South Carolina",5,SQGDP11,35,"44-45","   Retail trade ","Percentage points",0.97,0.63,-0.95,0.50,0.32,-0.72,0.76,-0.47,-0.58,0.16,0.05,-0.50,-0.37,-0.38,-0.72,-0.64,-0.05,-0.18,0.67,-0.66,0.66,-0.12,-0.20,0.21,0.07,-0.53,0.22,0.24,-0.63,0.54,-0.06,1.06,-0.22,0.13,0.38,0.02,0.58,0.31,-0.59,0.16,0.34,0.54,-0.08,0.50,0.26,-0.10,0.25,0.18,0.31,0.24,0.17,0.27,-0.06,0.46,0.21,0.69,0.14,0.55,0.05,-0.85,-0.79,2.61,-0.22,0.89,-0.69,-1.11,0.54,-0.77,0.04,0.47,0.73,0.50
 "45000","South Carolina",5,SQGDP11,36,"48-49","   Transportation and warehousing ","Percentage points",0.20,0.53,0.09,-0.04,0.19,-0.31,-0.12,-0.17,0.11,-0.07,0.33,-0.44,0.00,-0.25,-0.44,-0.45,0.01,0.02,0.14,-0.17,0.20,0.32,0.09,-0.15,0.25,-0.18,0.05,0.19,-0.15,0.04,0.04,0.19,-0.13,0.11,0.06,0.13,0.05,0.24,0.05,-0.10,0.30,0.22,-0.06,-0.23,0.34,0.11,0.14,0.15,0.02,0.11,0.14,0.23,-0.04,-0.14,0.03,0.05,0.05,0.24,0.11,0.05,-1.75,2.18,-0.16,0.19,-0.49,0.19,0.07,-0.31,0.08,0.27,0.23,0.05
 "45000","South Carolina",5,SQGDP11,45,"51","   Information ","Percentage points",0.66,-0.07,-0.20,1.09,-0.29,0.25,-0.34,0.59,0.08,0.45,-0.15,1.11,0.46,0.11,-0.39,0.01,-0.22,0.09,0.45,-0.44,-0.38,0.45,0.11,-1.04,0.43,0.42,-0.25,-0.53,0.44,-0.36,-0.12,0.78,0.09,0.16,0.42,-0.28,0.10,0.05,0.47,0.78,0.25,0.35,0.00,0.79,-0.22,0.04,-0.15,1.80,-0.10,0.07,0.03,1.33,0.17,-0.03,0.07,0.24,0.34,0.09,-0.11,-1.27,-0.04,1.05,0.16,1.26,0.36,0.04,0.53,1.24,-0.01,0.49,0.39,0.43
 "45000","South Carolina",5,SQGDP11,51,"52","   Finance and insurance ","Percentage points",0.56,0.35,-1.06,1.26,-1.33,0.27,-0.29,0.17,0.63,0.06,1.06,-0.75,0.69,-1.13,-2.50,6.63,-0.37,-0.35,-1.80,1.22,-1.47,-0.61,0.56,0.67,-0.17,-0.35,-1.19,1.86,-1.36,-0.32,0.29,-1.64,1.13,0.83,0.22,1.21,-0.45,-1.38,-0.79,1.25,0.20,0.12,1.77,-2.56,1.43,0.97,0.92,-1.01,-0.64,0.64,0.18,-0.61,0.54,0.13,-1.44,1.68,-1.01,-0.02,1.19,-1.36,1.47,1.14,0.74,-0.19,0.18,0.27,0.37,0.27,0.19,-0.12,-0.23,-0.26
 "45000","South Carolina",5,SQGDP11,56,"53","   Real estate and rental and leasing ","Percentage points",0.44,-0.08,0.45,-0.23,0.43,1.17,1.73,1.94,1.17,1.68,0.10,-1.83,-1.24,-1.56,-0.06,0.98,-0.31,0.76,0.14,0.37,0.73,0.31,0.92,-0.02,1.34,-0.03,0.93,-0.81,0.06,0.21,-0.84,1.66,0.11,1.37,0.08,0.13,0.66,0.42,-0.24,-0.18,-0.03,0.29,0.34,0.61,0.52,-0.09,-0.02,0.19,0.57,0.19,0.65,0.61,0.21,0.20,0.20,-0.04,0.49,0.87,0.66,0.94,-0.61,2.35,-0.04,0.61,0.57,0.79,1.08,0.31,0.55,0.65,-0.19,0.66
 "45000","South Carolina",5,SQGDP11,60,"54","   Professional, scientific, and technical services ","Percentage points",-0.02,0.23,0.06,0.08,0.27,0.02,0.34,0.17,0.20,0.35,0.82,0.02,0.38,0.40,-0.18,-0.68,-0.60,-0.12,0.07,0.63,0.12,0.49,0.27,0.19,0.85,0.39,-0.04,0.48,0.07,-0.36,-0.55,0.92,-0.36,0.43,0.10,0.14,0.55,0.43,0.35,-0.18,0.50,0.46,0.28,0.44,0.39,0.17,0.39,0.66,0.08,0.18,0.41,0.45,0.21,0.25,0.13,-0.41,0.18,0.18,0.21,-0.30,-1.17,1.84,-0.13,0.14,1.17,0.67,0.57,1.11,0.16,0.45,0.34,-0.08
 "45000","South Carolina",5,SQGDP11,64,"55","   Management of companies and enterprises ","Percentage points",-0.17,-0.04,-0.08,0.23,-0.07,0.04,0.01,-0.10,-0.07,-0.12,-0.04,0.10,0.02,-0.01,0.13,-0.38,-0.08,0.24,-0.17,0.04,0.02,-0.11,0.22,0.11,0.01,-0.06,-0.03,0.17,0.15,0.14,-0.30,0.18,-0.05,0.14,0.14,-0.08,0.04,-0.03,0.23,-0.41,0.21,0.09,0.05,0.07,0.02,0.13,0.41,0.08,0.16,0.31,0.02,-0.01,0.16,0.16,0.22,0.55,0.03,0.14,0.20,-0.34,0.09,0.00,0.55,-0.35,0.44,-0.17,0.43,-0.26,0.10,0.04,0.09,-0.02
 "45000","South Carolina",5,SQGDP11,65,"56","   Administrative and support and waste management and remediation services ","Percentage points",0.38,-0.31,0.02,0.31,-0.39,0.07,0.27,0.43,0.45,0.38,0.11,-0.22,0.28,-0.27,-0.52,-0.73,-0.37,0.33,0.67,0.90,0.92,0.60,0.01,0.37,0.31,-0.29,-0.39,0.47,-0.01,-0.20,-0.22,0.19,-0.31,0.32,0.33,0.09,0.80,-0.09,-0.07,-0.15,0.16,0.00,-0.14,-0.52,0.14,0.06,0.29,0.56,-0.02,0.26,0.05,0.34,-0.11,0.11,0.53,-0.32,-0.10,-0.01,0.00,-0.44,-1.97,2.40,0.40,0.80,0.23,0.33,0.32,-0.24,0.12,0.06,-0.11,0.30
 "45000","South Carolina",5,SQGDP11,69,"61","   Educational services ","Percentage points",-0.01,0.00,0.04,0.06,0.02,0.00,0.01,0.05,-0.01,0.06,0.02,0.05,0.06,0.13,0.02,0.11,0.00,0.01,0.00,0.05,-0.01,0.09,-0.02,0.05,0.00,-0.04,0.02,0.01,0.02,-0.03,-0.03,-0.02,0.00,0.00,0.05,0.01,0.04,0.03,0.02,-0.04,0.01,0.01,0.06,0.03,0.03,-0.03,-0.02,-0.04,-0.01,-0.03,-0.01,0.05,0.00,0.00,0.04,0.01,0.00,0.03,-0.12,-0.08,-0.34,0.18,-0.09,0.06,0.11,0.04,0.03,0.15,-0.03,0.04,0.11,0.01
 "45000","South Carolina",5,SQGDP11,70,"62","   Health care and social assistance ","Percentage points",0.41,0.36,0.08,0.60,0.01,0.11,0.20,0.03,0.03,0.22,0.27,0.45,0.46,0.44,0.29,-0.36,0.14,-0.27,0.19,0.05,0.58,0.25,0.40,-0.38,0.51,0.20,-0.08,0.17,-0.20,0.02,0.35,0.19,-0.03,0.27,0.28,0.08,0.35,0.35,0.10,0.80,0.10,0.24,0.04,0.07,0.42,0.15,0.35,0.09,0.44,0.00,0.29,0.26,0.23,0.15,0.09,0.23,-0.07,0.30,0.35,-0.56,-2.70,4.55,0.50,-0.53,0.46,0.03,0.13,0.10,0.20,0.35,0.30,0.51
 "45000","South Carolina",5,SQGDP11,76,"71","   Arts, entertainment, and recreation ","Percentage points",-0.08,0.03,-0.11,0.20,0.00,-0.08,0.12,-0.08,0.03,0.15,0.21,-0.17,0.12,-0.04,-0.10,0.10,-0.05,-0.06,-0.20,0.70,-0.13,-0.02,0.03,0.08,0.10,-0.04,0.05,0.06,-0.06,-0.11,-0.05,-0.01,-0.13,0.04,0.04,0.03,0.03,0.06,-0.06,-0.03,-0.02,0.03,0.06,-0.03,-0.08,0.08,0.10,-0.10,0.06,0.07,0.05,-0.07,0.09,-0.01,0.00,0.02,-0.04,0.03,0.01,-0.35,-0.98,0.62,0.17,0.20,0.13,0.24,0.18,-0.21,0.10,0.11,0.07,0.13
 "45000","South Carolina",5,SQGDP11,79,"72","   Accommodation and food services ","Percentage points",-0.06,0.05,-0.08,0.49,-0.05,0.21,0.36,0.94,0.13,-0.27,-0.07,-0.99,-0.35,-0.18,-0.41,-0.14,-0.36,0.10,-0.14,0.46,-0.01,0.32,-0.16,0.25,0.27,-0.11,-0.07,0.39,0.05,-0.10,0.35,1.35,-0.01,0.20,0.15,0.27,0.42,0.13,0.11,0.30,-0.03,0.11,-0.06,0.24,-0.28,0.24,-0.14,0.16,-0.03,-0.04,0.05,0.07,0.18,-0.10,0.42,-0.48,-0.11,0.26,-0.12,-1.60,-4.23,5.29,-0.43,1.22,1.63,0.03,-0.22,0.19,0.31,0.02,-0.29,0.15
 "45000","South Carolina",5,SQGDP11,82,"81","   Other services (except government and government enterprises) ","Percentage points",0.02,0.14,-0.04,0.06,-0.02,-0.08,0.05,0.01,-0.03,-0.04,-0.05,-0.05,-0.06,-0.04,-0.05,-0.47,-0.08,-0.08,-0.06,-0.18,0.11,0.12,0.06,-0.12,-0.02,-0.05,-0.05,0.25,0.01,-0.08,-0.06,0.12,-0.06,0.17,0.02,-0.09,0.32,0.13,0.00,-0.05,0.03,-0.09,0.09,-0.13,-0.05,0.08,0.02,-0.03,-0.04,0.10,0.01,0.18,0.09,-0.01,0.04,-0.06,-0.05,0.20,0.06,-0.05,-1.44,1.46,0.03,-0.31,0.44,0.15,0.07,0.26,0.02,0.09,-0.01,-0.11
 "45000","South Carolina",5,SQGDP11,83,"..."," Government and government enterprises ","Percentage points",0.71,-0.16,1.20,-0.37,0.47,0.01,-0.44,-0.06,0.67,0.53,0.41,0.99,0.80,0.59,-0.88,-0.41,-0.11,-0.40,0.26,-0.98,0.35,-1.89,-0.30,0.87,0.69,-0.09,0.85,-0.45,0.05,0.92,-0.25,0.00,0.17,-0.91,-0.50,0.38,0.30,0.09,0.11,-0.40,0.36,0.58,0.44,0.81,0.05,0.05,0.34,-0.16,0.15,0.30,0.45,-0.83,0.81,-0.24,-0.81,0.12,0.78,1.08,1.27,-0.10,-2.61,3.31,-0.74,-0.52,0.58,0.43,-0.17,-0.89,-0.22,0.77,-0.16,0.55
 "45000","South Carolina",5,SQGDP11,84,"...","  Federal civilian ","Percentage points",-0.07,-0.06,0.12,0.05,0.03,0.13,-0.07,0.00,0.07,0.14,0.07,0.10,0.08,0.07,-0.03,-0.02,0.23,-0.16,0.12,0.15,0.19,-0.21,-0.03,0.00,-0.02,0.03,0.07,0.03,0.05,0.10,0.03,0.02,-0.08,-0.18,-0.07,0.07,0.04,0.04,0.05,0.11,0.10,0.06,0.07,0.07,0.02,0.01,0.06,0.06,0.02,0.07,0.04,0.02,0.05,0.01,0.00,-0.02,0.18,0.09,0.06,0.12,0.15,0.32,-0.19,0.00,-0.05,-0.04,-0.03,-0.01,0.00,-0.02,0.11,0.18
 "45000","South Carolina",5,SQGDP11,85,"...","  Military ","Percentage points",0.07,0.04,0.02,-0.12,0.07,-0.04,-0.07,0.03,0.20,0.23,-0.08,0.14,0.09,0.36,0.04,0.16,-0.11,-0.01,0.20,0.00,-0.22,-0.13,-0.08,0.02,0.04,-0.04,0.06,0.04,0.01,0.13,0.00,-0.04,-0.01,-0.25,-0.30,-0.03,0.00,-0.10,0.04,0.08,-0.03,-0.05,-0.15,-0.04,-0.05,-0.12,-0.13,-0.14,-0.02,0.00,-0.03,-0.58,0.01,0.02,-0.04,-0.29,0.17,0.54,-0.26,-0.13,-0.09,0.96,-0.30,0.16,0.03,0.26,-0.35,-0.40,-0.13,0.65,-0.30,0.07
 "45000","South Carolina",5,SQGDP11,86,"...","  State and local ","Percentage points",0.71,-0.14,1.06,-0.30,0.37,-0.08,-0.29,-0.09,0.39,0.16,0.41,0.75,0.64,0.15,-0.89,-0.55,-0.22,-0.22,-0.06,-1.13,0.38,-1.54,-0.19,0.85,0.67,-0.08,0.72,-0.52,-0.01,0.69,-0.29,0.01,0.26,-0.48,-0.14,0.34,0.27,0.15,0.02,-0.60,0.29,0.57,0.52,0.79,0.08,0.17,0.41,-0.09,0.15,0.23,0.44,-0.27,0.76,-0.27,-0.77,0.43,0.42,0.45,1.47,-0.09,-2.67,2.03,-0.25,-0.67,0.60,0.21,0.21,-0.48,-0.08,0.13,0.03,0.31
 "46000","South Dakota",4,SQGDP11,1,"...","All industry total (percent change) ","Percent change",-2.2,2.4,1.6,3.3,2.9,-1.6,-2.9,19.9,1.6,-4.8,2.5,25.2,-4.6,-4.0,-11.2,17.1,4.5,6.4,-3.0,-5.7,1.8,11.5,3.7,8.1,5.5,1.6,19.6,-0.1,-1.5,-19.1,18.1,-0.6,1.4,0.6,0.1,9.2,0.7,-4.9,-5.0,8.1,1.7,3.3,11.4,-11.6,3.1,7.9,-0.7,2.8,-6.3,-5.9,-5.9,20.0,-5.0,0.1,-2.6,3.8,-0.8,5.1,2.3,1.9,-17.8,31.7,5.6,1.5,4.6,-1.2,3.2,1.7,-1.7,-0.5,-4.3,10.1
 "46000","South Dakota",4,SQGDP11,2,"..."," Private industries ","Percentage points",-1.64,3.04,0.65,3.64,2.49,-1.49,-2.80,20.55,2.16,-5.18,2.53,24.92,-4.84,-4.40,-11.06,16.93,3.84,6.05,-2.99,-7.52,2.01,11.02,4.29,7.03,6.19,2.90,18.99,-1.00,0.25,-18.62,19.06,0.29,1.87,0.82,0.21,8.61,0.25,-4.90,-4.84,8.09,1.43,3.28,11.81,-12.79,3.30,7.31,-1.53,2.49,-6.81,-6.03,-6.44,19.95,-5.70,-0.18,-2.27,3.75,-1.32,5.05,1.86,1.71,-16.46,30.95,4.88,2.47,4.68,-1.70,3.74,1.67,-1.88,-0.47,-4.37,9.79
 "46000","South Dakota",4,SQGDP11,3,"11","   Agriculture, forestry, fishing and hunting ","Percentage points",0.16,0.57,1.07,-6.72,3.12,-1.45,-2.77,14.61,-3.91,-2.51,2.09,9.16,-1.29,0.24,0.15,3.59,0.25,2.10,0.79,-9.99,2.68,1.48,-1.50,11.20,-4.01,0.57,6.47,-5.09,-1.51,-15.88,19.18,5.11,0.23,-1.67,-1.15,-3.02,1.73,-3.06,0.61,-1.38,0.56,3.15,4.24,-5.21,1.97,0.57,-1.29,3.58,-2.47,-4.71,-3.45,10.09,-0.79,0.17,2.75,-3.77,-0.82,-0.10,-2.12,8.13,-0.97,-1.65,-0.22,-1.59,4.01,-1.30,-4.59,1.50,0.66,-1.25,-5.07,9.27
 "46000","South Dakota",4,SQGDP11,6,"21","   Mining, quarrying, and oil and gas extraction ","Percentage points",0.05,-0.06,-0.25,0.03,0.01,-0.05,0.04,0.07,0.04,0.09,0.01,-0.04,-0.04,-0.03,0.10,-0.02,-0.11,-0.16,0.38,-0.26,0.38,-0.03,0.06,-0.36,0.03,0.14,-0.07,-0.05,0.17,-0.07,0.33,-0.24,-0.19,0.03,0.04,-0.04,0.00,-0.09,-0.02,0.00,-0.22,0.04,0.11,0.11,0.04,-0.06,0.09,-0.01,0.07,-0.01,-0.05,-0.07,-0.07,-0.03,-0.03,-0.09,-0.01,0.10,0.10,0.28,0.13,-0.03,-0.02,0.18,0.04,0.08,0.11,-0.10,-0.16,0.10,0.10,0.02
 "46000","South Dakota",4,SQGDP11,10,"22","   Utilities ","Percentage points",0.73,-0.13,0.14,0.01,0.21,-0.17,-0.42,0.97,-0.31,0.14,0.32,-0.26,0.54,0.14,-1.06,0.51,-0.10,0.42,-0.11,1.59,-0.75,0.19,-0.06,-0.11,0.32,-0.08,0.90,-0.49,0.27,-0.14,-0.14,0.26,0.24,-0.38,0.39,-0.35,-0.18,0.06,-0.03,-0.32,0.46,0.11,-0.16,0.42,0.12,0.09,0.21,-0.04,-0.05,-0.23,0.00,0.01,-0.01,-0.26,0.04,-0.26,0.60,-0.10,0.39,0.00,-0.11,0.18,-0.51,0.28,0.12,-0.18,-0.36,0.14,0.12,-0.29,-0.12,-0.06
 "46000","South Dakota",4,SQGDP11,11,"23","   Construction ","Percentage points",-0.11,-0.10,-0.37,0.30,-0.01,-0.55,-0.69,0.02,0.61,0.63,-0.04,-0.73,-0.20,0.05,-0.77,-0.22,1.24,1.49,-1.93,0.05,0.18,0.07,0.08,-0.99,0.60,0.22,0.89,0.28,-0.24,-0.66,0.18,-0.31,0.07,0.71,-0.34,0.01,0.05,-0.07,-0.05,0.58,-0.18,-0.79,0.03,0.12,0.34,1.39,-1.28,-0.10,-0.31,-0.31,0.35,0.37,-0.18,0.22,0.05,0.29,0.01,0.26,0.16,-0.87,0.06,0.34,0.31,0.55,0.16,-0.91,-0.62,0.41,-0.62,-0.55,-0.30,-0.08
 "46000","South Dakota",4,SQGDP11,12,"31-33","   Manufacturing ","Percentage points",-0.55,-0.54,0.04,4.04,-1.08,-0.55,1.50,0.19,1.84,1.61,1.10,-2.98,0.87,0.25,-0.56,-5.95,0.63,0.55,0.43,0.87,0.22,1.85,-0.52,2.10,1.70,0.50,2.88,-3.74,0.62,-0.29,0.29,0.60,0.03,-0.77,-0.32,0.84,0.55,0.92,-0.33,0.63,-0.88,-0.14,-0.24,3.20,-1.90,0.53,-0.17,-1.20,1.30,1.25,0.74,-1.36,-0.17,-0.49,-1.64,0.14,-1.58,-0.15,-0.20,0.80,-1.80,4.57,0.73,0.26,0.40,-0.68,2.06,-1.42,-0.78,0.05,0.67,-0.23
 "46000","South Dakota",4,SQGDP11,13,"321,327-339","     Durable goods manufacturing ","Percentage points",0.57,0.56,0.88,-0.12,0.62,-0.28,0.96,0.54,1.11,0.94,0.40,0.41,-0.15,0.16,-1.76,-1.71,-1.00,-0.75,-0.53,0.36,0.18,1.24,0.44,0.89,1.79,0.52,2.84,-2.05,0.19,-0.03,0.58,0.86,0.12,-0.09,-0.21,-0.98,-0.21,0.44,-0.34,0.15,0.13,0.24,0.16,1.07,-0.63,-0.43,-0.81,-0.31,-0.55,0.08,0.28,0.20,-0.03,0.17,-0.38,-0.52,-0.33,0.02,0.00,0.21,-1.62,2.85,0.86,0.02,0.72,-0.64,1.13,-0.78,-0.37,-0.12,0.62,-0.19
 "46000","South Dakota",4,SQGDP11,25,"311-316,322-326","     Nondurable goods manufacturing ","Percentage points",-1.12,-1.10,-0.84,4.16,-1.70,-0.27,0.54,-0.35,0.73,0.67,0.71,-3.39,1.02,0.09,1.20,-4.24,1.63,1.31,0.96,0.52,0.04,0.61,-0.97,1.21,-0.10,-0.02,0.04,-1.69,0.44,-0.26,-0.29,-0.27,-0.09,-0.69,-0.11,1.82,0.76,0.48,0.01,0.48,-1.02,-0.38,-0.41,2.12,-1.26,0.97,0.64,-0.89,1.85,1.16,0.46,-1.57,-0.14,-0.66,-1.26,0.66,-1.25,-0.16,-0.19,0.59,-0.19,1.72,-0.13,0.24,-0.32,-0.05,0.93,-0.64,-0.41,0.16,0.05,-0.04
 "46000","South Dakota",4,SQGDP11,34,"42","   Wholesale trade ","Percentage points",-0.27,0.22,0.72,-0.59,0.13,-0.03,0.26,-0.15,1.10,0.22,0.35,1.37,-0.10,0.08,-0.88,-0.90,-0.79,0.50,1.10,0.19,1.94,-0.03,-0.52,0.05,-0.21,0.46,1.93,-0.07,0.58,0.09,-0.16,0.90,-0.17,0.26,0.54,0.37,0.46,1.22,-0.34,-0.06,0.53,-0.25,-0.07,-0.45,-0.24,0.30,-0.15,-0.47,0.03,-0.24,-0.04,0.38,0.09,0.34,-0.40,-0.15,-0.96,0.08,-0.31,0.88,-1.82,2.96,0.00,0.91,-0.17,-0.68,1.35,0.21,-0.60,0.53,0.37,0.20
 "46000","South Dakota",4,SQGDP11,35,"44-45","   Retail trade ","Percentage points",0.65,-0.21,-1.17,1.50,0.25,-0.62,0.43,-0.63,-0.47,0.22,0.19,-0.39,-0.35,0.00,-0.26,0.22,0.35,-0.22,0.46,1.36,0.13,0.22,-0.43,1.29,-0.42,-0.25,0.87,-0.23,-0.23,0.29,0.12,1.35,-0.54,-0.04,0.41,-0.24,0.42,0.69,-0.29,0.11,0.58,0.22,-0.38,0.01,0.01,-0.01,0.48,-0.46,0.22,0.45,-0.23,0.28,-0.22,0.50,-0.27,0.18,0.10,0.35,0.23,-1.17,-1.38,2.09,0.11,1.57,-1.95,-1.02,0.20,-0.07,-0.06,0.56,0.94,0.90
 "46000","South Dakota",4,SQGDP11,36,"48-49","   Transportation and warehousing ","Percentage points",0.07,0.34,-0.17,0.36,-0.04,-0.15,0.13,-0.54,0.18,0.04,0.28,-0.66,0.12,-0.14,-0.31,-0.58,0.12,0.11,0.17,-0.18,0.21,0.27,0.02,0.04,-0.06,-0.07,0.03,-0.01,-0.05,-0.14,0.09,-0.05,-0.07,0.03,0.06,0.31,-0.03,0.27,0.01,-0.07,0.14,0.11,-0.16,-0.32,0.15,-0.05,0.30,0.01,0.09,-0.04,0.06,-0.04,-0.23,0.09,-0.07,-0.41,0.00,0.27,0.07,-0.08,-1.40,1.39,-0.21,0.15,-0.46,0.13,0.02,-0.50,-0.07,0.18,0.25,0.04
 "46000","South Dakota",4,SQGDP11,45,"51","   Information ","Percentage points",0.32,0.06,-0.37,0.38,0.04,0.75,-0.18,0.10,0.86,-0.37,0.36,0.10,0.08,0.14,-0.16,0.44,-0.15,0.33,0.18,0.44,0.06,0.35,-0.18,-0.46,0.27,-0.08,0.19,-0.31,0.21,-0.22,-0.42,0.85,0.06,-0.18,-0.14,0.87,0.00,-0.03,0.61,-0.16,0.61,0.10,0.38,-0.11,-0.16,0.01,0.02,-0.13,0.09,0.22,-0.17,1.18,0.01,0.01,-0.12,1.16,-0.06,0.23,-0.17,-0.75,-0.15,0.70,-0.06,-0.38,0.74,-0.05,0.46,0.17,-0.15,0.18,0.22,0.12
 "46000","South Dakota",4,SQGDP11,51,"52","   Finance and insurance ","Percentage points",-1.93,2.39,1.03,2.64,-0.65,1.23,-2.17,6.55,0.00,-5.98,-4.19,16.56,-4.69,-5.25,-6.31,21.03,4.77,0.17,-4.00,-6.81,-4.24,2.83,7.14,-5.15,5.67,2.07,0.95,8.36,-3.28,-0.83,-1.24,-10.30,2.78,1.05,-0.18,9.25,-3.02,-5.65,-5.09,6.17,-0.66,0.44,7.91,-9.55,2.55,4.94,-0.68,-0.31,-5.86,-2.66,-3.65,9.53,-3.90,-1.12,-3.23,5.28,0.28,2.69,5.01,-7.24,2.99,4.19,3.89,0.19,-0.04,0.97,1.26,-0.79,-0.28,-0.89,-1.55,-1.14
 "46000","South Dakota",4,SQGDP11,56,"53","   Real estate and rental and leasing ","Percentage points",-0.16,-0.55,0.51,0.32,0.26,0.65,0.18,0.07,0.66,0.49,0.71,-0.04,-0.15,-0.63,-0.53,0.37,-0.71,0.52,0.50,1.95,1.24,0.35,0.49,-0.40,0.65,0.23,1.78,0.55,1.14,0.75,-0.21,0.21,-0.04,0.43,-0.07,-0.75,-0.06,0.13,0.06,0.56,-0.20,0.21,-0.22,-0.32,-0.10,-0.15,-0.07,0.29,0.24,-0.60,-0.69,-0.90,-0.59,-0.50,0.07,0.50,0.32,0.56,0.11,-0.02,-0.30,1.19,0.29,0.58,0.30,0.34,0.40,0.11,-0.28,0.06,-0.41,-0.18
 "46000","South Dakota",4,SQGDP11,60,"54","   Professional, scientific, and technical services ","Percentage points",0.17,0.17,-0.09,0.41,-0.08,0.13,0.40,-0.39,0.16,0.50,0.38,0.38,0.56,0.00,0.09,-0.22,-0.30,-0.05,-0.04,0.89,-0.13,0.82,-0.11,0.24,0.47,-0.18,-0.11,0.18,0.17,-0.13,0.04,0.61,-0.11,0.31,0.40,-0.32,0.14,0.53,-0.10,0.07,0.13,-0.04,0.07,-0.64,0.00,0.03,0.19,-0.13,0.10,0.14,0.27,0.37,0.16,0.07,0.19,-0.04,0.26,0.38,0.00,0.35,-0.10,0.84,-0.17,0.32,0.26,0.69,0.63,0.88,-0.03,0.17,0.23,-0.01
 "46000","South Dakota",4,SQGDP11,64,"55","   Management of companies and enterprises ","Percentage points",-0.34,0.45,-0.52,-0.24,0.04,-0.12,-0.05,-0.14,0.64,-0.22,-0.13,1.06,-0.21,-0.04,-0.09,-0.10,0.11,-0.11,-0.22,0.64,0.09,0.80,-0.06,-0.20,-0.25,-0.01,0.43,-0.02,0.05,0.20,0.25,-0.16,-0.24,0.33,0.32,0.30,-0.18,-0.04,-0.01,0.39,0.01,0.00,-0.02,0.29,-0.05,0.14,0.14,-0.19,0.14,0.14,0.40,-0.32,0.25,0.34,-0.33,0.66,-0.06,-0.11,-0.44,0.51,-0.04,0.01,0.34,-0.25,0.35,0.21,0.18,1.06,0.09,0.03,0.15,-0.05
 "46000","South Dakota",4,SQGDP11,65,"56","   Administrative and support and waste management and remediation services ","Percentage points",-0.18,0.17,0.03,0.04,0.08,-0.18,0.30,0.29,0.45,0.09,0.12,-0.28,-0.03,0.04,-0.18,-0.16,-0.09,-0.12,0.02,0.45,0.05,0.09,0.09,0.06,0.21,-0.11,0.11,0.07,-0.21,0.04,-0.01,-0.30,0.12,0.14,0.06,0.23,0.13,-0.01,-0.25,0.02,-0.12,0.09,0.13,-0.34,-0.02,0.01,0.40,-0.02,0.11,-0.09,0.06,0.17,-0.02,0.19,-0.04,0.09,0.17,0.11,-0.04,0.26,-0.60,0.63,0.08,0.59,-0.11,0.33,0.47,0.36,-0.02,0.01,0.08,0.04
 "46000","South Dakota",4,SQGDP11,69,"61","   Educational services ","Percentage points",-0.13,0.05,0.01,0.04,-0.06,-0.03,-0.03,-0.09,-0.03,-0.06,0.12,0.12,0.04,0.07,0.01,0.15,-0.06,0.09,-0.05,0.62,-0.53,0.16,-0.09,0.09,0.06,-0.23,0.12,-0.02,0.07,-0.07,-0.08,-0.04,-0.07,0.04,-0.01,-0.01,-0.02,-0.01,-0.01,-0.06,0.01,0.08,-0.07,0.17,-0.03,-0.11,0.03,-0.04,-0.05,-0.01,0.09,0.09,0.02,0.05,0.02,0.00,-0.02,-0.03,-0.05,0.02,-0.38,0.19,-0.18,0.11,0.00,0.07,0.08,-0.01,0.00,-0.01,0.05,0.04
 "46000","South Dakota",4,SQGDP11,70,"62","   Health care and social assistance ","Percentage points",-0.30,0.34,-0.09,0.26,0.30,0.02,0.39,-0.76,0.58,0.33,0.42,1.67,-0.05,0.88,0.05,1.08,-0.74,0.45,-0.32,-0.03,0.19,1.22,0.02,-0.53,1.19,-0.18,1.56,-1.05,2.38,-1.49,0.69,0.47,-0.18,0.35,-0.07,0.84,0.02,-0.02,0.18,1.44,0.59,-0.15,0.49,-0.06,0.71,-0.05,-0.24,1.57,-0.39,0.59,-0.34,0.71,-0.28,0.28,0.40,1.14,0.57,0.18,-0.48,1.88,-5.53,7.76,1.11,-1.86,0.33,0.04,1.41,-0.53,0.22,0.50,0.03,0.89
 "46000","South Dakota",4,SQGDP11,76,"71","   Arts, entertainment, and recreation ","Percentage points",0.08,0.00,0.00,0.04,0.04,-0.04,-0.01,0.12,-0.02,-0.01,0.09,0.04,-0.04,0.00,0.06,0.03,-0.08,0.09,-0.04,0.20,0.00,0.04,0.04,-0.01,0.04,-0.10,0.01,0.02,0.01,-0.08,-0.04,-0.04,-0.06,0.01,0.03,0.08,0.03,0.02,0.07,-0.11,-0.05,0.03,0.01,-0.15,0.02,-0.03,0.12,0.01,0.03,0.08,0.03,-0.07,0.09,-0.06,0.02,0.05,-0.10,0.04,0.04,0.00,-1.01,0.65,0.14,0.28,-0.02,0.23,0.20,-0.18,0.03,0.11,0.02,0.01
 "46000","South Dakota",4,SQGDP11,79,"72","   Accommodation and food services ","Percentage points",0.19,-0.09,0.20,0.76,-0.02,-0.31,-0.07,0.39,-0.16,-0.29,0.31,-0.05,0.21,-0.18,-0.42,-2.20,-0.38,-0.07,-0.21,0.46,0.21,0.18,-0.16,0.23,-0.01,0.07,0.02,0.51,0.13,-0.01,0.20,1.39,-0.01,0.09,0.21,0.18,0.04,0.16,0.12,0.13,0.11,0.19,-0.15,0.06,-0.09,-0.17,0.36,0.11,-0.06,-0.20,0.09,-0.33,0.10,-0.08,0.19,-0.68,-0.11,0.09,-0.44,-1.19,-3.19,3.67,-0.85,1.07,0.53,-0.12,0.25,0.48,0.03,-0.05,-0.09,0.07
 "46000","South Dakota",4,SQGDP11,82,"81","   Other services (except government and government enterprises) ","Percentage points",-0.10,-0.06,-0.05,0.05,-0.08,-0.03,-0.06,-0.14,-0.06,-0.10,0.03,-0.11,-0.11,0.00,0.02,-0.17,-0.09,-0.01,-0.08,0.04,0.07,0.15,-0.02,-0.06,-0.05,-0.07,0.05,0.12,-0.03,0.02,-0.01,-0.02,0.01,0.07,0.03,0.07,0.17,0.08,0.02,0.16,0.00,-0.15,-0.08,-0.02,-0.05,-0.08,0.01,0.02,-0.02,0.19,0.10,-0.14,0.05,0.09,0.14,-0.35,0.10,0.20,-0.01,-0.10,-0.85,1.27,0.11,-0.48,0.19,0.15,0.25,-0.05,0.00,0.11,0.04,-0.07
 "46000","South Dakota",4,SQGDP11,83,"..."," Government and government enterprises ","Percentage points",-0.53,-0.62,0.91,-0.35,0.40,-0.09,-0.15,-0.69,-0.52,0.37,-0.01,0.32,0.19,0.37,-0.15,0.12,0.67,0.36,-0.06,1.86,-0.17,0.45,-0.63,1.07,-0.70,-1.25,0.58,0.85,-1.72,-0.49,-0.99,-0.86,-0.42,-0.17,-0.07,0.57,0.42,0.00,-0.15,0.05,0.25,0.02,-0.45,1.16,-0.23,0.55,0.86,0.27,0.53,0.16,0.57,0.06,0.68,0.33,-0.34,0.09,0.53,0.03,0.40,0.17,-1.38,0.77,0.70,-1.01,-0.04,0.50,-0.51,0.04,0.21,0.01,0.06,0.32
 "46000","South Dakota",4,SQGDP11,84,"...","  Federal civilian ","Percentage points",0.05,0.01,0.17,0.02,0.00,-0.05,-0.18,-0.19,-0.27,-0.24,-0.47,-0.49,-0.26,-0.12,0.17,0.39,0.62,0.27,0.32,0.52,0.43,0.13,-0.08,-0.09,-0.07,-0.14,0.11,-0.04,-0.14,-0.33,-0.75,-0.91,-0.81,-0.57,-0.23,0.11,0.13,0.22,0.31,0.43,0.30,0.18,0.12,0.01,0.06,0.19,0.22,0.36,0.28,0.28,0.23,0.15,0.25,0.00,-0.01,-0.09,0.13,0.03,0.06,0.17,0.09,-0.21,-0.13,-0.47,-0.25,-0.25,-0.20,-0.04,0.01,-0.04,0.10,0.10
 "46000","South Dakota",4,SQGDP11,85,"...","  Military ","Percentage points",-0.06,-0.13,-0.02,-0.19,0.01,0.09,0.00,-0.06,-0.01,0.10,0.03,0.14,0.06,0.05,0.03,0.09,0.07,0.12,0.06,0.04,0.04,-0.02,-0.02,-0.06,-0.06,-0.01,-0.04,-0.07,-0.08,-0.06,0.01,-0.06,-0.04,-0.02,-0.08,-0.03,-0.02,-0.09,-0.10,-0.12,-0.01,0.05,0.02,0.17,0.05,0.04,0.02,-0.07,0.02,0.04,0.02,-0.08,0.01,0.02,-0.02,-0.01,0.09,0.01,0.01,-0.04,0.11,0.00,0.00,0.13,0.04,-0.04,0.01,-0.08,-0.03,0.04,-0.02,0.00
 "46000","South Dakota",4,SQGDP11,86,"...","  State and local ","Percentage points",-0.52,-0.50,0.76,-0.18,0.39,-0.13,0.03,-0.45,-0.23,0.51,0.43,0.67,0.40,0.44,-0.35,-0.36,-0.01,-0.02,-0.45,1.29,-0.64,0.35,-0.54,1.23,-0.58,-1.10,0.52,0.97,-1.50,-0.11,-0.25,0.11,0.43,0.41,0.24,0.48,0.31,-0.12,-0.36,-0.25,-0.05,-0.21,-0.59,0.98,-0.35,0.32,0.62,-0.02,0.24,-0.15,0.32,-0.01,0.43,0.31,-0.30,0.18,0.31,0.00,0.32,0.04,-1.57,0.99,0.82,-0.67,0.17,0.78,-0.31,0.16,0.22,0.01,-0.02,0.22
 "47000","Tennessee",5,SQGDP11,1,"...","All industry total (percent change) ","Percent change",2.3,5.4,2.1,2.8,3.5,-2.2,2.5,-9.0,3.2,3.1,6.2,-1.6,0.9,-1.5,-11.6,-3.4,-2.3,-1.0,4.0,1.4,0.9,1.3,3.8,1.9,5.4,3.0,5.9,3.8,4.6,-2.0,1.0,5.5,-3.7,2.1,1.4,0.6,3.9,2.3,1.0,5.7,5.8,2.3,0.3,1.1,0.6,3.8,4.8,2.6,1.3,2.0,5.0,-1.6,1.4,3.0,-0.8,5.0,1.7,4.2,-0.8,2.3,-39.4,54.2,7.3,14.0,4.0,3.9,10.3,3.7,0.3,3.9,4.3,3.5
 "47000","Tennessee",5,SQGDP11,2,"..."," Private industries ","Percentage points",2.21,4.54,1.34,3.38,3.25,-1.38,3.53,-6.91,3.93,3.45,5.14,-3.37,-0.22,-2.89,-11.64,-4.10,-2.45,-0.15,4.89,2.32,1.89,2.18,3.60,0.65,4.68,2.94,4.98,3.60,4.78,-2.87,1.50,5.45,-3.35,2.79,1.15,-0.31,4.11,2.56,1.73,5.40,5.70,1.85,0.75,0.85,0.98,3.32,4.23,3.28,0.56,2.22,4.68,-1.17,1.11,3.21,-0.32,5.81,1.64,3.98,-1.13,2.41,-37.85,53.18,7.24,14.35,3.35,3.53,10.41,3.70,0.34,3.76,4.01,3.00
 "47000","Tennessee",5,SQGDP11,3,"11","   Agriculture, forestry, fishing and hunting ","Percentage points",0.30,0.64,0.86,0.08,-0.35,-0.22,0.35,-0.96,0.02,-0.14,-0.55,0.86,-0.45,0.08,0.99,-1.12,0.06,0.30,0.07,-1.28,0.19,0.06,-0.18,0.50,-0.35,-0.01,0.08,-0.40,0.00,-0.19,-0.02,1.06,0.06,0.25,-0.36,-0.22,0.22,-0.38,-0.11,0.47,-0.01,0.09,0.24,-0.33,0.07,-0.05,-0.13,0.04,-0.08,0.11,0.42,-0.60,0.47,-0.21,-0.50,0.40,-0.18,0.25,0.21,-0.12,-0.46,0.40,0.07,1.02,-0.90,-0.14,-0.40,0.11,0.01,-0.02,0.03,0.18
 "47000","Tennessee",5,SQGDP11,6,"21","   Mining, quarrying, and oil and gas extraction ","Percentage points",0.04,-0.21,-0.05,0.30,-0.24,0.04,0.30,0.04,0.00,-0.12,-0.23,0.00,-0.20,-0.10,0.17,-0.08,-0.14,-0.06,-0.19,0.21,-0.09,0.04,0.09,-0.39,0.02,-0.04,0.08,-0.16,0.02,-0.16,0.11,-0.02,-0.01,0.02,0.03,0.04,0.03,-0.01,-0.10,0.04,0.01,-0.04,0.10,0.20,-0.21,-0.03,0.01,-0.03,0.08,0.07,0.02,0.07,0.09,-0.02,-0.02,-0.03,0.02,-0.02,-0.02,0.04,-0.01,0.00,0.02,0.12,-0.02,0.20,0.05,0.04,-0.01,0.08,0.06,-0.01
 "47000","Tennessee",5,SQGDP11,10,"22","   Utilities ","Percentage points",0.00,0.04,-0.15,-0.01,0.18,0.06,0.11,-0.22,0.10,0.07,-0.13,0.50,0.12,-0.06,-0.49,0.30,-0.24,0.14,0.25,-0.09,0.21,0.03,0.17,-0.67,0.40,0.02,0.12,-0.22,0.11,-0.03,-0.12,0.01,-0.02,-0.02,0.03,-0.08,0.05,0.03,0.02,-0.24,0.14,0.03,0.06,-0.22,0.15,0.13,-0.02,-0.08,-0.01,-0.07,-0.04,0.08,0.06,-0.02,-0.01,0.18,0.09,-0.09,0.12,0.19,-0.02,-0.03,-0.11,0.08,0.07,-0.05,0.01,0.05,0.00,-0.14,0.01,-0.02
 "47000","Tennessee",5,SQGDP11,11,"23","   Construction ","Percentage points",-0.12,-0.16,-0.12,0.29,-0.19,-0.55,-0.23,-0.45,0.45,-0.02,0.06,-1.29,-0.17,0.01,-0.88,-0.92,-0.43,0.31,-0.87,-0.04,0.38,-0.47,-0.52,0.25,0.78,0.09,0.07,1.06,-0.41,0.10,-0.14,-0.32,-0.34,0.01,-0.22,0.03,0.10,-0.43,-0.17,0.00,0.45,0.17,0.03,0.18,-0.55,0.12,0.69,0.04,-0.34,0.03,0.69,-0.17,0.16,0.25,-0.25,0.91,-0.17,-0.05,-0.50,0.49,-0.51,0.32,0.52,0.59,-0.01,-0.23,-0.25,0.68,-0.80,-0.77,0.04,0.04
 "47000","Tennessee",5,SQGDP11,12,"31-33","   Manufacturing ","Percentage points",-0.20,1.06,2.22,0.52,0.49,-0.59,0.13,-3.55,0.26,0.56,2.20,-1.06,0.52,0.11,-5.07,-5.53,2.20,-0.74,2.33,-1.19,-0.94,0.11,1.00,0.50,0.82,1.42,0.56,1.18,2.85,-3.39,1.28,2.95,-1.05,1.29,-0.10,-1.05,0.39,0.65,0.30,0.54,1.10,-0.47,-0.33,1.05,0.15,1.26,0.94,2.08,1.61,-0.10,1.28,-3.55,0.28,-0.58,-0.04,0.41,0.89,0.86,-0.41,-0.03,-8.16,13.65,1.41,1.99,1.15,-0.26,1.66,2.16,-1.06,0.04,0.80,-0.86
 "47000","Tennessee",5,SQGDP11,13,"321,327-339","     Durable goods manufacturing ","Percentage points",0.13,0.56,1.43,0.81,0.36,-1.03,-0.79,-2.34,-1.03,0.12,1.30,0.71,0.78,1.92,-3.55,-4.25,-0.83,-0.85,0.55,-0.99,-0.11,0.47,0.30,1.81,0.49,1.42,0.74,0.23,2.60,-2.32,1.27,0.57,-0.39,0.51,0.39,-0.78,0.74,0.63,0.41,-0.40,1.52,0.08,0.45,0.32,-0.04,0.76,0.53,0.85,0.52,-0.07,0.25,-1.06,-0.58,-0.25,-0.23,0.95,-0.03,-0.18,-0.56,0.94,-6.76,10.17,1.40,1.64,0.42,-0.10,0.66,2.48,-0.06,0.00,0.61,-0.52
 "47000","Tennessee",5,SQGDP11,25,"311-316,322-326","     Nondurable goods manufacturing ","Percentage points",-0.33,0.50,0.79,-0.29,0.13,0.44,0.92,-1.22,1.29,0.44,0.90,-1.77,-0.25,-1.82,-1.52,-1.28,3.03,0.11,1.78,-0.21,-0.83,-0.37,0.70,-1.31,0.33,-0.01,-0.17,0.95,0.24,-1.07,0.01,2.38,-0.66,0.78,-0.49,-0.27,-0.34,0.02,-0.12,0.94,-0.42,-0.55,-0.78,0.72,0.18,0.50,0.41,1.22,1.09,-0.02,1.04,-2.49,0.87,-0.33,0.19,-0.54,0.92,1.04,0.15,-0.97,-1.40,3.48,0.01,0.35,0.74,-0.16,1.00,-0.33,-1.00,0.04,0.20,-0.34
 "47000","Tennessee",5,SQGDP11,34,"42","   Wholesale trade ","Percentage points",0.30,0.33,0.24,0.15,-0.01,0.15,0.23,-0.43,1.21,-0.27,0.75,0.05,0.28,-0.44,-1.34,-2.27,-1.16,-0.07,1.10,0.02,0.82,1.13,-0.67,0.01,-0.10,0.01,1.63,-0.46,1.38,-0.60,1.07,-0.64,-0.17,0.15,0.10,-0.07,0.36,1.11,0.10,-0.44,0.65,-0.24,0.27,-0.70,0.23,0.92,-0.39,-0.21,-0.60,-0.15,0.57,0.10,-0.22,0.32,-0.49,1.16,-0.55,0.25,-0.62,1.38,-1.76,2.94,-0.20,1.47,0.17,-0.14,0.66,0.51,-0.50,0.48,0.53,0.17
 "47000","Tennessee",5,SQGDP11,35,"44-45","   Retail trade ","Percentage points",1.02,0.52,-0.88,0.28,0.46,-0.63,0.72,-0.85,-0.53,0.61,-0.34,-0.75,-0.23,-0.40,-0.91,-0.64,-0.31,-0.34,1.00,-0.13,1.39,-0.82,0.09,0.26,-0.06,0.20,0.28,0.09,0.01,0.04,-0.27,0.63,-0.43,-0.17,-0.10,0.38,0.08,0.01,0.37,-0.14,0.69,0.72,-0.16,0.64,0.34,0.02,0.31,0.13,0.05,0.22,0.49,0.41,0.01,0.97,-0.48,0.86,0.00,0.07,-0.09,-0.06,-1.68,3.07,0.17,1.43,-0.77,-1.16,1.23,-2.02,0.23,0.58,0.68,0.56
 "47000","Tennessee",5,SQGDP11,36,"48-49","   Transportation and warehousing ","Percentage points",0.20,1.47,-0.11,-0.16,0.27,-0.11,-0.07,-1.09,0.59,-0.44,0.22,-0.49,-0.15,-0.19,-0.56,-1.11,0.05,-0.50,0.65,-0.22,0.14,0.81,0.30,-0.33,0.43,-0.50,0.20,0.20,-0.23,0.29,-0.28,0.28,0.03,-0.16,-0.15,0.12,-0.18,0.42,-0.08,0.03,0.15,0.46,0.35,-0.50,0.63,-0.08,0.10,-0.08,0.14,0.34,-0.04,0.11,-0.35,0.28,0.31,-0.50,0.22,-0.11,0.71,0.12,-2.26,3.23,0.74,0.19,-1.25,0.69,-0.30,-1.14,0.19,0.43,0.37,0.18
 "47000","Tennessee",5,SQGDP11,45,"51","   Information ","Percentage points",0.49,-0.26,-0.98,1.53,0.98,-0.10,0.29,0.43,-0.02,0.64,0.53,-0.84,0.52,0.35,0.32,0.33,-0.20,0.27,0.11,1.20,-0.68,0.13,-0.48,0.41,0.17,-0.07,0.64,-1.39,0.63,-0.42,-0.12,-0.50,-0.29,-0.11,-0.28,-0.26,0.33,0.05,0.25,0.73,0.24,0.38,0.15,0.11,0.18,0.35,-0.13,0.86,-0.55,0.38,0.38,0.87,0.31,-0.85,-0.25,0.11,0.28,0.66,-0.20,-0.12,-0.23,0.76,0.09,0.57,1.13,0.63,0.39,1.60,0.05,0.58,0.46,0.35
 "47000","Tennessee",5,SQGDP11,51,"52","   Finance and insurance ","Percentage points",-0.23,-0.01,0.16,-0.20,-0.30,0.59,-0.19,-0.37,0.10,0.28,-0.25,0.61,0.34,-1.86,-2.90,5.15,-0.30,0.12,-0.63,0.26,-0.54,0.48,0.94,-0.30,-0.51,0.97,0.50,0.70,0.32,-0.25,-0.91,-0.06,-0.32,0.27,0.91,0.50,0.65,-0.40,-0.03,0.41,0.87,-0.81,0.85,-0.37,0.77,0.75,0.52,-0.38,-0.60,0.50,-0.05,0.23,-0.35,1.22,-0.55,-0.29,-0.15,0.10,1.15,-0.64,1.07,0.84,1.66,0.57,0.53,0.67,-0.46,-0.28,0.32,-0.10,-0.55,-0.47
 "47000","Tennessee",5,SQGDP11,56,"53","   Real estate and rental and leasing ","Percentage points",0.61,0.47,-0.01,-0.98,0.38,0.53,1.51,1.05,1.11,1.14,0.87,-1.82,-1.13,-1.19,-0.15,0.94,-0.33,0.62,0.35,0.54,0.89,0.26,0.90,-0.36,1.26,0.20,0.91,-0.20,0.27,0.46,-0.25,0.95,-0.01,0.64,-0.17,-0.16,0.27,0.35,0.27,0.52,0.00,0.23,0.14,0.18,0.37,-0.17,0.18,0.70,0.10,0.09,0.06,-0.21,-0.09,0.41,0.48,0.94,0.80,0.30,-0.31,-0.26,-2.03,1.89,-0.30,1.02,0.46,0.89,1.24,0.13,0.71,0.68,0.09,0.74
 "47000","Tennessee",5,SQGDP11,60,"54","   Professional, scientific, and technical services ","Percentage points",-0.57,-0.10,-0.27,0.76,-0.21,0.08,0.30,-0.69,0.18,0.51,0.70,0.31,0.61,0.48,-0.27,-0.63,-0.63,0.07,-0.64,1.33,-0.32,0.19,0.42,-0.21,0.55,0.08,-0.16,0.90,-0.04,-0.09,0.43,0.11,-0.43,0.38,0.76,-0.10,0.14,0.85,0.07,0.28,0.88,0.07,-0.68,0.52,-0.22,-0.51,0.71,0.05,0.48,0.16,0.57,1.28,0.00,0.55,-0.38,0.94,0.19,1.04,-0.24,0.13,-1.32,2.25,0.80,0.67,0.82,0.29,0.83,0.61,0.17,0.42,0.68,0.24
 "47000","Tennessee",5,SQGDP11,64,"55","   Management of companies and enterprises ","Percentage points",-0.28,-0.07,-0.11,0.32,0.77,-0.96,0.34,-0.29,0.28,0.57,-0.20,0.55,-0.41,-0.23,0.30,-0.43,-0.01,0.17,-0.03,0.48,0.14,-0.21,0.19,0.48,-0.26,-0.09,0.36,0.90,-0.18,0.86,0.01,0.42,-0.16,-0.02,-0.11,-0.04,0.51,-0.30,0.68,-0.04,-0.07,0.62,0.16,-0.14,-0.13,0.15,0.32,0.07,-0.06,0.19,0.06,0.40,0.30,0.07,0.54,-0.11,0.03,0.98,-0.63,-0.32,0.05,0.00,0.51,0.77,0.23,-0.36,0.50,0.24,0.17,0.08,0.16,-0.05
 "47000","Tennessee",5,SQGDP11,65,"56","   Administrative and support and waste management and remediation services ","Percentage points",-0.14,0.25,0.01,-0.29,-0.05,0.25,-0.04,0.19,0.63,0.18,0.20,0.28,-0.23,-0.14,-0.23,-0.56,-0.28,-0.40,0.90,0.28,0.15,0.12,0.05,0.12,0.22,0.23,0.15,0.25,0.03,0.41,0.16,0.18,0.03,0.07,0.56,-0.79,0.62,-0.29,0.10,-0.04,-0.08,-0.06,0.07,0.17,-0.38,0.31,0.37,0.11,0.22,0.24,-0.06,0.06,0.00,0.40,0.31,0.18,0.13,-0.55,0.28,0.43,-1.87,2.06,0.83,0.72,0.05,0.75,0.05,0.90,0.17,0.03,-0.07,0.09
 "47000","Tennessee",5,SQGDP11,69,"61","   Educational services ","Percentage points",0.31,0.22,-0.33,-0.51,-0.23,-0.30,-0.01,0.15,0.12,0.10,0.14,-0.08,0.10,0.09,0.07,0.20,-0.04,0.01,0.02,0.10,-0.02,0.07,0.08,-0.05,0.03,-0.02,-0.01,0.09,0.11,-0.06,-0.01,-0.10,0.03,0.03,0.04,-0.12,0.04,0.03,-0.08,-0.10,0.06,0.08,0.12,0.00,0.02,0.03,0.09,-0.11,0.04,-0.05,-0.01,0.05,0.04,0.05,0.14,0.13,0.03,0.04,-0.09,-0.09,-0.42,0.06,0.07,-0.05,0.20,0.19,0.05,0.08,-0.03,0.06,0.10,-0.06
 "47000","Tennessee",5,SQGDP11,70,"62","   Health care and social assistance ","Percentage points",0.43,0.07,0.62,0.73,1.12,-0.25,0.10,-0.22,-0.27,0.36,0.66,1.48,0.83,0.81,-0.04,2.82,-0.36,0.01,0.39,0.53,-0.19,-0.01,0.90,0.25,1.18,0.02,-0.03,0.27,-0.34,0.30,0.40,0.69,-0.06,-0.05,-0.11,0.88,0.11,0.33,-0.08,2.86,-0.03,0.68,-0.32,-0.30,-0.22,0.18,0.24,-0.80,0.11,-0.09,0.15,-0.95,0.01,-0.11,0.63,-0.13,0.05,0.01,-0.27,2.39,-7.24,11.32,-0.24,0.67,-0.80,0.12,1.45,-0.21,0.09,0.37,0.34,0.85
 "47000","Tennessee",5,SQGDP11,76,"71","   Arts, entertainment, and recreation ","Percentage points",0.23,0.22,0.05,0.02,0.02,0.74,-0.36,0.09,-0.13,-0.03,-0.14,-0.05,0.08,0.07,0.03,-0.11,-0.09,0.15,0.21,0.05,0.15,-0.03,0.34,-0.33,0.28,0.36,-0.15,0.05,0.18,0.13,0.06,-0.23,-0.02,0.04,0.17,0.19,0.06,0.26,0.08,0.19,0.24,-0.07,-0.34,-0.11,-0.02,0.00,0.23,0.31,-0.02,0.22,0.01,0.47,0.18,0.11,0.15,0.01,0.05,0.05,-0.25,-0.20,-4.21,1.81,0.96,1.91,0.76,1.30,2.02,-0.43,0.20,0.92,0.34,0.65
 "47000","Tennessee",5,SQGDP11,79,"72","   Accommodation and food services ","Percentage points",-0.06,-0.01,0.12,0.57,0.07,-0.01,0.19,0.43,-0.11,-0.37,0.69,-1.46,-0.49,-0.11,-0.52,-0.23,-0.13,-0.13,-0.22,0.45,0.11,0.06,0.21,0.25,0.04,0.07,-0.22,0.49,-0.14,-0.14,0.17,0.23,-0.11,0.07,0.09,0.48,0.27,0.19,0.11,0.40,0.34,0.11,-0.01,0.35,-0.06,-0.05,0.22,0.50,-0.10,-0.05,0.17,-0.01,0.14,0.26,0.14,0.59,-0.04,0.17,-0.17,-0.97,-5.21,7.09,-0.08,0.81,1.19,-0.02,1.39,0.65,0.42,-0.05,-0.07,0.44
 "47000","Tennessee",5,SQGDP11,82,"81","   Other services (except government and government enterprises) ","Percentage points",-0.14,0.08,0.06,-0.02,0.09,-0.09,-0.14,-0.16,-0.07,-0.16,-0.04,-0.16,-0.14,-0.16,-0.15,-0.20,-0.10,-0.09,0.09,-0.16,0.08,0.25,-0.21,0.28,-0.23,0.00,-0.03,0.27,0.23,-0.13,-0.07,-0.19,-0.08,0.11,0.04,-0.03,0.06,0.09,0.02,-0.08,0.06,-0.12,0.06,0.12,-0.14,0.00,-0.02,0.07,0.09,0.16,0.00,0.20,0.05,0.12,-0.06,0.05,-0.03,0.03,0.23,0.07,-1.58,1.52,0.33,-0.20,0.31,0.16,0.29,0.02,0.02,0.07,0.02,-0.02
 "47000","Tennessee",5,SQGDP11,83,"..."," Government and government enterprises ","Percentage points",0.12,0.83,0.74,-0.60,0.27,-0.80,-1.06,-2.08,-0.71,-0.38,1.06,1.73,1.11,1.36,-0.01,0.71,0.15,-0.88,-0.84,-0.90,-0.95,-0.87,0.18,1.20,0.74,0.07,0.90,0.18,-0.15,0.88,-0.47,0.06,-0.35,-0.73,0.22,0.91,-0.24,-0.26,-0.71,0.29,0.09,0.49,-0.41,0.24,-0.38,0.43,0.58,-0.69,0.69,-0.23,0.36,-0.43,0.29,-0.19,-0.44,-0.77,0.05,0.25,0.37,-0.15,-1.54,1.02,0.07,-0.31,0.60,0.37,-0.15,0.02,-0.01,0.10,0.28,0.54
 "47000","Tennessee",5,SQGDP11,84,"...","  Federal civilian ","Percentage points",0.05,0.03,0.08,-0.10,0.06,0.14,0.06,-0.06,-0.11,-0.19,-0.40,-0.33,-0.22,0.03,0.17,0.52,0.44,-0.06,0.01,-0.34,0.03,-0.21,-0.05,0.20,0.01,-0.06,0.12,-0.04,-0.01,0.06,0.04,0.08,0.14,0.06,0.29,0.80,-0.11,0.07,0.00,0.11,0.17,0.02,0.02,-0.01,-0.03,0.05,0.05,0.03,0.05,0.03,-0.07,-0.04,-0.02,-0.02,-0.08,-0.38,0.10,-0.05,-0.24,-0.33,-0.03,0.45,-0.22,0.00,0.05,0.12,0.00,0.04,-0.01,-0.01,0.23,0.21
 "47000","Tennessee",5,SQGDP11,85,"...","  Military ","Percentage points",-0.01,-0.01,-0.01,-0.19,0.04,0.04,-0.03,-0.05,-0.01,0.01,0.01,0.06,-0.01,0.01,0.00,0.05,-0.01,-0.02,-0.02,-0.06,-0.03,-0.01,-0.01,-0.06,-0.11,-0.14,-0.01,-0.08,0.01,0.01,-0.02,-0.03,0.00,0.00,-0.04,-0.07,-0.01,0.02,0.03,-0.08,0.01,0.01,-0.02,0.10,0.02,0.01,0.01,-0.04,0.00,0.00,-0.01,-0.03,-0.02,0.00,0.01,0.03,0.06,0.04,0.04,-0.03,0.06,0.00,0.04,0.08,0.01,0.02,-0.03,0.00,-0.01,-0.01,0.01,-0.01
 "47000","Tennessee",5,SQGDP11,86,"...","  State and local ","Percentage points",0.08,0.81,0.67,-0.31,0.16,-0.98,-1.09,-1.97,-0.60,-0.21,1.44,2.00,1.34,1.31,-0.17,0.14,-0.28,-0.80,-0.83,-0.50,-0.95,-0.66,0.23,1.06,0.83,0.27,0.80,0.29,-0.15,0.82,-0.50,0.01,-0.49,-0.78,-0.03,0.18,-0.12,-0.35,-0.74,0.26,-0.09,0.46,-0.41,0.14,-0.38,0.37,0.51,-0.68,0.64,-0.26,0.44,-0.36,0.33,-0.17,-0.37,-0.41,-0.11,0.27,0.57,0.21,-1.57,0.57,0.26,-0.39,0.54,0.23,-0.13,-0.02,0.01,0.12,0.03,0.35
 "48000","Texas",6,SQGDP11,1,"...","All industry total (percent change) ","Percent change",-1.5,0.9,5.2,18.2,6.6,4.5,7.3,2.5,8.1,0.9,2.0,-5.6,-1.5,0.4,6.4,-4.1,-4.4,1.7,2.9,4.3,2.0,3.6,2.9,2.6,4.8,1.0,8.5,5.9,4.2,2.0,7.7,3.9,4.6,4.6,1.7,-3.9,8.4,7.9,5.4,10.5,-4.0,4.7,2.2,-0.2,-0.4,1.8,0.9,3.4,2.4,3.8,4.8,4.8,4.8,2.7,2.9,1.1,2.1,7.5,3.5,-4.1,-26.7,29.2,2.1,4.3,3.3,1.4,5.7,0.5,1.8,8.2,7.0,3.0
 "48000","Texas",6,SQGDP11,2,"..."," Private industries ","Percentage points",-1.03,1.13,4.35,18.56,6.18,4.31,7.00,2.43,7.58,0.77,1.56,-5.91,-1.95,0.23,6.40,-4.66,-4.75,1.18,3.17,3.11,2.41,3.63,3.66,1.80,5.49,1.52,8.11,5.62,3.87,1.69,7.76,3.95,4.70,4.77,1.95,-4.16,8.33,7.87,5.32,10.11,-4.06,4.40,2.23,-1.19,-0.32,1.73,0.33,3.49,2.12,3.58,4.40,5.28,4.55,2.83,3.23,1.34,1.88,7.11,2.55,-4.69,-25.52,28.09,2.53,3.57,3.85,1.03,5.85,0.09,1.88,8.26,6.68,2.68
 "48000","Texas",6,SQGDP11,3,"11","   Agriculture, forestry, fishing and hunting ","Percentage points",0.04,-0.06,-0.11,-0.14,0.41,-0.39,-0.43,0.13,-0.21,0.11,0.26,-0.56,-0.31,-0.50,0.66,-0.04,-0.06,0.18,-0.12,1.11,-0.17,-0.22,-0.11,-0.53,-0.14,0.05,-0.11,0.78,-0.81,-0.29,-0.14,0.73,0.52,-0.07,0.28,-0.37,0.10,0.21,0.03,0.93,-0.15,0.06,0.02,-0.39,0.07,0.02,-0.16,0.30,-0.09,-0.19,0.01,0.16,0.01,-0.22,0.07,-0.23,0.08,-0.09,0.14,0.34,-0.71,0.43,-0.23,0.32,-0.26,0.03,0.19,-0.16,-0.24,0.10,0.14,0.20
 "48000","Texas",6,SQGDP11,6,"21","   Mining, quarrying, and oil and gas extraction ","Percentage points",-2.40,-1.54,-0.84,5.57,2.07,1.00,3.28,0.55,2.33,-1.20,-1.73,-2.73,-3.01,3.73,12.90,3.83,-4.67,-0.83,-1.90,-2.98,-1.05,-0.79,0.43,0.95,0.00,1.75,4.18,2.18,2.84,1.41,2.79,-1.06,1.71,0.55,1.62,-1.86,4.31,4.59,3.99,3.36,-3.08,0.82,0.30,1.79,-3.42,-1.03,0.04,0.00,1.16,1.42,-0.37,-0.82,1.26,0.02,1.34,2.85,1.12,2.01,0.13,1.50,-2.43,-0.23,0.05,-1.83,-3.69,-1.64,-1.66,-1.04,1.02,3.58,2.29,0.18
 "48000","Texas",6,SQGDP11,10,"22","   Utilities ","Percentage points",0.53,-0.21,0.11,0.57,0.49,-0.50,-0.32,-0.26,1.05,-0.92,1.13,-1.02,0.38,0.32,-1.00,-0.48,-0.21,0.41,0.16,0.70,-0.25,0.14,0.48,-0.14,0.54,-0.06,0.33,-0.45,0.14,-0.39,0.00,0.18,-0.17,0.10,-0.10,-0.70,0.29,0.22,0.00,-0.53,0.42,0.04,0.20,0.08,0.09,0.02,-0.20,0.16,0.09,0.39,0.01,-0.08,0.28,-0.28,0.11,-0.42,0.47,-0.06,0.50,-0.91,0.09,0.15,-0.17,-0.02,0.18,-0.33,-0.01,0.15,0.09,-0.27,0.02,-0.05
 "48000","Texas",6,SQGDP11,11,"23","   Construction ","Percentage points",0.14,-0.09,0.26,0.89,-0.14,0.40,0.04,0.50,0.96,0.31,-0.15,-0.44,0.35,-0.09,-0.35,-1.66,-0.23,0.20,-0.68,-0.71,0.39,-0.13,0.03,-0.58,0.45,0.58,-0.07,0.77,0.23,0.20,0.55,-0.04,-0.10,0.09,-0.30,0.49,0.32,-0.11,0.48,0.02,-0.13,0.28,-0.12,0.06,-0.18,0.38,-0.08,0.01,-0.25,-0.46,0.43,-0.04,-0.28,0.02,-0.15,0.36,0.00,0.33,0.12,-0.63,-0.72,0.06,0.33,-0.31,0.43,-0.23,-0.34,-0.50,-0.79,-0.72,-0.19,0.03
 "48000","Texas",6,SQGDP11,12,"31-33","   Manufacturing ","Percentage points",-0.71,0.42,1.03,5.14,0.68,1.86,1.92,1.12,0.83,1.21,0.53,-4.36,-0.18,-2.24,-2.56,-3.31,2.19,1.40,2.29,1.86,0.34,0.98,0.38,1.05,1.73,-1.48,-0.47,-1.92,-0.16,-0.51,3.47,2.56,2.24,0.77,-2.25,-3.40,-0.91,-1.49,-0.84,4.21,-2.45,1.18,1.04,-3.40,1.63,0.77,-0.77,1.33,0.29,0.68,1.33,2.47,0.50,0.11,0.52,-2.56,-0.57,0.33,-1.06,-1.55,-4.50,3.77,0.20,0.74,0.36,-0.08,2.16,-0.65,-0.50,0.93,1.11,-0.54
 "48000","Texas",6,SQGDP11,13,"321,327-339","     Durable goods manufacturing ","Percentage points",0.28,1.83,1.25,2.61,0.75,0.61,1.29,-1.11,0.64,1.31,0.30,1.24,0.63,0.10,-1.11,-2.59,-1.16,0.09,0.75,0.49,1.02,1.18,1.26,0.76,0.65,0.45,0.53,-0.49,-0.19,0.38,0.61,0.46,0.22,0.21,-0.20,-0.09,0.57,0.03,-0.13,-0.67,-1.22,-0.13,-0.01,0.15,0.03,0.45,-0.04,0.34,-0.05,0.91,0.80,1.05,0.24,-0.10,0.08,-0.52,-0.02,0.13,-0.31,-0.54,-2.57,2.63,0.45,0.62,0.28,-0.03,1.18,-0.26,0.06,0.12,0.65,-0.34
 "48000","Texas",6,SQGDP11,25,"311-316,322-326","     Nondurable goods manufacturing ","Percentage points",-0.99,-1.40,-0.22,2.53,-0.07,1.25,0.63,2.23,0.20,-0.10,0.23,-5.60,-0.81,-2.34,-1.45,-0.71,3.35,1.32,1.54,1.37,-0.68,-0.20,-0.88,0.29,1.07,-1.92,-0.99,-1.43,0.03,-0.89,2.86,2.10,2.02,0.56,-2.04,-3.30,-1.48,-1.52,-0.72,4.88,-1.23,1.31,1.05,-3.55,1.60,0.32,-0.74,1.00,0.34,-0.23,0.53,1.42,0.26,0.20,0.44,-2.04,-0.55,0.21,-0.75,-1.01,-1.93,1.14,-0.25,0.11,0.08,-0.06,0.98,-0.39,-0.56,0.81,0.46,-0.19
 "48000","Texas",6,SQGDP11,34,"42","   Wholesale trade ","Percentage points",0.15,0.28,0.67,0.42,0.21,0.41,0.32,0.15,1.12,0.58,0.77,-0.17,0.35,0.15,-0.60,-2.72,-0.60,0.00,1.27,0.46,0.96,1.17,0.25,0.04,0.37,0.17,2.21,0.48,0.82,0.14,0.60,-0.16,-0.21,0.91,0.15,-0.93,1.11,1.53,0.06,0.28,-0.27,-0.09,-0.52,-0.39,0.08,0.80,-0.71,-0.63,0.11,0.06,0.20,0.75,-0.03,0.42,0.04,-0.11,-0.65,0.61,0.51,0.08,-1.48,2.42,0.35,-0.16,0.92,-0.35,0.40,-0.03,-0.44,0.66,0.57,0.18
 "48000","Texas",6,SQGDP11,35,"44-45","   Retail trade ","Percentage points",0.68,0.42,0.27,0.19,0.27,-0.59,0.14,0.17,-0.62,-0.02,0.02,0.16,-0.17,-0.16,-0.31,0.05,0.06,-0.18,0.35,-0.03,0.62,0.01,-0.21,0.19,0.07,-0.14,0.20,0.76,-0.32,0.58,0.16,0.55,-0.10,0.04,0.14,0.42,0.34,0.18,-0.11,0.39,0.64,0.34,-0.19,0.30,0.07,0.03,0.12,-0.28,0.21,0.43,0.49,0.03,-0.02,0.38,-0.06,0.07,-0.09,0.36,0.07,-0.48,-1.21,2.18,0.19,0.55,-0.27,-0.15,0.11,-1.24,0.02,0.36,0.53,0.62
 "48000","Texas",6,SQGDP11,36,"48-49","   Transportation and warehousing ","Percentage points",0.35,0.89,0.34,-0.35,0.55,-0.04,0.19,-0.51,0.50,-0.38,0.33,0.58,-0.17,-0.10,-0.38,-0.88,0.13,0.09,0.23,0.09,0.15,0.67,0.60,-0.91,0.48,0.01,0.17,0.23,0.60,-0.52,0.42,-1.40,0.15,0.36,0.50,-0.29,-0.07,0.35,0.12,0.24,0.16,-0.27,-0.31,0.86,-0.37,-0.42,-0.18,0.64,0.44,0.32,0.44,-0.29,0.09,0.18,-0.04,0.23,-0.28,-0.08,-0.22,0.09,-2.73,1.77,0.39,0.10,-0.16,0.71,0.37,0.38,0.06,0.37,0.24,0.15
 "48000","Texas",6,SQGDP11,45,"51","   Information ","Percentage points",0.76,-0.03,-0.24,0.54,0.23,0.90,0.03,1.89,0.89,0.43,0.02,0.43,0.21,0.31,-0.71,-1.54,0.06,0.09,1.65,-1.67,0.40,0.58,0.26,-0.39,0.11,-0.08,-0.14,0.05,-0.01,-0.13,-0.35,1.45,0.14,0.14,-0.10,-0.41,0.27,0.19,0.56,0.77,0.43,0.31,0.28,-0.07,0.36,-0.08,0.34,0.53,0.06,0.56,0.31,0.02,0.42,0.40,0.27,-0.22,0.26,0.33,-0.04,-0.10,0.20,0.99,-0.16,-0.04,1.20,0.35,1.06,0.78,0.20,1.01,0.65,0.53
 "48000","Texas",6,SQGDP11,51,"52","   Finance and insurance ","Percentage points",-0.21,-0.38,0.28,0.07,-0.03,0.41,-0.14,-0.46,0.00,0.07,-0.60,1.40,-0.16,-1.63,-1.65,3.57,1.36,0.34,-0.45,0.41,-0.90,-0.38,0.05,0.84,-0.30,0.07,0.55,1.17,0.07,0.12,-0.90,0.48,-0.17,0.30,0.34,0.30,0.72,-0.38,0.03,0.73,0.10,-0.07,1.10,-0.78,1.34,0.51,0.98,-0.82,-0.98,0.15,0.07,0.92,0.28,0.43,-0.79,0.52,-0.09,0.25,0.76,-1.94,1.16,1.14,1.33,0.08,0.92,0.51,0.52,0.43,0.49,-0.15,-0.22,-0.13
 "48000","Texas",6,SQGDP11,56,"53","   Real estate and rental and leasing ","Percentage points",-0.43,0.12,0.88,3.47,0.95,0.18,1.04,-0.78,-0.60,-0.19,-0.26,-0.19,-0.51,-0.58,0.08,0.11,-0.96,-0.35,0.22,1.67,0.84,0.34,0.73,0.60,0.92,0.06,0.84,-0.61,0.48,0.45,0.51,0.14,0.36,0.88,0.72,0.53,0.60,0.73,0.19,-1.13,0.13,0.52,0.78,-0.18,0.63,0.27,-0.04,1.67,-0.31,-0.21,0.07,1.57,0.76,0.49,0.13,-0.18,0.59,1.29,1.63,1.69,-0.43,2.13,0.05,0.67,-0.15,0.51,0.86,0.43,0.75,0.80,0.08,0.75
 "48000","Texas",6,SQGDP11,60,"54","   Professional, scientific, and technical services ","Percentage points",-0.21,0.07,0.54,0.67,0.36,0.43,0.60,-0.45,0.25,0.74,0.82,0.45,0.88,0.32,0.18,-1.39,-1.05,-0.14,-0.19,1.06,0.41,0.65,0.15,0.34,0.41,0.26,0.33,0.77,0.36,0.12,-0.32,0.47,-0.19,0.46,0.40,-0.09,0.52,0.80,0.28,-0.07,0.20,0.35,0.12,0.44,-0.36,-0.01,0.24,0.43,0.37,0.14,0.33,0.63,0.47,0.54,0.76,0.54,0.74,0.74,-0.03,-1.09,-1.64,1.60,-0.12,0.95,2.24,0.84,0.84,0.41,0.49,0.54,0.81,0.38
 "48000","Texas",6,SQGDP11,64,"55","   Management of companies and enterprises ","Percentage points",0.09,0.01,0.30,-0.14,-0.09,0.28,-0.07,0.22,0.22,-0.02,-0.01,0.11,0.05,0.13,-0.14,-0.02,-0.16,0.11,-0.11,0.18,0.17,0.10,0.04,0.05,-0.02,0.02,0.41,0.15,-0.06,0.03,0.18,-0.13,0.10,0.10,0.11,0.87,0.03,0.06,-0.02,-0.04,0.13,0.07,-0.02,-0.02,-0.07,0.15,0.15,0.04,0.44,0.29,0.27,-0.04,0.22,0.22,0.07,0.20,0.00,0.05,0.18,-0.27,-0.14,0.09,0.28,0.35,0.74,-0.50,0.41,0.58,0.21,0.15,0.20,-0.05
 "48000","Texas",6,SQGDP11,65,"56","   Administrative and support and waste management and remediation services ","Percentage points",0.13,0.36,0.34,0.38,0.02,0.09,0.17,0.37,0.61,-0.01,0.32,0.01,-0.04,0.23,-0.06,-0.61,-0.37,-0.08,0.20,0.44,0.14,0.20,0.22,0.14,0.24,0.17,0.14,0.02,0.10,0.08,0.17,0.00,0.48,-0.11,0.14,0.19,0.31,0.19,0.09,0.00,-0.22,0.12,-0.25,-0.14,-0.10,0.26,-0.05,0.42,0.17,0.18,0.36,0.19,0.00,0.15,0.20,-0.01,0.10,0.12,0.00,0.17,-1.69,2.02,0.45,1.01,-0.06,0.49,0.63,-0.09,0.05,0.11,-0.02,-0.02
 "48000","Texas",6,SQGDP11,69,"61","   Educational services ","Percentage points",-0.01,0.11,0.04,-0.05,0.01,-0.03,0.03,0.01,0.03,0.01,0.02,0.04,0.05,0.09,0.08,0.10,0.03,0.02,0.09,0.04,0.02,0.01,0.07,-0.03,0.07,-0.03,-0.05,0.11,-0.06,0.00,-0.05,0.01,-0.02,0.12,0.02,-0.10,0.02,0.02,0.00,0.02,-0.02,0.04,0.09,0.03,0.05,0.05,0.05,-0.01,0.02,-0.04,0.02,0.02,0.06,0.03,0.05,0.05,0.04,0.05,0.00,-0.05,-0.37,0.22,-0.14,0.15,0.08,0.07,0.04,0.07,-0.01,0.06,0.12,-0.06
 "48000","Texas",6,SQGDP11,70,"62","   Health care and social assistance ","Percentage points",-0.02,0.52,0.30,0.34,0.31,-0.09,0.23,-0.35,0.31,0.14,0.15,0.60,0.27,0.40,0.44,0.59,0.12,0.08,0.17,0.46,0.06,0.02,0.13,0.46,0.16,0.05,-0.13,0.52,-0.41,0.34,0.37,0.16,-0.01,0.09,-0.01,0.49,-0.09,0.40,0.29,0.71,0.03,0.52,-0.02,0.50,0.03,-0.02,0.43,-0.06,0.42,-0.24,0.20,0.25,0.15,0.01,0.30,0.34,0.10,0.10,0.10,0.38,-3.48,4.56,-0.16,0.40,-0.38,0.11,0.01,0.80,0.13,0.37,0.35,0.28
 "48000","Texas",6,SQGDP11,76,"71","   Arts, entertainment, and recreation ","Percentage points",0.02,0.11,0.01,0.02,0.04,-0.02,-0.03,0.05,-0.01,0.01,-0.01,-0.01,0.06,-0.01,-0.03,0.21,-0.08,-0.03,0.03,-0.02,0.01,-0.01,0.06,0.03,0.15,-0.01,-0.15,0.21,-0.09,0.01,0.00,0.17,-0.03,-0.02,0.08,0.07,0.07,0.02,-0.03,0.18,-0.07,0.05,0.00,0.17,0.03,0.01,0.09,0.03,0.08,0.11,-0.02,-0.02,0.17,-0.07,-0.02,0.04,0.01,0.16,0.02,-0.60,-1.18,0.65,0.24,0.35,0.01,0.22,0.09,0.12,0.17,0.13,0.00,0.09
 "48000","Texas",6,SQGDP11,79,"72","   Accommodation and food services ","Percentage points",0.04,0.06,0.16,0.77,-0.17,0.11,-0.06,0.06,-0.03,-0.10,0.01,-0.11,0.07,-0.11,-0.24,-0.24,-0.24,-0.03,0.01,0.19,0.16,0.18,0.08,-0.16,0.19,0.09,0.00,0.04,0.11,0.01,0.22,-0.16,-0.01,0.05,0.14,0.55,0.20,0.18,0.14,0.23,0.11,0.07,-0.09,-0.01,-0.17,-0.03,0.12,-0.17,-0.09,-0.08,0.10,-0.43,0.14,0.03,0.33,-0.10,-0.04,0.46,-0.32,-1.11,-2.86,3.03,-0.42,0.53,1.40,0.23,0.11,-0.33,0.18,0.13,-0.05,0.13
 "48000","Texas",6,SQGDP11,82,"81","   Other services (except government and government enterprises) ","Percentage points",0.03,0.05,0.03,0.20,0.01,-0.09,0.08,0.03,-0.02,-0.02,-0.06,-0.09,-0.07,-0.05,0.09,-0.24,-0.05,-0.09,-0.06,-0.12,0.11,0.11,0.01,-0.17,0.07,0.03,-0.14,0.35,0.04,0.04,0.07,-0.01,0.00,0.01,0.09,0.08,0.18,0.18,0.07,-0.17,-0.03,0.03,-0.16,-0.04,-0.03,0.06,-0.05,-0.09,-0.03,0.07,0.17,-0.01,0.09,-0.02,0.09,-0.04,0.09,0.14,0.06,-0.20,-1.40,1.13,0.06,-0.26,0.34,0.24,0.06,-0.02,0.01,0.10,0.06,0.02
 "48000","Texas",6,SQGDP11,83,"..."," Government and government enterprises ","Percentage points",-0.44,-0.25,0.87,-0.32,0.40,0.19,0.34,0.09,0.47,0.15,0.49,0.28,0.45,0.20,-0.03,0.58,0.37,0.52,-0.24,1.23,-0.43,-0.03,-0.74,0.82,-0.64,-0.51,0.39,0.30,0.37,0.28,-0.08,-0.03,-0.06,-0.14,-0.21,0.24,0.07,0.04,0.07,0.42,0.04,0.31,-0.04,0.95,-0.05,0.02,0.60,-0.11,0.31,0.20,0.38,-0.43,0.27,-0.13,-0.33,-0.28,0.22,0.35,0.98,0.54,-1.14,1.09,-0.46,0.75,-0.58,0.42,-0.16,0.45,-0.03,-0.01,0.36,0.29
 "48000","Texas",6,SQGDP11,84,"...","  Federal civilian ","Percentage points",-0.10,-0.05,0.07,0.03,0.06,0.03,0.00,-0.01,0.03,0.07,0.01,0.04,0.03,0.03,0.01,0.05,0.09,0.03,0.07,0.15,0.20,-0.05,-0.03,0.01,-0.02,-0.06,0.05,-0.02,-0.01,0.00,-0.04,0.00,-0.07,-0.14,-0.05,0.12,0.00,0.01,0.04,0.09,0.07,0.04,0.04,0.07,0.04,0.05,0.05,0.05,0.04,0.05,0.07,0.02,0.00,-0.03,-0.01,-0.05,0.15,0.06,0.03,0.08,0.13,0.31,-0.13,-0.03,-0.03,0.01,-0.02,0.00,0.00,0.01,0.08,0.06
 "48000","Texas",6,SQGDP11,85,"...","  Military ","Percentage points",0.04,0.04,0.15,0.02,0.09,0.14,0.05,0.03,0.02,0.11,0.09,0.09,0.07,0.11,0.11,0.04,0.05,-0.01,-0.10,0.08,-0.09,-0.09,-0.04,0.06,0.00,0.01,0.07,0.02,-0.02,-0.03,-0.11,-0.05,-0.07,-0.04,-0.09,0.01,-0.05,-0.06,-0.07,0.06,-0.02,-0.01,-0.05,-0.04,0.04,0.02,-0.01,-0.05,0.00,0.01,-0.02,-0.12,0.00,0.00,-0.04,-0.03,0.09,0.01,0.00,-0.03,0.04,-0.02,0.04,0.13,0.03,-0.05,-0.01,-0.04,0.06,-0.02,-0.02,0.02
 "48000","Texas",6,SQGDP11,86,"...","  State and local ","Percentage points",-0.39,-0.24,0.64,-0.37,0.25,0.02,0.29,0.07,0.42,-0.03,0.39,0.15,0.35,0.05,-0.14,0.49,0.24,0.50,-0.21,1.01,-0.54,0.11,-0.67,0.74,-0.61,-0.47,0.26,0.30,0.40,0.30,0.08,0.03,0.08,0.03,-0.07,0.11,0.12,0.09,0.10,0.27,-0.01,0.28,-0.04,0.93,-0.13,-0.05,0.56,-0.11,0.27,0.14,0.33,-0.32,0.27,-0.11,-0.28,-0.20,-0.01,0.28,0.95,0.49,-1.32,0.79,-0.37,0.65,-0.58,0.45,-0.14,0.49,-0.09,-0.01,0.30,0.21
 "49000","Utah",7,SQGDP11,1,"...","All industry total (percent change) ","Percent change",5.8,8.1,8.6,9.9,5.7,5.8,6.9,-0.5,10.7,1.1,3.4,-5.2,6.2,-1.9,-9.5,0.9,-3.2,-0.9,-0.3,4.8,-0.3,6.6,8.0,0.5,4.6,-0.4,2.1,3.7,-1.9,-1.8,4.0,5.9,1.8,5.1,-0.8,5.4,3.5,1.2,2.8,5.1,3.4,2.5,5.0,5.4,2.3,6.6,5.4,-0.3,5.6,9.4,8.1,5.9,6.7,4.3,1.5,10.1,-2.0,8.4,2.6,-1.1,-14.1,27.1,7.0,6.4,4.6,2.4,10.6,-0.6,-1.1,2.5,4.2,1.7
 "49000","Utah",7,SQGDP11,2,"..."," Private industries ","Percentage points",5.79,6.93,8.06,10.30,4.30,6.23,7.20,-0.10,10.39,0.74,2.24,-5.47,6.41,-2.43,-9.37,1.21,-3.54,0.10,0.21,3.61,-0.67,7.21,7.66,-0.56,3.99,0.53,1.67,4.49,-1.39,-1.84,4.78,5.99,2.07,4.51,0.20,4.27,3.05,1.72,3.22,5.29,3.28,1.67,4.96,4.11,2.69,5.52,4.70,-0.49,5.07,9.01,7.65,6.72,6.23,4.34,1.71,9.98,-2.69,7.74,1.79,-1.42,-12.90,26.37,6.77,5.59,5.18,1.79,10.09,-1.03,-1.32,2.46,3.93,1.45
 "49000","Utah",7,SQGDP11,3,"11","   Agriculture, forestry, fishing and hunting ","Percentage points",0.13,0.03,-0.06,-0.36,0.42,-0.23,-0.43,0.52,-0.39,-0.11,-0.18,0.33,-0.05,-0.08,0.03,-0.30,0.08,0.14,0.08,0.22,0.17,-0.07,-0.20,0.46,-0.31,-0.02,0.12,-0.08,-0.13,0.00,-0.22,0.72,0.26,0.01,0.10,0.07,0.19,0.21,0.02,0.30,-0.03,0.02,-0.32,0.28,-0.09,-0.05,-0.15,0.19,0.07,-0.23,-0.01,0.38,-0.03,-0.19,-0.01,0.15,0.07,-0.11,0.05,0.09,-0.45,0.48,-0.25,-0.19,-0.24,0.04,0.44,-0.05,-0.29,0.05,0.15,-0.03
 "49000","Utah",7,SQGDP11,6,"21","   Mining, quarrying, and oil and gas extraction ","Percentage points",0.64,-0.15,0.30,1.11,0.21,0.82,0.70,-0.19,1.62,-1.70,-1.04,-0.78,0.41,0.88,3.79,0.38,-1.82,-0.36,-0.52,-0.02,0.29,0.32,0.74,-0.46,-0.07,0.10,0.01,-0.36,-0.01,-0.72,-0.22,0.70,-0.06,0.60,0.67,0.70,0.56,0.22,0.06,-0.53,-2.03,0.14,0.26,0.63,-1.16,0.19,-0.09,0.25,0.71,0.43,-0.06,-0.48,0.40,-0.32,0.22,0.30,0.01,0.04,-0.16,0.60,-0.14,-0.26,-0.70,0.02,0.46,0.46,0.58,-0.54,-0.12,0.14,0.43,-0.04
 "49000","Utah",7,SQGDP11,10,"22","   Utilities ","Percentage points",0.10,0.66,-1.17,0.65,0.50,-0.29,0.29,-0.40,0.30,0.28,-0.14,0.20,0.20,0.13,-0.75,-0.03,0.12,0.24,-0.12,0.90,-0.58,0.13,0.15,0.03,0.13,0.35,-0.22,0.29,0.11,0.05,-0.19,0.32,-0.11,-0.01,-0.17,-0.10,0.00,0.16,-0.06,0.08,0.28,0.06,-0.19,0.38,0.11,0.11,-0.40,0.54,0.00,-0.36,0.46,0.04,0.40,-0.18,0.01,1.01,-0.20,-0.03,-0.33,1.81,-0.40,0.06,-0.23,-0.04,0.32,-0.36,0.04,0.20,-0.20,-0.38,0.22,-0.10
 "49000","Utah",7,SQGDP11,11,"23","   Construction ","Percentage points",-0.06,0.52,-0.06,1.77,0.73,0.62,0.49,1.67,0.61,-0.39,-0.71,-1.56,-0.53,-0.87,-2.20,-2.78,-0.95,0.02,-1.00,0.16,-0.27,0.20,0.70,-1.12,-0.11,0.77,0.12,1.55,0.44,-0.04,1.10,-0.39,0.19,0.75,-0.43,1.38,0.03,0.15,0.75,0.53,0.47,0.26,0.57,1.12,-0.30,0.68,0.24,0.40,0.52,0.51,0.96,0.40,-0.03,-0.02,0.06,0.60,0.21,0.91,0.73,0.10,0.70,1.06,0.97,1.51,-1.62,-0.62,-0.80,0.24,-1.17,-0.90,0.03,-0.04
 "49000","Utah",7,SQGDP11,12,"31-33","   Manufacturing ","Percentage points",1.35,0.91,1.70,2.25,0.12,1.69,1.24,0.93,1.47,0.74,0.14,-2.34,1.18,1.70,1.58,1.99,4.23,2.38,2.23,-0.76,-0.67,1.19,1.33,-1.49,0.49,-0.27,-1.99,-3.74,-2.16,-2.42,0.44,2.43,0.90,0.45,-0.96,-1.25,0.93,-0.07,0.73,1.31,0.35,-0.15,-0.49,-0.06,-1.09,0.99,0.23,1.19,0.84,1.70,2.04,0.19,1.05,1.20,0.71,0.98,0.26,0.76,0.57,-1.11,-2.44,3.52,1.01,1.59,0.61,0.02,2.45,-1.06,-0.84,-0.31,0.27,-0.41
 "49000","Utah",7,SQGDP11,13,"321,327-339","     Durable goods manufacturing ","Percentage points",1.50,0.75,1.22,1.39,0.27,1.47,0.86,1.27,1.02,0.81,-0.31,-1.22,0.75,1.49,1.61,0.59,2.01,1.83,1.15,-0.50,0.15,1.14,0.97,-1.52,0.63,0.57,-0.91,-2.29,-0.67,-1.77,-0.18,0.61,-0.10,-0.73,-0.40,-1.39,0.64,0.68,0.45,1.03,0.51,0.51,0.15,-0.72,-0.50,0.59,0.09,0.30,-0.25,1.23,1.56,0.13,0.39,0.42,-0.15,0.37,-0.35,0.10,0.68,0.10,-1.19,2.88,0.68,0.47,0.80,-0.46,1.51,-1.45,0.05,-0.11,0.28,-0.33
 "49000","Utah",7,SQGDP11,25,"311-316,322-326","     Nondurable goods manufacturing ","Percentage points",-0.15,0.16,0.48,0.85,-0.16,0.21,0.38,-0.34,0.45,-0.07,0.45,-1.12,0.42,0.21,-0.03,1.40,2.22,0.54,1.08,-0.26,-0.81,0.05,0.36,0.03,-0.14,-0.84,-1.08,-1.45,-1.49,-0.65,0.61,1.82,1.00,1.17,-0.56,0.14,0.29,-0.75,0.28,0.28,-0.16,-0.66,-0.64,0.65,-0.59,0.40,0.14,0.89,1.09,0.47,0.48,0.06,0.66,0.78,0.87,0.62,0.62,0.66,-0.11,-1.21,-1.24,0.65,0.33,1.12,-0.19,0.48,0.93,0.39,-0.89,-0.21,-0.01,-0.08
 "49000","Utah",7,SQGDP11,34,"42","   Wholesale trade ","Percentage points",0.53,-0.05,0.71,0.20,0.18,0.05,0.51,0.34,0.30,0.20,0.57,-0.04,0.21,-0.13,-1.38,-1.01,-1.09,-0.18,0.81,-0.29,0.47,0.41,-0.27,-0.16,0.82,-0.47,1.02,-0.23,0.24,0.51,-0.70,0.58,-0.22,0.20,1.57,-1.12,0.33,0.96,-0.41,0.94,-0.15,-0.01,-0.22,1.00,0.01,0.58,0.33,0.04,0.44,-0.13,0.40,0.15,-0.13,0.34,-0.14,0.43,-1.02,0.32,0.08,0.62,-0.98,2.50,0.11,0.66,-0.26,-0.36,0.65,0.32,-0.46,0.49,0.02,-0.29
 "49000","Utah",7,SQGDP11,35,"44-45","   Retail trade ","Percentage points",0.47,0.97,-0.72,1.79,0.29,-0.10,0.95,0.00,-0.39,0.40,0.65,-1.24,-0.27,-0.39,-0.78,0.00,-0.32,-0.56,0.19,0.81,-0.21,0.10,-0.01,0.84,-0.02,-0.37,0.13,1.46,-0.57,1.07,0.60,-0.26,0.23,-0.01,-0.01,0.04,0.23,0.14,0.10,0.92,0.56,0.48,0.15,1.70,0.00,0.90,0.31,-0.51,0.59,0.99,0.35,0.31,0.83,0.34,0.35,0.34,-1.03,1.05,-0.26,-1.14,-0.56,2.66,0.88,0.58,-1.29,-1.10,0.23,-1.61,0.49,0.91,1.53,0.74
 "49000","Utah",7,SQGDP11,36,"48-49","   Transportation and warehousing ","Percentage points",0.56,0.83,0.79,-0.30,0.11,-0.19,0.05,-0.52,3.15,-1.97,-0.40,-0.46,-0.07,0.00,-0.24,-0.66,-0.09,0.07,0.21,0.19,0.35,0.57,0.07,0.38,-0.34,-0.25,-0.15,0.63,-0.39,0.09,-0.19,0.66,-0.35,0.00,0.10,0.07,0.10,0.02,0.11,0.49,0.26,0.22,-0.34,0.40,0.16,-0.13,0.87,-0.25,0.43,0.14,0.21,0.25,-0.36,0.17,0.33,0.34,0.09,0.04,-0.45,-0.22,-2.78,1.49,0.32,-0.09,0.38,0.38,0.32,-0.33,0.00,0.39,0.17,0.14
 "49000","Utah",7,SQGDP11,45,"51","   Information ","Percentage points",-0.16,-0.55,3.64,-1.04,0.37,0.53,-0.56,-0.94,1.19,0.95,0.70,0.25,0.42,0.06,-0.62,-1.21,-0.38,0.69,0.77,-1.16,0.23,0.75,0.47,0.80,0.52,-1.88,-0.02,0.94,-0.84,-0.28,2.51,-0.50,-0.04,1.66,-0.28,0.19,0.78,-0.84,0.21,0.85,0.68,0.80,1.13,1.29,-0.27,-0.35,0.50,0.48,0.52,0.49,0.66,0.52,0.51,0.53,-0.15,0.64,0.59,0.95,0.74,0.03,0.68,0.12,0.18,1.77,0.98,0.29,1.29,1.14,0.24,1.26,0.90,0.63
 "49000","Utah",7,SQGDP11,51,"52","   Finance and insurance ","Percentage points",-0.58,1.48,-0.04,2.27,1.04,1.05,0.61,-0.61,-0.05,-0.63,-0.58,-0.81,0.45,-4.38,-5.80,7.30,-0.60,-1.33,-2.13,0.68,-1.76,0.91,2.04,0.36,1.45,1.81,0.05,3.52,-0.39,1.05,-0.73,-1.18,-0.68,-0.19,-0.39,1.64,1.15,-1.46,1.33,0.53,0.19,-0.64,2.30,-3.05,0.80,2.59,1.13,-3.39,-0.09,1.46,0.44,0.70,1.18,0.54,-2.03,2.09,-0.21,0.75,0.65,-1.14,3.32,0.58,1.80,0.77,0.07,0.88,0.77,-0.68,0.08,-0.57,-0.81,-0.72
 "49000","Utah",7,SQGDP11,56,"53","   Real estate and rental and leasing ","Percentage points",1.87,0.75,1.83,-1.35,0.04,0.73,1.61,-0.27,1.65,2.12,1.55,1.19,1.49,-0.48,-0.79,-1.19,-2.09,-0.28,0.18,1.70,1.24,0.59,0.64,0.30,0.69,-0.11,1.28,-0.36,0.53,0.21,-0.40,0.70,0.23,0.50,-0.30,-0.19,-0.12,0.26,-0.38,-0.12,0.67,0.51,0.61,0.77,1.24,0.31,0.30,0.31,0.53,0.87,1.33,1.66,0.83,0.63,0.42,-0.15,-0.02,0.36,0.09,0.52,-1.38,1.83,0.05,0.65,0.47,0.94,1.32,0.38,0.67,0.66,-0.04,0.78
 "49000","Utah",7,SQGDP11,60,"54","   Professional, scientific, and technical services ","Percentage points",0.05,0.78,0.40,0.77,0.21,0.66,-0.04,0.13,0.49,0.72,1.05,-0.65,2.36,-0.15,-0.25,-0.89,0.05,-0.86,-0.18,0.67,-0.05,0.57,0.53,0.32,0.47,0.35,0.93,-0.38,0.70,0.37,-0.45,2.14,0.83,0.67,0.17,1.54,-1.06,0.83,0.11,-0.35,0.55,1.04,0.37,-0.50,0.80,-0.41,0.23,0.03,0.39,0.50,1.05,0.87,1.51,0.73,1.04,2.22,-1.82,1.42,-0.37,-0.07,0.23,1.93,1.43,-0.44,1.26,0.61,0.66,1.72,-0.26,0.46,0.79,0.44
 "49000","Utah",7,SQGDP11,64,"55","   Management of companies and enterprises ","Percentage points",-0.02,0.12,-0.02,-0.11,0.20,-0.17,0.83,-0.74,-0.05,-0.12,0.13,0.05,0.10,0.14,-0.37,-0.12,0.01,0.04,-0.06,0.03,-0.05,0.48,0.80,-1.08,0.17,-0.06,-0.06,0.49,-0.01,-0.03,0.50,-0.22,0.00,0.03,-0.12,0.42,-0.30,0.16,-0.06,0.09,-0.04,0.01,0.02,-0.08,0.40,0.08,0.09,-0.49,0.54,-0.03,0.26,-0.14,0.14,0.00,0.15,0.21,-0.25,0.30,-0.11,0.18,0.03,0.07,0.22,-0.22,0.47,-0.13,0.31,0.14,0.00,0.02,0.16,-0.06
 "49000","Utah",7,SQGDP11,65,"56","   Administrative and support and waste management and remediation services ","Percentage points",0.25,0.23,0.25,0.36,-0.06,0.31,0.74,-0.03,0.49,0.04,0.06,-0.14,0.03,0.15,-0.68,-0.27,-0.49,-0.06,0.05,0.44,0.34,0.23,0.06,-0.01,-0.09,0.20,0.30,0.11,0.18,-0.20,0.69,-0.06,0.29,0.30,-0.10,0.42,-0.04,-0.06,0.65,-0.22,0.09,-0.11,0.13,0.18,-0.04,0.30,0.10,0.22,0.10,0.50,0.01,-0.06,0.18,0.12,0.34,0.34,0.07,-0.08,0.30,-0.22,-0.82,1.42,0.11,0.10,0.07,0.37,0.49,0.10,0.29,-0.19,-0.11,-0.09
 "49000","Utah",7,SQGDP11,69,"61","   Educational services ","Percentage points",0.01,0.07,0.03,0.08,0.23,-0.01,0.02,0.01,0.05,0.03,0.10,0.11,0.10,0.08,-0.01,0.30,-0.13,0.12,0.01,0.14,0.00,0.16,0.03,0.03,0.00,-0.05,-0.08,0.20,0.00,-0.19,0.04,0.12,-0.02,-0.11,0.33,-0.28,0.09,0.52,-0.41,0.08,0.28,-0.26,0.20,0.24,0.05,-0.12,0.03,0.01,0.07,0.20,-0.01,0.14,-0.03,0.30,0.08,0.14,-0.01,0.12,0.00,0.19,-0.69,0.51,-0.20,0.35,0.05,-0.06,0.01,-0.02,-0.06,0.09,0.06,0.02
 "49000","Utah",7,SQGDP11,70,"62","   Health care and social assistance ","Percentage points",0.74,0.11,0.11,1.32,-0.25,0.59,0.05,-0.24,-0.07,0.38,0.20,0.70,0.29,0.53,-0.33,0.61,0.24,-0.04,0.21,-0.58,-0.03,0.52,0.05,0.22,-0.02,0.30,0.56,-0.35,0.77,-1.36,1.52,0.05,0.54,0.34,-0.42,0.39,-0.38,0.06,0.57,-0.03,1.15,-0.83,0.79,-0.08,1.78,-0.54,0.57,0.12,-0.78,1.51,-0.68,1.32,-0.47,0.18,0.10,0.61,0.23,-0.10,0.22,-0.21,-2.21,3.55,0.44,-1.55,1.61,0.06,0.60,-0.23,0.20,0.25,0.15,0.34
 "49000","Utah",7,SQGDP11,76,"71","   Arts, entertainment, and recreation ","Percentage points",-0.07,0.19,0.11,0.17,-0.09,-0.08,0.00,0.13,0.03,0.01,0.05,-0.16,0.15,0.01,0.00,0.07,-0.17,0.30,-0.32,0.24,-0.01,-0.05,0.37,0.01,-0.06,0.00,-0.34,0.47,0.02,-0.07,0.04,0.19,0.00,-0.13,0.16,-0.01,0.05,0.07,-0.09,-0.08,0.10,0.08,0.08,-0.10,0.27,0.18,0.10,-0.12,0.20,0.26,0.01,-0.05,-0.06,0.02,0.05,-0.25,0.15,0.17,0.02,-0.40,-1.34,0.71,0.77,-0.12,0.26,0.24,0.17,-0.41,0.24,0.22,-0.19,-0.02
 "49000","Utah",7,SQGDP11,79,"72","   Accommodation and food services ","Percentage points",0.06,0.07,0.19,0.57,0.02,0.19,0.10,0.14,0.01,-0.01,0.07,-0.16,-0.01,-0.04,-0.24,-0.71,-0.14,-0.22,0.00,0.18,0.12,0.18,0.05,0.10,0.13,0.11,-0.02,-0.02,0.13,0.04,0.24,-0.04,0.00,-0.13,0.14,0.11,0.19,0.11,0.03,0.40,0.11,0.15,-0.06,-0.10,0.03,0.13,0.27,0.31,-0.07,0.14,0.12,0.35,0.20,0.06,0.24,0.21,0.13,0.35,-0.33,-1.00,-2.58,2.65,-0.38,0.79,1.28,-0.05,0.19,-0.06,-0.02,-0.07,0.01,0.27
 "49000","Utah",7,SQGDP11,82,"81","   Other services (except government and government enterprises) ","Percentage points",-0.07,-0.03,0.05,0.15,0.03,0.05,0.04,-0.01,-0.03,-0.20,0.03,0.05,-0.04,0.40,-0.30,-0.25,0.00,-0.03,-0.21,0.06,-0.25,0.01,0.10,-0.08,0.13,0.02,0.05,0.37,0.01,0.08,0.18,0.03,0.08,-0.43,0.13,0.24,0.31,0.27,-0.04,0.08,-0.21,-0.10,-0.01,0.09,-0.02,0.08,0.03,0.19,0.05,0.07,0.10,0.17,0.10,-0.12,-0.05,-0.22,0.06,0.52,0.34,-0.03,-1.07,1.47,0.22,-0.56,0.31,0.19,0.36,-0.28,-0.12,-0.08,0.18,-0.11
 "49000","Utah",7,SQGDP11,83,"..."," Government and government enterprises ","Percentage points",0.04,1.22,0.56,-0.42,1.38,-0.42,-0.35,-0.41,0.34,0.37,1.13,0.27,-0.22,0.48,-0.16,-0.32,0.35,-1.02,-0.56,1.18,0.35,-0.64,0.37,1.05,0.56,-0.98,0.46,-0.81,-0.49,0.01,-0.80,-0.06,-0.25,0.64,-0.95,1.10,0.41,-0.47,-0.39,-0.15,0.17,0.81,0.04,1.32,-0.42,1.09,0.69,0.19,0.52,0.37,0.49,-0.80,0.44,-0.05,-0.18,0.17,0.67,0.62,0.78,0.33,-1.21,0.72,0.25,0.78,-0.56,0.65,0.52,0.43,0.19,0.04,0.27,0.22
 "49000","Utah",7,SQGDP11,84,"...","  Federal civilian ","Percentage points",0.15,0.14,0.07,-0.08,0.11,0.11,-0.10,0.08,0.14,0.04,-0.07,-0.04,-0.05,-0.04,0.06,0.08,0.22,-0.03,-0.10,-0.02,0.12,0.00,0.04,0.09,0.09,-0.16,0.03,-0.07,-0.09,-0.07,-0.19,-0.05,-0.09,-0.20,0.09,0.32,0.09,0.06,-0.01,0.21,0.08,0.08,0.21,0.06,0.10,0.27,0.03,0.14,-0.02,0.01,-0.02,0.08,0.01,0.03,-0.04,-0.12,0.29,0.08,0.17,0.13,0.32,0.03,0.12,-0.07,-0.06,-0.01,-0.14,0.08,0.09,0.00,0.04,0.04
 "49000","Utah",7,SQGDP11,85,"...","  Military ","Percentage points",0.07,0.02,0.05,-0.26,-0.04,0.04,-0.01,-0.13,-0.02,0.02,-0.01,0.01,-0.04,0.00,0.02,0.11,0.07,0.08,0.05,0.04,0.03,-0.04,0.01,-0.05,-0.09,-0.02,-0.01,-0.09,-0.04,-0.03,-0.06,-0.06,-0.04,-0.01,-0.10,-0.03,-0.03,-0.10,-0.09,-0.06,0.02,0.03,0.04,0.02,-0.01,-0.02,-0.02,-0.04,0.01,0.04,0.03,-0.06,-0.01,0.00,-0.05,0.02,0.05,-0.01,0.00,-0.05,0.05,-0.02,-0.02,0.08,0.01,0.00,-0.01,0.02,0.15,-0.07,0.02,-0.04
 "49000","Utah",7,SQGDP11,86,"...","  State and local ","Percentage points",-0.18,1.05,0.44,-0.08,1.31,-0.57,-0.24,-0.36,0.22,0.31,1.21,0.30,-0.12,0.52,-0.24,-0.51,0.06,-1.06,-0.50,1.16,0.20,-0.61,0.32,1.01,0.57,-0.81,0.44,-0.64,-0.36,0.12,-0.56,0.05,-0.12,0.85,-0.93,0.82,0.35,-0.43,-0.28,-0.30,0.07,0.71,-0.21,1.24,-0.51,0.83,0.68,0.08,0.52,0.32,0.48,-0.82,0.44,-0.07,-0.09,0.27,0.33,0.54,0.61,0.25,-1.58,0.71,0.15,0.78,-0.52,0.67,0.67,0.32,-0.05,0.11,0.21,0.22
 "50000","Vermont",1,SQGDP11,1,"...","All industry total (percent change) ","Percent change",-1.8,1.8,2.3,3.7,-2.4,-1.6,-4.5,-2.8,3.0,3.4,1.1,11.3,0.9,-0.3,-6.4,-5.1,-1.8,4.8,5.4,2.9,7.9,5.6,-0.7,-1.8,5.0,-0.6,11.5,-4.8,4.8,-4.7,-8.0,3.2,-2.7,-3.5,2.2,-3.5,4.8,6.8,2.8,-4.5,0.0,2.1,-0.5,2.7,-0.5,2.6,-0.8,0.2,-0.7,1.8,0.0,1.1,1.4,-2.1,-1.0,5.7,-2.5,4.1,1.2,0.6,-37.0,44.3,4.8,4.1,4.2,2.4,7.1,2.6,-0.2,1.3,2.2,0.5
 "50000","Vermont",1,SQGDP11,2,"..."," Private industries ","Percentage points",0.14,1.93,1.29,3.39,-2.12,-2.12,-3.64,-2.75,3.02,2.98,2.29,8.96,1.71,-0.62,-6.41,-3.86,-2.43,5.45,5.25,3.00,8.05,5.44,-0.07,-3.94,4.17,0.92,10.57,-3.87,5.46,-4.39,-8.68,2.37,-2.88,-3.23,2.92,-2.23,3.85,7.22,2.21,-3.96,-1.10,4.08,-1.91,2.46,1.07,0.69,0.85,-0.82,0.07,0.46,0.52,1.16,1.40,-2.11,-0.66,5.93,-3.07,3.88,0.92,0.01,-35.66,42.98,4.58,6.17,3.32,2.35,6.81,4.90,-0.82,1.59,1.36,0.61
 "50000","Vermont",1,SQGDP11,3,"11","   Agriculture, forestry, fishing and hunting ","Percentage points",0.36,0.46,0.70,-1.27,0.42,-0.70,-0.69,1.84,-0.49,-0.46,-0.95,0.46,0.09,0.56,1.68,-2.46,0.52,0.29,-0.38,0.70,0.13,-0.36,-0.29,-0.08,0.37,0.03,0.30,-0.37,-0.47,-0.33,-0.30,0.21,1.07,0.05,0.56,0.29,-0.15,0.91,0.47,-1.52,0.33,0.09,-0.64,0.94,-0.21,-0.14,-0.13,0.05,0.05,0.05,0.17,-0.34,0.16,-0.34,-0.12,1.08,-0.13,-0.26,0.50,-0.61,-1.20,2.04,-0.92,-0.38,-0.63,-0.43,1.42,0.32,-0.72,-0.21,-0.19,-0.31
 "50000","Vermont",1,SQGDP11,6,"21","   Mining, quarrying, and oil and gas extraction ","Percentage points",0.09,-0.31,-0.21,0.63,-0.25,-0.16,0.02,-0.02,-0.09,-0.03,-0.09,-0.09,-0.22,0.17,0.49,0.24,0.19,-0.19,-0.03,-0.26,0.29,0.06,0.05,-0.54,0.07,-0.03,-0.07,-0.45,0.35,-0.36,-0.06,0.08,-0.08,0.03,0.13,-0.01,0.04,-0.05,-0.01,0.21,-0.06,0.20,0.03,-0.02,-0.38,0.18,0.00,0.12,0.19,-0.05,-0.17,-0.43,-0.27,-0.25,-0.13,-0.01,0.04,0.06,0.15,0.31,0.09,0.08,-0.02,-0.19,0.11,0.07,0.05,-0.19,-0.01,0.11,0.19,-0.01
 "50000","Vermont",1,SQGDP11,10,"22","   Utilities ","Percentage points",-0.75,0.11,1.36,-1.49,0.79,-0.03,-0.09,0.10,1.51,-1.06,-1.11,1.06,0.25,0.04,-0.38,1.01,-0.52,0.33,0.63,1.23,-0.03,-0.06,-0.59,-1.10,0.59,-0.13,1.05,-0.48,0.47,0.83,-1.05,0.57,0.28,-0.12,-0.76,-0.62,-0.74,1.30,0.71,1.51,-3.67,0.83,-0.59,-0.23,0.35,-0.62,-0.27,-0.06,0.38,-0.36,0.01,0.18,0.43,-0.55,0.73,-0.73,0.00,-0.03,0.56,-0.22,-0.21,0.94,-0.83,-0.34,0.35,0.07,-0.74,0.66,0.04,-0.42,0.09,-0.09
 "50000","Vermont",1,SQGDP11,11,"23","   Construction ","Percentage points",-0.33,-0.18,-0.20,-0.16,-0.04,-0.62,-0.83,-0.21,0.17,-0.99,-0.92,-0.58,-0.37,0.18,-0.40,-0.85,0.47,1.34,-0.38,-0.64,1.25,-1.06,-0.38,-0.08,0.19,0.68,1.34,-1.07,0.12,-0.49,-0.60,0.40,-0.74,-0.20,-0.51,-0.47,0.15,0.11,-0.04,-0.48,0.04,-0.07,0.11,0.18,-0.04,-0.17,0.00,-0.06,-0.01,-0.13,0.30,-0.21,-0.18,-0.37,-0.42,0.51,-0.20,-0.15,-0.24,0.25,-2.11,2.03,0.69,0.36,0.12,-0.62,-0.49,0.19,-0.72,-0.69,-0.11,-0.02
 "50000","Vermont",1,SQGDP11,12,"31-33","   Manufacturing ","Percentage points",-0.25,0.27,3.70,3.24,1.31,-1.12,-1.74,-5.12,-1.04,0.27,1.69,3.48,2.92,-0.38,-4.04,-3.35,-2.74,1.22,2.71,3.32,2.32,2.47,-0.05,-0.70,0.85,0.23,2.00,1.94,0.05,-3.01,-2.02,-3.57,-2.12,-2.13,-0.27,-0.96,1.37,2.02,0.13,0.23,0.02,0.67,-0.40,-0.11,-0.16,-0.85,-0.02,1.12,0.09,-0.62,0.39,0.46,1.33,-1.07,0.07,-0.11,-1.36,2.70,-0.02,-0.41,-2.17,5.32,0.37,1.55,-1.60,-0.57,0.83,-0.12,-0.52,-0.19,0.09,-0.47
 "50000","Vermont",1,SQGDP11,13,"321,327-339","     Durable goods manufacturing ","Percentage points",-0.32,0.19,2.89,2.12,1.20,-1.09,-2.08,-4.90,-1.38,0.18,1.18,3.49,2.43,0.60,-2.62,-1.74,-2.59,1.25,2.56,3.02,2.36,2.54,-0.05,-1.25,0.36,0.73,2.47,1.66,0.60,-2.06,-1.62,-4.00,-2.65,-2.70,-0.64,-0.09,0.52,1.50,-0.82,-0.25,-0.20,0.69,0.31,-0.59,0.13,-0.50,0.06,0.00,0.59,-0.69,0.27,0.42,0.47,-0.64,0.01,0.48,-1.53,2.38,0.07,-0.63,-1.44,3.60,0.95,0.84,-1.01,-0.56,1.09,0.60,-0.09,-0.14,0.27,-0.38
 "50000","Vermont",1,SQGDP11,25,"311-316,322-326","     Nondurable goods manufacturing ","Percentage points",0.07,0.07,0.80,1.13,0.11,-0.03,0.34,-0.22,0.34,0.09,0.51,-0.02,0.50,-0.97,-1.41,-1.61,-0.15,-0.03,0.15,0.30,-0.04,-0.07,0.00,0.55,0.49,-0.50,-0.47,0.27,-0.55,-0.95,-0.40,0.43,0.53,0.57,0.36,-0.87,0.85,0.53,0.95,0.48,0.23,-0.02,-0.71,0.48,-0.29,-0.35,-0.09,1.12,-0.50,0.07,0.12,0.04,0.85,-0.43,0.07,-0.59,0.18,0.32,-0.08,0.22,-0.73,1.72,-0.58,0.71,-0.59,-0.01,-0.26,-0.73,-0.44,-0.05,-0.19,-0.08
 "50000","Vermont",1,SQGDP11,34,"42","   Wholesale trade ","Percentage points",-0.48,-0.12,-0.79,0.34,-0.09,-0.19,-0.16,0.02,0.07,0.04,0.01,0.09,0.12,-0.17,-1.12,-0.61,-0.52,0.31,0.93,-0.36,0.92,0.93,0.43,-0.23,-1.18,0.41,1.98,-1.63,1.83,-0.61,-1.38,0.67,1.31,-1.32,-0.17,0.29,-0.44,0.46,0.12,0.08,0.40,0.07,0.10,-0.30,0.49,0.59,1.74,-2.60,-0.20,0.21,-0.34,0.96,-0.69,0.00,-0.41,0.61,-0.28,0.41,0.51,-0.31,-1.23,1.78,0.30,-0.17,1.19,-1.08,-0.09,0.52,-0.38,0.18,0.39,-0.15
 "50000","Vermont",1,SQGDP11,35,"44-45","   Retail trade ","Percentage points",0.81,1.06,-0.98,-0.59,-0.23,-0.73,0.44,-1.01,-0.39,-0.02,0.38,0.18,-0.11,-0.42,-0.60,-0.71,0.17,-0.53,0.67,-0.11,0.45,0.11,-0.05,-0.20,0.09,-0.25,0.72,-0.99,-0.45,0.50,-0.40,1.29,-0.30,-0.21,0.01,0.40,0.08,0.19,-0.27,0.44,0.32,1.24,-0.86,0.61,0.00,0.15,0.35,-0.10,0.64,0.54,0.04,0.29,-0.03,0.32,-0.17,0.25,0.12,-0.11,-0.41,-1.31,-2.18,3.75,1.20,0.24,-1.02,-0.80,0.16,-1.33,0.03,0.47,0.85,0.53
 "50000","Vermont",1,SQGDP11,36,"48-49","   Transportation and warehousing ","Percentage points",0.23,0.25,0.08,-0.25,0.08,-0.12,-0.12,-0.20,0.12,0.04,0.41,-0.51,0.20,-0.20,-0.29,-0.41,0.22,0.08,0.02,-0.23,0.25,0.23,-0.04,0.13,-0.10,-0.21,0.15,-0.11,-0.11,-0.06,-0.11,-0.15,-0.12,0.05,0.01,-0.03,-0.09,0.07,0.10,-0.62,0.13,0.10,-0.03,-0.29,0.12,-0.09,0.12,0.25,0.04,-0.07,-0.04,0.07,0.08,-0.22,-0.02,0.00,0.10,0.17,0.09,-0.35,-1.14,1.30,0.27,-0.18,-0.28,0.18,-0.12,-0.63,0.04,0.16,0.11,0.05
 "50000","Vermont",1,SQGDP11,45,"51","   Information ","Percentage points",0.05,-0.08,-0.63,-0.11,0.25,0.01,-0.05,0.58,0.27,0.73,0.07,1.53,0.49,0.69,-0.86,0.92,-0.36,0.25,0.56,-0.17,-0.15,0.36,-0.41,-0.66,0.17,-0.36,0.63,-1.57,0.52,-0.03,0.02,0.71,-0.26,-0.20,-0.10,0.11,-0.13,-0.35,-0.24,-0.46,0.51,1.24,-0.95,0.45,-0.13,-0.16,0.02,0.06,-0.22,0.12,0.28,-0.15,0.22,0.00,0.11,0.31,0.31,0.03,-0.10,0.19,-0.52,0.47,0.18,-0.04,0.77,0.46,0.02,1.09,0.08,0.48,0.14,0.22
 "50000","Vermont",1,SQGDP11,51,"52","   Finance and insurance ","Percentage points",0.93,0.15,-1.34,0.84,-0.92,0.47,-0.99,1.11,-0.58,0.62,0.71,0.68,-2.36,-1.73,-2.54,5.35,0.68,-0.08,-0.95,-0.13,-0.85,-0.66,-0.01,0.03,0.54,0.66,0.59,-0.03,1.25,-0.84,-1.47,-0.88,-0.63,0.46,1.91,1.84,2.57,0.65,-0.97,-1.52,-0.98,-0.71,-0.14,0.24,0.55,1.62,-0.30,-0.49,-0.77,-0.49,0.10,0.08,0.14,0.87,-0.57,1.16,-0.42,-0.20,0.81,-1.58,1.11,-0.47,0.04,1.07,0.15,0.26,0.41,-0.19,0.23,-0.15,-0.17,-0.38
 "50000","Vermont",1,SQGDP11,56,"53","   Real estate and rental and leasing ","Percentage points",0.20,-0.90,0.27,-1.66,0.70,0.64,0.94,0.79,2.06,2.51,0.88,1.07,-0.08,-0.49,0.42,0.22,-0.17,1.93,0.73,1.42,1.92,0.46,1.00,-0.61,0.84,-0.18,1.45,-0.64,0.47,0.18,-1.09,0.21,-0.23,0.69,0.05,-0.51,0.00,0.10,-0.16,-0.35,-0.43,0.12,-0.18,0.21,-0.03,-0.35,-0.44,-1.19,0.26,-1.05,-1.05,-1.08,-1.16,-0.73,-0.14,0.12,0.47,0.58,0.22,0.45,-0.59,2.13,0.15,0.92,0.34,0.49,0.66,-0.04,-0.23,0.22,-0.57,-0.11
 "50000","Vermont",1,SQGDP11,60,"54","   Professional, scientific, and technical services ","Percentage points",-0.21,0.43,-0.66,3.76,-3.73,0.25,-0.05,-0.10,0.41,0.91,0.72,-0.26,0.54,0.36,0.12,-0.76,-0.08,-0.02,-0.45,-0.20,0.84,0.93,0.33,-0.69,0.78,0.66,-0.19,-0.23,0.74,-0.44,-0.87,1.59,-0.83,0.10,0.55,-1.45,0.70,0.56,0.25,-0.17,0.66,0.24,1.11,-0.54,-0.01,0.25,-0.14,0.29,0.45,0.37,0.58,0.30,0.24,0.25,-0.40,1.32,-0.95,0.71,-0.05,1.39,-1.87,1.37,0.05,2.18,1.06,1.29,1.52,2.18,0.15,0.50,0.19,0.06
 "50000","Vermont",1,SQGDP11,64,"55","   Management of companies and enterprises ","Percentage points",-0.06,0.00,0.00,-0.27,0.05,0.02,0.01,-0.13,0.05,0.00,0.05,1.10,-0.17,0.17,-0.02,-0.12,-0.02,0.18,-0.01,0.10,0.00,0.15,-0.08,0.77,0.07,-0.01,-0.11,0.81,0.11,0.03,-0.22,-0.04,0.32,0.01,0.18,-0.10,0.13,0.23,0.15,-0.10,-0.04,0.03,-0.12,-0.09,-0.08,0.67,-0.24,-0.40,0.05,0.22,0.31,-0.42,0.03,0.08,0.18,0.55,-0.12,-0.19,0.08,0.30,-0.32,0.00,0.32,0.94,-0.83,0.01,-0.05,0.39,0.07,0.03,0.08,-0.03
 "50000","Vermont",1,SQGDP11,65,"56","   Administrative and support and waste management and remediation services ","Percentage points",0.10,-0.08,0.04,-0.12,-0.04,0.02,0.10,0.29,0.27,0.26,0.11,0.16,-0.22,-0.02,-0.02,-0.26,0.04,-0.17,1.09,-0.53,0.14,0.13,-0.12,0.31,0.31,0.12,-0.03,0.16,0.33,0.06,0.08,0.21,0.14,0.08,0.65,-0.53,0.04,-0.05,1.03,-1.24,0.30,0.12,-0.13,-0.14,0.22,0.11,0.36,0.01,0.32,0.15,0.27,-0.08,0.13,0.16,0.21,0.16,-0.08,0.07,-0.05,0.36,-1.40,1.46,0.18,1.27,-0.32,0.73,0.70,1.22,0.06,0.03,0.70,0.08
 "50000","Vermont",1,SQGDP11,69,"61","   Educational services ","Percentage points",0.22,-0.01,-0.25,0.25,-0.20,0.18,-0.09,-0.18,0.12,0.16,-0.02,0.32,0.14,0.23,-0.11,0.48,-0.17,-0.09,0.37,-0.86,0.32,0.16,0.47,-0.58,0.04,0.24,-0.22,-0.09,0.20,-0.28,-0.05,-0.05,-0.06,-0.18,0.13,-0.17,0.04,0.17,-0.21,-0.32,0.15,0.31,0.33,0.94,0.09,-0.15,0.40,0.05,-0.34,0.02,-0.06,0.08,-0.04,0.09,0.04,-0.30,0.15,-0.32,-0.40,-0.29,-1.07,-0.25,0.38,-0.55,0.52,0.44,0.43,-0.39,-0.08,0.17,-0.02,0.02
 "50000","Vermont",1,SQGDP11,70,"62","   Health care and social assistance ","Percentage points",-0.70,0.62,0.36,0.74,0.00,-0.13,0.45,-0.14,0.29,0.47,0.45,1.08,0.53,0.53,1.33,-1.53,0.74,0.35,-0.56,-0.22,-0.43,1.08,-0.73,0.89,-0.07,-0.76,0.90,0.67,-0.03,-0.14,0.68,0.54,-0.09,-0.07,0.27,-0.56,0.03,0.56,0.94,-0.08,1.00,-0.07,0.29,1.26,0.03,-1.15,-0.33,0.92,-0.65,1.32,0.00,0.35,0.45,-0.22,0.54,0.62,-0.49,0.18,-0.22,1.19,-6.02,8.64,0.65,-1.08,0.13,0.55,0.15,1.05,0.35,0.53,-0.02,0.82
 "50000","Vermont",1,SQGDP11,76,"71","   Arts, entertainment, and recreation ","Percentage points",-0.05,0.12,0.17,-0.30,0.18,-0.13,-0.18,0.20,-0.14,0.06,0.13,-0.13,0.11,0.06,0.00,0.09,-0.18,0.14,-0.09,0.21,0.12,0.07,0.27,-0.31,0.17,-0.11,0.16,-0.05,0.14,0.02,0.01,-0.02,-0.07,-0.11,0.01,0.32,-0.04,-0.07,0.36,-0.64,-0.08,-0.04,0.14,-0.20,0.17,0.19,-0.05,-0.05,-0.06,0.05,0.04,0.05,0.14,0.06,0.04,-0.21,0.01,0.02,-0.18,0.16,-2.26,0.75,0.53,0.43,0.26,0.52,0.61,-0.19,0.13,0.39,0.27,0.21
 "50000","Vermont",1,SQGDP11,79,"72","   Accommodation and food services ","Percentage points",0.07,0.09,-0.18,-0.11,-0.34,0.22,-0.50,-0.25,0.49,-0.42,-0.08,-0.55,0.03,-0.07,0.03,-0.84,-0.55,0.18,0.36,-0.02,0.47,0.22,0.26,-0.07,0.41,-0.07,-0.17,0.15,-0.17,0.56,0.16,0.71,-0.40,-0.16,0.27,0.02,0.11,0.23,-0.13,1.24,0.19,-0.20,0.00,-0.60,0.27,0.72,-0.13,1.16,-0.06,0.11,-0.43,0.80,0.32,-0.20,-0.16,0.67,-0.16,0.16,-0.26,0.82,-11.07,10.14,0.74,0.27,2.75,0.42,1.20,0.28,0.62,-0.11,-0.86,0.18
 "50000","Vermont",1,SQGDP11,82,"81","   Other services (except government and government enterprises) ","Percentage points",-0.09,0.04,-0.15,-0.09,-0.08,-0.01,-0.10,-0.34,-0.10,-0.14,-0.15,-0.13,-0.18,-0.13,-0.11,-0.26,-0.14,-0.05,0.04,-0.23,0.08,0.19,-0.13,-0.22,0.01,-0.01,0.12,0.15,0.09,0.03,-0.02,-0.11,-0.08,0.02,-0.02,-0.09,0.18,0.16,-0.02,-0.18,0.13,-0.09,0.01,0.14,-0.19,-0.12,-0.09,0.08,-0.08,0.06,0.12,0.25,0.10,0.01,-0.04,-0.06,-0.07,0.05,-0.05,-0.34,-1.50,1.50,0.29,-0.14,0.24,0.35,0.12,0.10,0.04,0.09,0.21,0.02
 "50000","Vermont",1,SQGDP11,83,"..."," Government and government enterprises ","Percentage points",-1.94,-0.15,0.98,0.35,-0.31,0.51,-0.90,-0.01,-0.04,0.41,-1.23,2.29,-0.77,0.34,0.02,-1.22,0.60,-0.65,0.10,-0.08,-0.11,0.19,-0.58,2.18,0.87,-1.50,0.92,-0.95,-0.69,-0.34,0.64,0.80,0.20,-0.31,-0.69,-1.23,0.98,-0.43,0.63,-0.50,1.06,-1.95,1.38,0.21,-1.61,1.87,-1.60,1.01,-0.75,1.32,-0.51,-0.08,-0.05,0.05,-0.34,-0.21,0.62,0.19,0.32,0.61,-1.39,1.36,0.23,-2.06,0.85,0.03,0.26,-2.27,0.66,-0.26,0.84,-0.12
 "50000","Vermont",1,SQGDP11,84,"...","  Federal civilian ","Percentage points",-0.08,-0.18,0.02,0.07,-0.10,0.04,0.04,-0.12,0.01,0.35,0.02,0.10,0.18,0.15,0.12,0.06,0.39,-0.41,0.00,0.15,0.47,-0.72,-0.03,0.22,0.02,0.18,0.11,-0.04,-0.01,0.13,0.09,0.17,0.06,-0.12,-0.01,0.21,0.17,0.02,-0.03,0.17,-0.01,0.02,0.09,0.28,0.06,0.08,0.00,0.00,0.07,0.11,0.18,0.08,0.02,0.02,0.00,-0.17,0.30,0.03,-0.07,0.06,0.16,0.24,-0.39,0.06,-0.16,-0.12,-0.14,0.01,-0.01,0.02,0.11,0.13
 "50000","Vermont",1,SQGDP11,85,"...","  Military ","Percentage points",-0.05,0.01,0.01,-0.37,0.08,0.01,-0.06,-0.03,-0.04,0.08,0.00,0.13,0.02,0.07,0.03,0.09,-0.02,-0.08,0.04,0.03,-0.12,-0.03,-0.07,-0.17,0.06,-0.07,0.02,-0.11,-0.02,-0.01,-0.06,-0.03,0.01,-0.06,-0.06,-0.23,0.06,0.12,0.10,-0.32,0.10,-0.11,0.09,-0.02,0.01,0.01,0.04,-0.15,0.06,0.08,0.03,-0.15,-0.07,-0.01,0.01,0.00,0.05,-0.01,-0.04,-0.05,0.06,-0.08,-0.02,-0.01,0.02,-0.04,-0.03,0.50,0.64,-0.50,0.09,-0.27
 "50000","Vermont",1,SQGDP11,86,"...","  State and local ","Percentage points",-1.81,0.02,0.95,0.65,-0.28,0.47,-0.88,0.14,-0.01,-0.02,-1.25,2.06,-0.97,0.12,-0.13,-1.36,0.23,-0.15,0.06,-0.26,-0.46,0.94,-0.48,2.13,0.79,-1.61,0.80,-0.80,-0.65,-0.46,0.61,0.65,0.13,-0.13,-0.62,-1.21,0.75,-0.57,0.56,-0.35,0.96,-1.86,1.19,-0.04,-1.68,1.78,-1.65,1.16,-0.89,1.13,-0.72,-0.01,0.00,0.04,-0.34,-0.04,0.27,0.17,0.43,0.60,-1.61,1.20,0.64,-2.12,0.99,0.19,0.44,-2.78,0.02,0.22,0.63,0.02
 "51000","Virginia",5,SQGDP11,1,"...","All industry total (percent change) ","Percent change",5.7,4.9,0.1,4.8,-0.8,-0.6,-0.5,1.9,1.4,4.5,2.0,-0.8,4.7,1.2,-5.6,-4.5,2.8,1.4,4.5,1.7,6.1,2.8,1.5,-3.3,1.6,0.2,3.3,-1.6,0.1,1.0,-1.6,5.1,-2.1,0.4,-0.4,-3.1,2.5,0.9,1.1,1.3,3.9,1.5,-0.5,-1.0,2.4,2.4,3.9,-1.9,2.2,2.5,3.3,1.8,2.2,2.6,0.1,3.6,1.1,5.8,0.9,-3.9,-26.0,28.3,6.6,5.3,4.1,3.8,7.7,-3.3,-0.9,2.2,2.1,1.0
 "51000","Virginia",5,SQGDP11,2,"..."," Private industries ","Percentage points",5.64,4.85,-0.37,4.66,-1.18,-0.09,-1.35,1.56,0.94,4.04,1.66,-1.20,4.08,0.74,-5.41,-4.61,2.37,1.13,4.94,0.24,6.52,3.20,1.49,-3.94,2.17,0.34,2.59,-1.07,-0.25,0.81,-2.07,5.60,-1.80,1.14,0.01,-4.08,2.43,1.19,1.24,0.74,3.63,1.46,-0.36,-2.65,2.80,2.40,3.15,-1.71,2.13,2.91,3.34,2.89,2.06,2.30,0.75,3.87,0.57,4.59,0.90,-4.38,-24.87,28.60,6.12,4.70,3.77,2.88,7.37,-2.82,-0.72,2.20,1.80,0.38
 "51000","Virginia",5,SQGDP11,3,"11","   Agriculture, forestry, fishing and hunting ","Percentage points",0.13,0.14,0.24,-0.44,0.21,-0.12,-0.12,-0.08,-0.12,-0.05,-0.24,0.50,-0.21,-0.18,0.09,0.22,-0.01,0.14,-0.01,-0.42,0.23,0.04,-0.13,0.21,-0.20,-0.06,0.03,0.15,-0.16,-0.18,-0.05,0.26,0.16,0.02,-0.08,0.09,0.05,0.00,0.01,0.07,0.01,0.07,-0.09,0.14,-0.06,-0.07,-0.14,0.33,-0.09,-0.04,0.05,-0.06,0.10,-0.11,-0.03,-0.17,-0.02,0.23,0.40,0.44,-1.33,0.78,-0.19,0.46,-0.47,-0.20,-0.15,0.13,0.05,0.00,0.16,-0.09
 "51000","Virginia",5,SQGDP11,6,"21","   Mining, quarrying, and oil and gas extraction ","Percentage points",0.09,-0.19,0.01,0.39,-0.02,0.17,-0.20,0.01,-0.10,-0.11,-0.11,0.15,-0.02,-0.03,0.38,-0.30,-0.40,-0.06,0.01,-0.07,0.60,-0.06,-0.08,-0.24,-0.02,0.03,0.02,-0.29,0.08,-0.14,-0.13,0.05,-0.07,-0.10,0.03,-0.06,-0.07,-0.08,0.09,-0.04,-0.04,0.03,0.02,-0.09,-0.08,0.03,0.00,0.08,0.10,0.13,-0.06,-0.03,0.05,-0.03,-0.03,0.04,-0.04,-0.02,0.02,0.09,-0.10,-0.03,-0.13,-0.18,-0.02,0.03,0.01,-0.12,-0.01,0.04,0.02,-0.01
 "51000","Virginia",5,SQGDP11,10,"22","   Utilities ","Percentage points",0.63,-0.28,-0.04,0.02,0.19,0.39,-0.27,-0.01,-0.11,0.24,0.07,0.07,0.20,0.26,-0.52,-0.40,1.49,-0.51,-0.06,0.80,0.10,-0.20,0.04,-0.33,0.36,-0.03,0.81,-1.18,0.88,-0.16,-0.42,-0.13,0.20,-0.19,-0.08,0.08,-0.46,-0.05,0.26,-0.23,0.66,-0.08,-0.18,-0.02,0.30,0.24,-0.08,-0.12,0.08,-0.05,0.26,-0.26,0.14,0.03,-0.06,-0.02,0.08,0.23,0.35,-0.49,0.14,0.00,-0.49,0.20,0.01,-0.31,-0.02,0.51,0.11,-0.26,0.00,-0.27
 "51000","Virginia",5,SQGDP11,11,"23","   Construction ","Percentage points",-0.36,0.14,-0.50,0.53,-0.93,-0.93,-1.02,-0.07,0.13,-0.51,-0.80,-0.79,-0.53,-0.25,-1.01,-1.37,-0.30,0.08,-0.52,-0.50,0.47,0.12,-0.11,-0.14,0.35,0.12,0.29,0.43,0.01,0.19,0.33,0.13,-0.10,0.14,-0.25,-0.43,0.39,-0.23,0.09,-0.02,0.83,-0.13,-0.17,0.01,-0.01,0.26,0.35,0.08,-0.26,0.23,0.41,-0.28,-0.15,0.08,0.05,0.49,-0.29,0.22,-0.28,0.59,-1.19,0.79,0.88,0.26,-0.22,-0.57,-0.39,-0.36,-1.01,-0.79,-0.09,0.09
 "51000","Virginia",5,SQGDP11,12,"31-33","   Manufacturing ","Percentage points",0.74,-0.09,0.94,0.06,-0.34,-0.29,-0.51,0.11,-0.40,0.62,-0.27,-2.16,0.65,0.16,-0.15,-1.11,2.43,1.60,2.27,-1.00,0.37,0.03,-0.62,-0.10,0.09,-0.64,0.76,0.16,-1.02,-0.86,-1.70,3.01,-0.52,-0.31,-0.44,-1.97,0.66,-0.22,0.65,-0.43,1.03,-0.40,-0.08,-1.68,0.75,0.83,-0.49,-0.34,0.23,-0.18,0.93,0.53,0.54,-0.07,0.43,-0.58,0.58,0.83,-0.86,-0.57,-2.93,4.06,1.01,0.15,0.48,-0.24,1.50,-0.77,-0.80,0.04,0.11,-0.49
 "51000","Virginia",5,SQGDP11,13,"321,327-339","     Durable goods manufacturing ","Percentage points",0.97,-0.38,0.56,-0.33,0.22,-0.08,-0.14,0.65,-0.49,1.14,-0.67,-0.62,-0.11,0.19,-0.35,-1.08,-0.07,0.09,0.43,0.05,0.63,0.22,0.23,-0.25,0.70,-0.37,0.05,-0.69,-0.36,0.03,0.01,0.64,-0.02,0.37,-0.16,-0.48,0.09,0.20,0.03,-0.11,1.10,-0.48,-0.16,-0.31,-0.35,0.53,-0.29,0.02,0.11,0.10,0.50,0.32,0.41,0.17,0.62,-0.13,0.12,0.04,-0.53,-0.68,-1.38,1.94,0.65,0.41,0.38,-0.23,0.71,0.04,-0.21,-0.07,0.25,-0.31
 "51000","Virginia",5,SQGDP11,25,"311-316,322-326","     Nondurable goods manufacturing ","Percentage points",-0.24,0.29,0.39,0.39,-0.56,-0.20,-0.38,-0.54,0.08,-0.51,0.40,-1.54,0.76,-0.03,0.21,-0.04,2.50,1.51,1.84,-1.05,-0.25,-0.19,-0.85,0.15,-0.61,-0.27,0.71,0.85,-0.66,-0.89,-1.70,2.37,-0.50,-0.69,-0.28,-1.49,0.57,-0.42,0.62,-0.32,-0.07,0.08,0.08,-1.37,1.10,0.30,-0.20,-0.36,0.12,-0.28,0.43,0.20,0.13,-0.24,-0.19,-0.45,0.46,0.78,-0.33,0.11,-1.55,2.12,0.36,-0.25,0.11,-0.01,0.80,-0.81,-0.59,0.11,-0.14,-0.18
 "51000","Virginia",5,SQGDP11,34,"42","   Wholesale trade ","Percentage points",0.45,0.18,0.22,0.12,-0.37,0.15,0.14,0.07,0.49,-0.11,-0.01,0.21,-0.02,-0.12,-0.65,-1.02,-0.70,0.02,0.66,-0.54,0.67,0.38,0.26,-0.03,-0.34,-0.01,0.66,-0.70,0.53,-0.05,-0.47,0.65,-0.30,0.31,0.19,-0.50,0.43,0.38,-0.18,0.19,0.09,0.15,-0.24,0.06,0.25,0.26,0.09,-0.24,0.06,0.14,0.01,0.35,-0.35,0.24,0.07,-0.27,-0.26,0.28,0.13,0.47,-1.15,1.59,0.12,0.76,0.00,-0.46,0.44,-0.54,-0.32,0.26,0.22,-0.01
 "51000","Virginia",5,SQGDP11,35,"44-45","   Retail trade ","Percentage points",0.67,0.60,-0.75,0.23,0.16,-0.58,0.33,-0.42,-0.60,0.10,0.07,-0.62,-0.20,-0.11,-0.57,-0.33,-0.08,-0.11,0.55,-0.19,0.58,-0.16,-0.11,0.33,-0.44,-0.25,0.15,0.43,-0.64,0.39,-0.03,0.85,-0.16,-0.12,0.16,-0.16,0.34,0.01,-0.05,0.08,0.52,0.33,0.06,-0.05,0.10,0.19,0.19,-0.23,0.10,0.50,-0.07,0.16,-0.08,0.52,-0.13,0.41,0.27,0.12,0.12,-0.23,-1.25,2.36,-0.03,0.42,-0.66,-0.63,0.54,-1.43,-0.09,0.34,0.30,0.42
 "51000","Virginia",5,SQGDP11,36,"48-49","   Transportation and warehousing ","Percentage points",0.07,0.67,0.61,0.61,0.53,0.40,-0.39,-0.73,-0.07,-0.20,0.21,-0.06,0.11,-0.06,-0.20,-0.14,0.26,-0.08,0.19,-0.18,0.11,0.32,0.20,-0.31,0.08,-0.07,0.22,-0.04,-0.10,0.06,-0.13,0.17,-0.12,-0.17,0.39,-0.08,0.04,0.19,-0.08,-0.02,0.26,0.18,0.07,-0.41,0.25,-0.02,0.16,0.09,-0.10,0.12,0.04,0.02,-0.12,0.02,0.20,-0.15,0.10,0.08,-0.30,-0.22,-1.85,0.93,0.25,0.36,-0.30,0.46,0.20,-0.39,0.08,0.27,0.17,0.14
 "51000","Virginia",5,SQGDP11,45,"51","   Information ","Percentage points",0.61,1.98,-2.79,0.35,-0.02,0.59,-0.35,0.29,0.82,0.65,0.60,-1.94,0.87,0.13,-0.71,-1.26,-0.05,-0.12,0.74,-0.74,0.43,0.43,-0.13,-1.98,0.63,0.32,0.13,-2.07,0.29,-0.03,-0.01,0.91,0.09,0.28,-0.13,0.83,-0.23,0.13,0.25,0.46,0.09,0.88,0.01,-0.98,0.39,0.58,0.63,-2.31,0.86,0.17,0.20,-0.53,0.85,0.39,-0.87,2.65,-0.83,-0.02,0.58,-1.12,0.49,1.18,0.30,-0.10,0.91,0.54,1.03,-0.28,0.00,0.99,0.54,0.14
 "51000","Virginia",5,SQGDP11,51,"52","   Finance and insurance ","Percentage points",0.30,0.32,1.39,-0.63,-0.46,0.41,-1.01,-0.30,-0.30,-0.94,-1.68,2.73,-0.67,-1.49,-2.32,4.15,1.32,-0.31,-0.70,0.63,-1.57,0.11,0.42,1.51,-0.84,0.16,-0.08,1.05,-0.41,0.34,0.64,-1.62,0.55,-0.07,0.25,-0.44,0.68,-0.74,0.41,0.27,0.57,-0.61,-0.16,-0.30,1.12,-0.30,0.48,-0.09,-0.05,0.63,-0.20,0.03,-0.19,0.87,-0.92,0.87,0.08,0.04,0.87,-1.15,1.11,0.96,1.81,-0.80,0.79,0.14,0.31,-0.07,0.19,-0.22,-0.59,-0.44
 "51000","Virginia",5,SQGDP11,56,"53","   Real estate and rental and leasing ","Percentage points",1.49,-0.41,0.34,-0.26,0.21,-0.32,1.03,0.78,1.11,2.55,2.42,0.99,1.62,0.12,-0.50,-1.45,-1.76,0.18,0.67,1.65,1.78,0.58,0.65,-1.46,0.61,-0.54,0.45,-0.84,0.13,0.38,-0.30,1.19,0.13,0.94,0.05,-0.88,-0.09,-0.19,-0.51,-0.56,-0.72,-0.23,-0.02,-0.10,-0.20,-0.23,-0.42,0.35,0.39,0.22,0.00,0.62,0.46,-0.02,0.33,0.18,-0.04,0.03,-0.51,-0.76,-1.71,1.10,0.03,0.68,0.44,0.46,0.72,0.19,-0.33,0.11,-0.64,-0.19
 "51000","Virginia",5,SQGDP11,60,"54","   Professional, scientific, and technical services ","Percentage points",0.59,0.59,0.16,2.28,0.12,0.04,0.77,1.05,-0.37,1.47,1.36,0.16,1.30,1.77,0.73,-0.22,0.33,-0.12,0.75,1.02,1.30,1.79,0.39,-0.99,1.56,0.57,-0.22,0.31,0.39,0.67,-1.09,0.85,-1.65,-0.14,0.19,-0.75,0.08,1.25,-0.33,-0.02,0.39,0.46,0.77,0.74,-0.26,0.21,0.92,0.32,0.45,0.81,0.78,1.27,0.78,0.06,0.57,0.03,0.18,1.01,0.45,0.22,-2.12,3.02,0.30,0.70,1.58,1.17,1.28,-0.81,0.09,0.75,1.11,-0.01
 "51000","Virginia",5,SQGDP11,64,"55","   Management of companies and enterprises ","Percentage points",-0.37,0.04,-0.22,0.44,-0.32,0.03,0.00,0.06,0.06,-0.29,-0.30,-0.18,0.16,0.07,-0.19,-0.57,0.15,0.25,0.12,-0.08,0.23,-0.15,0.09,-0.08,-0.33,0.36,-0.01,0.10,0.32,0.12,0.72,-0.97,0.23,0.36,-0.22,-0.35,0.31,-0.11,0.50,0.28,-0.27,-0.17,-0.14,-0.22,-0.15,0.38,0.31,0.20,-0.10,0.19,0.50,0.45,-0.43,0.36,0.10,0.12,0.38,0.49,0.02,0.24,-0.44,0.14,0.89,-0.32,0.02,0.73,0.42,0.03,0.13,0.08,0.40,0.00
 "51000","Virginia",5,SQGDP11,65,"56","   Administrative and support and waste management and remediation services ","Percentage points",0.24,0.22,-0.05,0.37,-0.05,0.06,0.24,0.36,0.33,0.43,0.09,-0.51,0.10,0.11,-0.08,-0.56,-0.08,0.05,0.27,0.47,0.42,-0.08,0.36,0.18,0.37,0.14,-0.24,0.57,-0.13,-0.04,0.24,0.19,0.00,0.03,-0.06,0.51,0.08,0.12,-0.09,0.30,-0.05,0.23,-0.08,-0.06,-0.11,0.23,0.52,0.05,0.37,0.14,0.19,0.21,0.23,0.07,0.37,-0.12,0.04,0.34,0.16,-0.66,-1.71,1.61,0.84,0.32,0.25,0.42,0.72,-0.05,0.25,0.08,-0.18,0.21
 "51000","Virginia",5,SQGDP11,69,"61","   Educational services ","Percentage points",0.06,0.07,0.09,-0.02,0.01,0.04,0.01,0.18,-0.02,0.05,0.02,0.06,0.11,0.14,0.16,0.29,0.04,0.11,-0.04,-0.08,0.00,-0.04,0.05,-0.24,0.11,-0.11,0.00,0.00,-0.04,-0.03,-0.06,0.02,-0.05,0.04,-0.01,-0.13,0.03,-0.03,-0.03,-0.02,0.04,-0.03,0.10,0.00,0.04,0.00,-0.02,-0.07,-0.05,-0.02,-0.02,0.05,-0.02,0.09,0.02,0.03,0.07,-0.06,-0.07,0.11,-0.69,0.41,-0.19,0.15,0.09,0.12,0.12,-0.09,0.09,0.02,0.15,-0.06
 "51000","Virginia",5,SQGDP11,70,"62","   Health care and social assistance ","Percentage points",0.18,0.51,0.02,0.31,0.05,-0.13,0.08,0.09,0.18,0.35,0.36,0.45,0.57,0.29,0.46,0.02,0.06,0.04,0.07,-0.19,0.27,-0.04,-0.03,0.31,0.18,0.10,-0.12,0.62,-0.32,0.08,0.36,0.29,0.02,0.14,-0.08,0.13,-0.06,0.39,0.29,0.27,0.06,0.51,-0.07,0.34,0.31,-0.28,0.44,0.14,0.13,-0.13,0.24,0.36,0.00,-0.07,0.29,0.13,0.28,0.44,-0.29,0.13,-3.51,4.27,0.68,0.47,-0.54,0.06,0.35,0.92,0.40,0.44,0.27,0.46
 "51000","Virginia",5,SQGDP11,76,"71","   Arts, entertainment, and recreation ","Percentage points",-0.02,0.07,-0.06,0.07,0.01,-0.04,0.07,-0.20,0.07,0.04,0.00,-0.08,0.15,0.00,0.01,-0.06,-0.02,0.08,0.01,0.10,0.05,-0.05,0.15,-0.22,-0.12,0.37,-0.21,0.01,0.05,0.09,-0.05,-0.25,-0.01,-0.01,0.04,0.10,-0.10,0.08,-0.03,-0.03,-0.05,0.18,-0.10,0.16,0.07,-0.02,0.11,-0.08,0.06,0.04,0.03,-0.01,0.17,-0.06,0.03,-0.04,-0.04,0.12,0.12,-0.20,-1.41,0.65,0.24,0.51,0.05,0.38,0.09,0.18,0.15,0.16,-0.03,0.20
 "51000","Virginia",5,SQGDP11,79,"72","   Accommodation and food services ","Percentage points",0.01,0.16,0.03,0.26,-0.10,0.04,-0.03,0.22,-0.04,-0.21,-0.08,-0.27,-0.06,-0.12,-0.19,-0.28,-0.14,0.03,0.05,-0.13,0.31,0.11,-0.01,0.02,0.09,-0.05,-0.04,0.04,-0.10,-0.05,0.14,0.06,-0.15,-0.01,0.03,-0.06,0.14,0.16,0.02,0.18,0.21,0.14,-0.06,0.00,0.09,0.09,0.19,0.13,-0.04,-0.09,-0.04,-0.07,0.09,-0.09,0.22,0.43,-0.04,0.09,-0.05,-1.00,-3.76,3.49,-0.28,0.79,1.15,0.49,0.02,0.09,0.30,-0.16,-0.09,0.27
 "51000","Virginia",5,SQGDP11,82,"81","   Other services (except government and government enterprises) ","Percentage points",0.14,0.13,-0.01,-0.03,-0.04,-0.01,-0.09,0.14,-0.12,-0.02,-0.06,0.08,-0.05,0.07,-0.17,-0.22,-0.17,-0.11,-0.07,-0.33,0.17,0.07,0.11,-0.40,0.01,-0.04,-0.01,0.18,-0.02,0.04,-0.07,-0.06,-0.08,0.00,0.05,-0.01,0.20,0.13,-0.04,0.02,-0.01,-0.05,0.00,-0.17,0.01,0.06,-0.09,-0.01,-0.01,0.10,0.09,0.08,-0.01,0.03,0.10,-0.16,0.06,0.13,0.03,-0.27,-1.47,1.28,0.06,-0.13,0.22,0.28,0.17,0.04,-0.01,0.02,0.00,0.04
 "51000","Virginia",5,SQGDP11,83,"..."," Government and government enterprises ","Percentage points",0.04,0.03,0.52,0.13,0.35,-0.50,0.83,0.37,0.49,0.46,0.36,0.42,0.61,0.48,-0.24,0.14,0.40,0.30,-0.47,1.43,-0.42,-0.45,0.00,0.66,-0.52,-0.14,0.74,-0.52,0.34,0.19,0.44,-0.46,-0.35,-0.74,-0.43,0.97,0.10,-0.32,-0.16,0.55,0.27,0.02,-0.10,1.62,-0.41,-0.05,0.73,-0.15,0.06,-0.43,-0.08,-1.06,0.17,0.32,-0.70,-0.23,0.51,1.21,0.03,0.53,-1.17,-0.27,0.53,0.57,0.36,0.94,0.31,-0.47,-0.20,-0.02,0.31,0.64
 "51000","Virginia",5,SQGDP11,84,"...","  Federal civilian ","Percentage points",0.00,-0.12,0.01,0.05,0.14,0.26,0.30,0.26,0.14,0.16,0.17,0.14,0.26,0.21,-0.01,0.28,0.31,0.31,0.12,0.34,0.31,0.09,0.03,0.30,0.08,-0.10,0.22,0.00,0.14,-0.02,-0.23,0.41,-0.39,-0.58,0.11,0.89,-0.06,0.10,0.07,0.23,0.23,0.12,0.14,0.23,0.02,0.15,0.15,0.23,-0.03,0.08,0.08,0.02,0.24,0.10,-0.11,-0.25,0.51,0.16,0.06,0.24,0.06,-0.12,0.25,0.11,-0.11,-0.02,-0.28,-0.06,0.01,0.23,0.07,0.10
 "51000","Virginia",5,SQGDP11,85,"...","  Military ","Percentage points",0.25,0.29,0.20,0.21,-0.13,0.18,-0.02,0.07,-0.02,0.22,0.15,0.08,0.23,0.12,0.18,-0.42,0.19,0.07,-0.13,0.38,-0.11,-0.27,-0.24,0.10,-0.22,-0.16,-0.08,0.12,-0.10,-0.08,-0.10,-0.15,-0.17,-0.08,-0.43,0.21,-0.08,-0.16,-0.23,0.15,0.02,-0.16,-0.17,0.33,-0.02,-0.02,0.06,-0.09,-0.30,-0.25,-0.37,-1.09,-0.33,-0.16,-0.11,-0.09,0.28,0.06,0.03,-0.04,0.35,-0.22,0.13,0.67,0.10,0.35,0.16,-0.05,-0.13,-0.48,-0.08,0.26
 "51000","Virginia",5,SQGDP11,86,"...","  State and local ","Percentage points",-0.21,-0.14,0.30,-0.14,0.35,-0.94,0.56,0.04,0.37,0.09,0.04,0.20,0.12,0.16,-0.40,0.27,-0.10,-0.08,-0.46,0.70,-0.62,-0.26,0.21,0.26,-0.38,0.13,0.60,-0.64,0.29,0.29,0.77,-0.72,0.21,-0.09,-0.12,-0.12,0.24,-0.26,0.01,0.17,0.01,0.06,-0.08,1.05,-0.41,-0.18,0.52,-0.29,0.39,-0.26,0.21,0.01,0.26,0.38,-0.48,0.12,-0.28,0.98,-0.05,0.33,-1.58,0.07,0.14,-0.21,0.37,0.62,0.43,-0.36,-0.08,0.23,0.32,0.28
 "53000","Washington",8,SQGDP11,1,"...","All industry total (percent change) ","Percent change",4.5,-1.1,8.6,5.1,1.1,2.0,5.3,2.6,12.2,7.9,7.3,-4.9,4.0,3.7,-11.2,-7.3,0.7,-0.1,5.4,0.1,7.8,2.7,1.8,-0.3,1.1,-0.1,8.4,5.3,1.7,2.8,-4.4,9.8,-0.5,5.9,-0.3,3.7,3.5,8.5,0.9,4.9,5.2,4.3,-0.6,9.8,-2.0,3.3,8.6,4.7,3.6,7.6,8.3,10.4,3.9,7.3,-0.9,6.4,0.0,5.3,4.9,0.9,-22.2,38.3,-1.9,11.3,7.5,-0.3,7.0,-4.8,0.6,3.5,3.7,3.2
 "53000","Washington",8,SQGDP11,2,"..."," Private industries ","Percentage points",4.91,-0.52,6.88,4.34,0.67,2.05,5.46,3.16,11.68,7.12,6.74,-5.70,3.38,2.86,-10.87,-7.65,0.66,0.16,5.54,-1.25,8.29,2.85,2.84,-1.27,1.93,0.52,6.91,5.27,1.11,2.68,-4.08,10.08,-0.32,6.32,-0.32,3.14,3.41,8.52,1.01,5.46,4.60,3.86,-0.50,8.13,-1.89,3.56,7.49,4.64,3.33,7.15,7.56,11.04,3.16,6.93,-0.98,6.51,-0.18,5.00,4.39,0.42,-19.98,37.26,-1.91,11.05,7.15,-0.55,7.35,-5.30,0.98,3.89,3.69,2.76
 "53000","Washington",8,SQGDP11,3,"11","   Agriculture, forestry, fishing and hunting ","Percentage points",0.08,0.12,0.31,0.40,0.26,-0.35,0.06,-0.12,-0.08,-0.24,-0.03,-0.32,-0.23,0.09,0.69,0.61,-0.41,0.41,-0.92,0.37,-0.07,-0.19,-0.11,-0.26,0.17,0.13,0.57,-0.65,0.30,0.34,-0.45,-0.51,0.37,0.07,0.07,0.57,-0.38,-0.22,-0.43,2.29,-0.29,-0.12,0.20,0.16,-0.18,0.18,0.37,-0.80,0.01,0.27,0.03,-0.07,0.27,0.28,-0.15,0.50,-0.22,-0.49,-0.39,-0.03,1.14,-0.21,-0.24,-1.31,-0.31,0.33,0.78,-0.74,-0.80,0.23,0.50,0.45
 "53000","Washington",8,SQGDP11,6,"21","   Mining, quarrying, and oil and gas extraction ","Percentage points",0.10,-0.07,0.05,0.15,0.03,-0.04,0.03,0.14,-0.34,-0.05,-0.12,-0.11,-0.09,-0.02,0.07,0.02,-0.07,-0.01,-0.06,0.00,0.04,0.03,-0.06,-0.03,-0.01,-0.04,-0.01,-0.07,0.00,-0.04,0.00,0.03,0.01,0.04,0.05,0.00,0.01,-0.01,0.00,0.01,-0.01,-0.01,0.06,0.04,-0.04,0.00,-0.04,0.04,0.04,0.00,0.03,0.02,0.02,0.00,-0.01,-0.03,-0.03,-0.02,-0.06,0.02,-0.02,0.01,-0.01,0.03,0.01,0.02,0.02,-0.04,-0.02,0.00,0.01,0.00
 "53000","Washington",8,SQGDP11,10,"22","   Utilities ","Percentage points",0.28,-0.11,-0.27,0.31,0.11,0.07,0.24,-0.67,0.08,0.22,-0.03,-0.23,0.44,0.15,-0.51,0.04,-0.34,0.17,0.14,-0.06,0.43,-0.01,0.14,-0.38,0.36,0.22,0.15,-0.22,0.25,-0.11,-0.11,0.11,-0.06,-0.08,-0.13,-0.40,0.37,0.09,0.11,-0.52,0.09,0.37,0.09,-0.34,0.48,-0.11,0.04,-0.02,0.02,-0.10,0.02,-0.04,-0.03,-0.02,-0.08,0.07,0.15,-0.05,0.18,0.17,-0.29,0.04,-0.03,-0.27,0.29,-0.08,0.04,-0.17,0.05,-0.13,-0.05,-0.03
 "53000","Washington",8,SQGDP11,11,"23","   Construction ","Percentage points",-0.08,0.13,0.33,0.05,0.13,0.43,-0.16,0.88,1.22,-0.11,-0.31,-0.64,-0.34,-0.25,-1.68,-1.76,-0.92,-0.48,-0.62,-0.23,-0.42,0.11,-0.41,-0.70,0.02,0.02,0.22,0.12,0.42,0.35,0.42,0.41,0.13,0.46,0.05,0.13,0.05,0.24,0.29,0.26,0.33,-0.25,0.16,0.88,0.12,0.47,0.02,0.52,0.09,0.35,0.55,0.69,0.11,0.08,0.03,-0.06,0.05,-0.11,-0.17,0.20,-2.34,2.81,0.23,0.65,-0.02,-0.84,-0.67,-0.25,-0.81,-0.72,-0.16,0.02
 "53000","Washington",8,SQGDP11,12,"31-33","   Manufacturing ","Percentage points",3.00,0.12,2.01,1.36,-0.83,-1.12,3.31,1.13,4.04,1.49,-0.37,-2.83,-0.90,0.20,-1.14,-2.16,3.95,1.11,2.35,-1.69,2.91,1.20,-2.48,0.17,0.21,-0.46,3.69,-0.40,0.32,0.36,-0.25,1.98,-0.37,0.78,-1.70,3.04,-1.29,0.16,1.55,2.53,0.27,0.62,-3.34,-1.79,-1.37,-2.39,0.59,-0.26,0.86,0.28,1.07,0.64,-0.81,-0.34,0.68,2.87,-2.64,0.32,-0.47,-0.74,-2.31,2.35,-0.31,0.50,0.12,-0.20,-0.66,2.31,-2.33,0.74,0.34,0.18
 "53000","Washington",8,SQGDP11,13,"321,327-339","     Durable goods manufacturing ","Percentage points",2.35,-0.39,3.32,2.04,0.51,-0.77,2.89,0.66,3.32,1.44,-0.51,-1.36,-0.71,0.76,-0.84,-2.24,2.55,0.56,1.90,-1.26,3.54,1.75,-1.71,0.92,0.70,0.36,3.39,0.06,0.61,0.69,-0.08,1.03,-0.44,0.13,-1.10,3.27,-1.58,0.11,0.96,1.78,-0.26,0.51,-3.14,-2.06,-1.48,-2.21,0.65,-0.26,0.68,0.28,0.89,0.48,-1.04,-0.46,0.53,2.76,-2.95,-0.03,-0.45,-0.60,-1.41,1.47,-0.34,0.59,-0.41,-0.28,-1.07,3.00,-1.80,0.70,0.30,0.10
 "53000","Washington",8,SQGDP11,25,"311-316,322-326","     Nondurable goods manufacturing ","Percentage points",0.65,0.51,-1.31,-0.68,-1.33,-0.35,0.42,0.47,0.72,0.04,0.13,-1.46,-0.19,-0.56,-0.30,0.08,1.40,0.55,0.45,-0.43,-0.63,-0.55,-0.77,-0.75,-0.49,-0.82,0.30,-0.45,-0.30,-0.34,-0.17,0.95,0.07,0.65,-0.60,-0.23,0.29,0.05,0.59,0.74,0.52,0.11,-0.20,0.26,0.10,-0.19,-0.06,0.00,0.18,0.00,0.17,0.16,0.23,0.11,0.14,0.11,0.30,0.34,-0.02,-0.14,-0.90,0.89,0.03,-0.10,0.52,0.08,0.41,-0.69,-0.53,0.04,0.05,0.08
 "53000","Washington",8,SQGDP11,34,"42","   Wholesale trade ","Percentage points",0.39,0.04,0.73,0.12,-0.16,0.03,0.28,-0.21,0.92,-0.02,0.56,0.12,0.02,-0.13,-1.24,-1.07,-1.04,-0.08,0.78,-0.25,1.18,0.78,-0.01,-0.08,-0.18,-0.32,1.06,-0.43,0.73,0.02,-0.30,0.26,-0.04,0.33,0.20,-0.22,0.39,0.97,-0.29,0.41,0.46,-0.02,-0.23,-0.33,0.30,0.37,0.15,0.20,-0.17,0.11,0.26,0.38,-0.01,0.29,-0.21,0.05,-0.20,0.37,0.15,-0.10,-1.32,2.59,0.08,0.92,-0.25,-0.84,0.28,0.37,-0.29,0.40,0.11,-0.31
 "53000","Washington",8,SQGDP11,35,"44-45","   Retail trade ","Percentage points",0.16,1.11,-0.50,0.81,-0.19,0.04,0.24,-0.18,0.10,-0.35,0.29,0.22,-0.15,-0.81,-1.05,-0.26,0.16,-0.55,1.16,0.08,-0.15,0.93,0.65,-0.36,-0.11,0.26,0.67,0.52,-0.67,0.81,-0.39,2.16,-1.35,1.30,0.86,0.37,0.36,0.60,-0.08,1.43,-0.29,1.73,0.32,2.23,-1.37,2.71,1.32,0.65,1.08,1.84,1.53,0.84,0.72,0.68,-2.08,1.18,0.89,0.87,0.71,0.52,-0.55,3.91,0.41,0.63,-0.91,-3.28,1.08,-3.92,-0.09,0.51,0.60,0.64
 "53000","Washington",8,SQGDP11,36,"48-49","   Transportation and warehousing ","Percentage points",0.20,0.57,0.17,0.02,0.35,-0.08,-0.11,-0.06,0.20,-0.24,0.36,-0.26,0.06,-0.03,-0.38,-0.22,0.32,0.08,0.33,0.19,0.05,0.34,0.08,-0.04,-0.27,-0.16,0.18,-0.04,0.03,0.10,0.16,-0.22,-0.11,0.09,0.17,-0.12,0.02,0.31,-0.14,0.03,0.22,0.10,-0.08,0.45,-0.04,0.10,0.39,0.16,0.05,0.01,0.12,0.27,0.06,0.06,0.09,0.24,-0.21,0.26,-0.17,-0.74,-2.03,0.93,0.37,0.28,0.22,0.23,0.23,-0.97,-0.01,0.26,0.26,0.14
 "53000","Washington",8,SQGDP11,45,"51","   Information ","Percentage points",1.36,-3.29,1.73,0.03,-0.15,2.91,-0.23,0.84,3.91,1.10,5.14,-4.30,0.70,2.86,-2.47,-1.49,0.39,0.39,2.12,-3.27,2.55,-1.91,1.79,1.34,0.57,1.14,-1.02,4.51,-0.42,-0.73,-2.44,3.29,1.77,1.58,-1.25,-0.14,2.58,4.23,-1.02,-0.76,1.79,0.53,2.35,3.79,-0.54,0.49,2.52,2.83,0.16,2.21,1.90,3.28,1.28,4.01,0.79,1.44,1.38,1.53,3.27,2.73,2.39,8.98,-2.84,3.90,3.71,0.06,2.11,-2.14,3.06,0.72,0.58,-0.89
 "53000","Washington",8,SQGDP11,51,"52","   Finance and insurance ","Percentage points",-1.37,0.62,0.33,-0.42,0.36,0.54,0.57,-1.25,0.35,0.05,-0.25,0.27,0.44,-0.54,-2.06,3.38,1.03,-0.14,-0.08,-1.13,-0.40,0.21,0.31,-0.08,0.21,-0.58,0.09,1.08,-0.38,0.33,-0.94,0.26,-0.39,-0.24,0.01,-0.28,0.46,-0.15,0.71,-0.30,0.67,-0.53,0.22,0.02,0.77,0.37,0.53,-0.87,-0.81,0.25,0.00,0.84,0.36,0.30,-0.65,0.44,-0.06,0.44,0.63,-1.01,1.20,0.74,0.62,0.49,-0.18,0.08,0.49,-0.43,0.15,-0.15,-0.27,-0.17
 "53000","Washington",8,SQGDP11,56,"53","   Real estate and rental and leasing ","Percentage points",0.88,-1.15,1.10,-0.61,0.47,1.02,0.04,0.65,0.98,1.56,2.26,1.92,2.02,0.27,-0.25,-1.50,-1.50,-0.54,0.26,1.86,1.43,0.32,0.58,-0.16,0.55,-0.39,0.85,-0.62,0.35,0.43,-0.36,1.38,0.25,1.05,0.23,0.19,0.37,0.18,-0.33,-0.27,0.17,0.29,-0.02,0.48,0.53,-0.02,0.24,0.47,0.50,0.56,0.89,1.15,0.35,0.59,0.13,0.18,0.20,0.45,0.03,0.25,-1.54,1.89,-0.43,1.36,0.37,0.83,1.62,0.23,0.92,0.76,0.06,0.98
 "53000","Washington",8,SQGDP11,60,"54","   Professional, scientific, and technical services ","Percentage points",0.01,0.24,0.27,0.08,0.19,-0.50,0.88,0.95,0.05,2.98,-1.37,0.25,0.56,0.75,0.07,-1.51,-0.83,-0.07,-0.32,1.26,0.47,0.63,0.56,-0.33,0.59,-0.04,0.36,0.28,0.71,-0.21,-0.06,0.25,-0.29,0.28,0.54,-0.12,0.22,1.15,0.03,-0.77,0.67,0.23,0.16,0.65,0.04,0.42,0.16,0.37,0.46,0.59,0.54,2.11,0.23,0.26,-0.34,0.28,0.66,0.50,0.63,0.36,-1.66,1.92,0.65,1.30,1.93,1.04,0.93,0.29,-0.02,0.41,0.81,0.28
 "53000","Washington",8,SQGDP11,64,"55","   Management of companies and enterprises ","Percentage points",-0.29,0.37,-0.09,0.25,0.28,-0.54,0.05,0.02,-0.17,0.07,-0.05,-0.14,0.28,0.12,-0.53,-0.32,0.27,-0.19,0.30,0.27,-0.35,0.08,1.04,-0.74,-0.01,0.51,-0.24,0.05,0.02,1.08,-0.68,0.22,0.03,0.10,0.27,0.00,-0.07,0.14,-0.04,0.07,-0.16,0.19,0.22,-0.04,-0.26,0.49,-0.04,-0.10,0.24,0.13,0.19,-0.01,0.19,0.11,-0.18,0.59,-0.31,0.02,0.28,-0.29,0.31,-0.20,0.21,0.23,-0.09,0.23,-0.03,0.01,0.20,0.06,0.05,-0.06
 "53000","Washington",8,SQGDP11,65,"56","   Administrative and support and waste management and remediation services ","Percentage points",0.55,-0.04,-0.12,0.35,-0.22,0.14,0.10,0.26,0.46,0.43,0.11,-0.12,0.02,0.02,-0.33,-0.24,-0.35,0.03,0.30,0.70,0.15,0.32,0.18,-0.22,0.26,-0.10,-0.11,-0.15,0.21,-0.08,0.04,0.20,-0.21,0.06,0.19,-0.09,0.09,0.17,0.24,0.04,0.18,0.09,0.15,-0.33,0.16,-0.05,0.35,0.13,0.30,0.23,-0.08,0.10,-0.02,0.24,0.17,0.08,-0.08,0.33,-0.06,0.28,-1.53,1.05,0.24,0.62,0.14,0.29,0.80,0.07,0.30,-0.02,0.06,0.20
 "53000","Washington",8,SQGDP11,69,"61","   Educational services ","Percentage points",-0.06,0.01,0.13,-0.05,-0.02,-0.02,0.00,0.10,-0.02,0.05,0.00,0.08,0.03,0.09,0.08,0.03,-0.01,-0.01,0.03,0.12,0.01,0.03,-0.02,0.07,-0.05,-0.06,0.04,0.04,0.01,-0.03,-0.01,-0.01,0.01,-0.01,0.06,-0.05,0.00,0.05,-0.02,0.03,0.00,-0.02,-0.03,0.06,-0.03,-0.03,0.02,-0.05,0.01,0.01,-0.01,0.03,0.01,0.01,0.03,0.04,0.02,0.02,-0.05,-0.04,-0.35,0.16,-0.05,0.08,0.03,0.06,0.03,0.10,0.00,0.04,-0.01,0.02
 "53000","Washington",8,SQGDP11,70,"62","   Health care and social assistance ","Percentage points",0.26,0.73,-0.05,0.46,-0.04,-0.01,0.15,-0.26,0.30,0.35,0.53,0.46,0.59,0.57,0.40,0.04,0.01,0.04,0.26,-0.03,0.25,-0.02,0.36,-0.21,0.26,0.26,-0.08,0.73,-0.06,0.02,0.01,0.56,-0.07,0.17,0.30,-0.01,0.20,0.47,-0.05,0.82,0.19,0.29,-0.01,0.93,-0.09,0.29,0.49,0.48,-0.02,0.20,0.37,0.40,0.22,0.20,0.24,-0.03,0.27,0.32,0.25,-0.38,-3.37,4.78,-0.25,0.44,-0.09,-0.31,0.40,0.02,0.20,0.17,0.28,0.63
 "53000","Washington",8,SQGDP11,76,"71","   Arts, entertainment, and recreation ","Percentage points",-0.42,-0.13,0.13,0.76,-0.25,-0.15,-0.08,0.45,-0.09,0.05,-0.12,0.27,0.02,-0.04,-0.09,-0.28,0.01,0.12,-0.04,0.04,-0.08,-0.11,0.13,0.00,0.09,-0.05,0.09,-0.04,0.06,0.07,-0.10,0.13,-0.10,0.14,0.29,-0.27,0.07,-0.11,0.12,-0.28,-0.09,0.08,-0.05,0.10,-0.12,0.19,0.01,0.19,0.03,0.06,0.00,0.29,0.08,0.07,-0.04,-0.12,0.06,-0.02,-0.07,-0.28,-1.65,0.63,0.32,0.22,0.32,0.43,0.23,0.00,0.05,0.17,0.02,0.21
 "53000","Washington",8,SQGDP11,79,"72","   Accommodation and food services ","Percentage points",-0.06,0.17,0.52,0.29,0.36,-0.29,0.13,0.32,-0.14,-0.20,0.11,-0.28,0.00,-0.34,-0.32,-0.74,-0.06,-0.04,-0.30,0.52,0.31,0.13,0.08,0.67,-0.61,0.05,0.20,0.75,-0.90,-0.14,1.29,-0.33,0.17,0.22,-0.60,0.60,-0.06,0.12,0.38,0.37,0.37,0.38,-0.57,0.83,-0.15,-0.06,0.47,0.52,0.35,0.04,0.00,-0.06,0.06,0.13,0.64,-1.22,-0.14,0.22,-0.35,-0.44,-4.42,3.31,-0.81,0.86,1.79,1.20,-0.58,0.18,0.36,0.44,0.44,0.42
 "53000","Washington",8,SQGDP11,82,"81","   Other services (except government and government enterprises) ","Percentage points",-0.10,0.04,0.10,-0.01,0.00,-0.02,-0.04,0.19,-0.10,-0.02,0.02,-0.07,-0.09,-0.09,-0.17,-0.21,0.03,-0.08,-0.15,0.02,0.00,-0.01,0.03,0.07,-0.09,0.13,0.22,-0.20,0.14,0.11,0.08,-0.10,-0.07,-0.01,0.06,-0.07,0.03,0.13,-0.03,0.09,0.04,-0.08,-0.09,0.33,-0.11,0.15,-0.10,0.17,0.12,0.13,0.16,0.19,0.07,-0.02,-0.04,0.03,0.04,0.05,0.06,-0.07,-1.63,1.56,-0.06,0.12,0.07,0.20,0.25,-0.21,0.03,0.00,0.04,0.07
 "53000","Washington",8,SQGDP11,83,"..."," Government and government enterprises ","Percentage points",-0.38,-0.61,1.70,0.77,0.46,-0.05,-0.19,-0.59,0.51,0.74,0.58,0.77,0.61,0.86,-0.31,0.40,0.03,-0.28,-0.18,1.31,-0.47,-0.11,-1.05,0.97,-0.87,-0.60,1.49,0.04,0.63,0.10,-0.36,-0.24,-0.17,-0.44,0.02,0.52,0.08,-0.02,-0.06,-0.59,0.60,0.45,-0.10,1.71,-0.10,-0.27,1.11,0.05,0.26,0.41,0.71,-0.69,0.77,0.41,0.09,-0.13,0.20,0.34,0.55,0.49,-2.21,1.09,0.04,0.29,0.33,0.24,-0.34,0.51,-0.42,-0.35,-0.02,0.42
 "53000","Washington",8,SQGDP11,84,"...","  Federal civilian ","Percentage points",-0.15,-0.01,0.24,0.28,0.21,0.01,-0.02,-0.17,-0.12,-0.01,-0.09,0.04,0.01,0.07,0.08,0.14,0.35,0.10,0.14,0.26,0.40,0.05,0.08,0.15,0.04,-0.05,0.04,-0.05,-0.05,-0.07,-0.13,-0.13,-0.21,-0.18,0.09,0.39,0.16,0.15,-0.03,0.12,0.11,0.09,0.03,0.06,0.01,0.03,0.10,0.14,-0.04,0.01,0.03,-0.05,0.01,0.03,-0.02,-0.07,0.15,0.01,-0.05,0.00,0.01,0.10,-0.06,0.07,0.00,-0.05,-0.08,-0.06,0.02,-0.05,0.08,0.10
 "53000","Washington",8,SQGDP11,85,"...","  Military ","Percentage points",-0.09,-0.14,0.26,0.07,-0.07,-0.08,-0.16,0.00,0.02,0.24,0.22,0.04,0.09,0.34,-0.08,-0.11,0.09,0.10,-0.01,0.14,-0.11,-0.08,-0.14,0.01,-0.01,0.01,0.19,0.09,0.01,0.03,-0.08,-0.04,-0.07,-0.10,-0.19,-0.03,-0.11,-0.15,-0.13,0.05,-0.03,-0.02,-0.03,0.17,-0.02,-0.02,0.03,-0.16,-0.05,-0.07,-0.05,-0.45,-0.08,-0.04,-0.03,-0.13,0.12,-0.01,0.04,-0.01,0.13,0.05,0.04,0.18,0.06,-0.03,0.03,-0.08,0.01,-0.03,0.02,0.02
 "53000","Washington",8,SQGDP11,86,"...","  State and local ","Percentage points",-0.13,-0.46,1.20,0.42,0.32,0.02,-0.01,-0.42,0.61,0.51,0.45,0.68,0.50,0.44,-0.31,0.37,-0.41,-0.49,-0.30,0.91,-0.76,-0.08,-0.99,0.81,-0.90,-0.56,1.26,0.00,0.67,0.15,-0.16,-0.07,0.12,-0.17,0.12,0.17,0.03,-0.02,0.10,-0.76,0.51,0.37,-0.10,1.48,-0.09,-0.29,0.99,0.07,0.35,0.47,0.73,-0.18,0.84,0.42,0.13,0.07,-0.07,0.34,0.57,0.50,-2.35,0.95,0.06,0.03,0.27,0.31,-0.30,0.65,-0.46,-0.27,-0.11,0.30
 "54000","West Virginia",5,SQGDP11,1,"...","All industry total (percent change) ","Percent change",5.2,-4.0,1.4,5.4,2.2,-0.2,0.6,-2.4,2.4,2.7,-0.1,-0.1,5.1,2.5,5.6,-1.4,-6.4,-4.7,2.0,-2.7,8.5,11.3,-2.3,-6.6,9.0,0.9,5.1,-3.2,1.7,-6.4,-4.8,8.5,-1.0,0.1,1.9,-7.2,6.8,2.0,1.0,-1.2,-0.9,-1.1,-0.7,0.3,-3.3,0.2,-1.0,10.7,-2.4,2.1,0.3,2.7,6.0,4.4,-1.1,-6.8,1.1,2.4,-2.5,0.9,-30.4,33.1,0.0,-0.7,-0.2,-0.2,4.5,-5.6,1.4,4.1,5.2,0.2
 "54000","West Virginia",5,SQGDP11,2,"..."," Private industries ","Percentage points",6.13,-2.84,-0.16,6.11,2.27,-0.07,0.79,-1.97,1.86,2.57,-0.06,0.02,4.66,1.94,5.85,-2.29,-7.28,-3.98,2.81,-4.81,9.81,12.06,-1.28,-8.23,9.62,1.15,3.53,-2.96,1.19,-6.29,-4.57,8.62,-0.12,1.14,2.58,-6.59,7.05,1.93,1.36,-1.63,-0.74,0.03,-0.56,0.25,-2.76,1.20,-2.39,10.91,-2.46,2.64,0.55,2.89,6.11,3.40,-0.67,-7.02,0.33,1.01,-2.97,-0.41,-27.85,31.74,-1.14,2.13,-2.18,-0.74,4.90,-4.57,0.53,5.01,4.43,0.42
 "54000","West Virginia",5,SQGDP11,3,"11","   Agriculture, forestry, fishing and hunting ","Percentage points",0.24,0.32,0.52,-0.67,0.10,-0.11,-0.05,-0.21,-0.12,-0.13,-0.59,1.07,-0.50,-0.19,0.60,-0.32,0.12,0.22,-0.15,-0.24,0.16,-0.04,-0.17,0.21,-0.07,0.08,-0.06,0.38,-0.48,-0.36,-0.16,0.51,0.33,-0.01,0.15,-0.19,0.10,0.24,0.06,0.07,-0.03,0.06,-0.43,0.54,-0.22,-0.03,-0.17,0.68,-0.23,-0.13,0.04,-0.05,0.12,-0.08,-0.12,0.06,-0.03,0.03,0.31,0.39,-1.20,0.50,0.01,0.12,-0.57,0.36,0.14,0.46,0.09,0.18,0.52,-0.24
 "54000","West Virginia",5,SQGDP11,6,"21","   Mining, quarrying, and oil and gas extraction ","Percentage points",4.26,-4.25,-0.77,3.31,-1.98,1.91,0.38,2.24,0.42,0.71,-2.27,-0.26,-0.11,1.01,8.36,-0.86,-4.77,-6.05,-0.36,-2.65,6.66,5.23,-0.89,-2.88,1.65,2.37,0.09,-5.93,1.28,-4.87,-0.60,2.47,3.16,1.02,2.95,-1.54,3.08,1.14,1.54,0.57,-2.55,1.45,1.82,0.06,-3.54,0.49,-0.68,4.75,1.45,2.94,-0.31,-1.90,0.10,-0.33,-0.92,2.30,0.86,1.44,1.19,6.76,-4.41,2.08,-1.84,-1.62,-3.20,0.00,0.78,-3.06,0.33,4.11,3.20,0.00
 "54000","West Virginia",5,SQGDP11,10,"22","   Utilities ","Percentage points",0.98,-0.01,-0.38,0.55,-0.45,0.97,-0.56,-0.19,0.12,0.57,-0.41,0.04,1.01,-0.25,-1.56,0.94,-0.52,0.70,1.21,-1.30,1.37,1.54,-0.92,-1.02,1.48,-0.27,1.03,-1.27,0.29,0.62,-0.37,0.00,0.01,-0.70,-0.09,-0.23,-0.27,-0.10,0.24,-1.08,1.46,-0.07,0.16,0.13,0.31,1.15,-0.34,-0.37,-0.33,-0.19,-0.01,-0.36,0.49,-0.60,-0.01,-0.36,0.64,-0.52,0.46,-0.24,0.08,0.32,-0.21,-0.71,-0.13,-0.32,0.10,-0.30,0.19,-0.45,-0.20,-0.09
 "54000","West Virginia",5,SQGDP11,11,"23","   Construction ","Percentage points",-0.80,-0.40,0.35,0.38,0.91,-1.05,0.08,0.43,-0.33,-0.90,-0.27,-0.02,0.89,1.21,0.93,-1.50,-1.19,0.46,-0.77,0.68,0.41,0.32,-0.25,-0.87,1.28,0.07,0.32,2.53,-0.27,-0.65,-1.22,1.01,-0.94,-0.53,-0.12,-0.78,0.44,-0.21,-0.04,-0.51,0.18,-0.87,-1.62,1.13,-1.70,-1.32,0.04,1.47,0.17,-0.04,1.36,0.38,3.86,4.52,-0.37,-5.60,-0.71,-1.08,-3.95,0.20,-1.33,-0.02,0.30,0.88,-0.05,-1.31,-0.15,0.96,-0.44,-0.28,0.40,-0.08
 "54000","West Virginia",5,SQGDP11,12,"31-33","   Manufacturing ","Percentage points",-0.13,0.22,0.96,0.04,0.53,-2.20,-0.22,-2.48,0.15,-0.07,0.99,-2.16,2.03,0.61,0.16,-0.92,1.46,0.55,0.21,-1.74,-1.95,-0.30,0.20,0.15,0.79,0.15,0.10,-0.28,-0.68,-0.82,0.85,1.61,0.31,1.31,-1.24,-0.99,0.68,-1.16,-0.91,-0.11,-0.50,-0.62,-0.30,1.31,0.35,1.15,-0.32,3.01,-1.21,-0.49,0.32,1.50,-0.81,-1.31,0.25,-1.87,0.14,0.59,0.35,-1.17,-2.95,5.42,0.72,0.33,-0.13,0.23,-0.22,-0.72,-0.32,-0.12,0.08,-0.83
 "54000","West Virginia",5,SQGDP11,13,"321,327-339","     Durable goods manufacturing ","Percentage points",0.09,-0.04,-0.17,-0.16,-0.91,-0.93,-0.35,-0.49,0.41,-0.06,-0.08,-0.61,0.08,-0.23,-0.44,-1.97,-0.55,-0.38,-0.29,0.17,0.22,1.01,0.39,0.49,0.60,0.89,0.95,0.12,0.13,0.20,0.84,0.34,0.15,-0.17,-0.86,-1.44,-0.01,-0.62,-0.15,-0.02,0.31,-0.13,-0.11,0.56,-0.73,0.20,0.11,0.51,-0.44,0.72,0.52,0.77,0.09,0.05,0.56,-0.73,0.03,-0.23,0.00,-0.07,-2.46,3.15,-0.20,1.22,0.01,-0.61,0.11,1.17,0.40,-0.20,0.36,-0.32
 "54000","West Virginia",5,SQGDP11,25,"311-316,322-326","     Nondurable goods manufacturing ","Percentage points",-0.22,0.26,1.13,0.20,1.44,-1.27,0.13,-1.98,-0.26,-0.01,1.07,-1.55,1.95,0.84,0.60,1.05,2.01,0.93,0.50,-1.91,-2.17,-1.31,-0.19,-0.33,0.19,-0.74,-0.85,-0.40,-0.81,-1.02,0.01,1.27,0.15,1.48,-0.38,0.46,0.69,-0.54,-0.76,-0.08,-0.82,-0.49,-0.19,0.75,1.08,0.95,-0.43,2.50,-0.77,-1.21,-0.20,0.73,-0.90,-1.36,-0.31,-1.14,0.11,0.83,0.35,-1.10,-0.49,2.27,0.92,-0.89,-0.14,0.83,-0.33,-1.88,-0.72,0.08,-0.28,-0.51
 "54000","West Virginia",5,SQGDP11,34,"42","   Wholesale trade ","Percentage points",0.26,-0.03,0.14,0.05,0.30,0.22,0.05,-0.74,0.73,-0.55,0.72,0.24,0.20,-0.05,-0.67,-0.64,-1.03,-0.26,0.84,-0.35,0.84,0.67,0.11,-0.84,0.07,0.08,0.64,-0.53,0.48,-0.10,-0.65,0.38,-0.47,0.54,0.10,-0.02,0.48,0.50,0.10,-0.25,0.09,-0.49,-0.12,-0.53,0.08,0.22,0.06,0.29,0.22,0.16,-0.13,0.01,-0.27,0.33,0.12,-0.02,-0.43,-0.21,0.17,-0.30,-1.16,1.47,-0.03,-0.49,0.58,-0.45,-0.05,-0.47,-0.07,0.15,-0.19,0.08
 "54000","West Virginia",5,SQGDP11,35,"44-45","   Retail trade ","Percentage points",0.47,0.17,-0.70,0.24,0.51,-0.80,0.76,-0.83,-0.63,0.01,0.14,-0.60,-0.16,-0.19,-0.13,-0.22,0.38,-0.10,0.22,0.65,-0.04,0.25,0.00,0.09,-0.28,-0.51,0.73,0.13,-0.48,0.45,-0.55,1.20,-0.75,-0.21,0.05,-0.97,0.41,0.22,-0.55,0.57,0.18,0.46,-0.59,0.82,-0.15,-0.18,0.57,-0.30,0.18,0.23,0.06,0.16,-0.34,0.23,-0.12,0.37,-0.09,0.11,-0.36,-0.65,-1.02,2.13,-0.69,2.29,-2.57,-0.63,0.21,-0.45,-0.21,0.16,0.53,0.91
 "54000","West Virginia",5,SQGDP11,36,"48-49","   Transportation and warehousing ","Percentage points",0.31,0.79,0.06,-0.46,0.41,-0.09,0.00,-0.42,0.29,0.05,0.38,-0.26,0.18,0.08,-0.23,-0.60,0.12,-0.34,0.07,-0.03,-0.09,0.29,0.12,-0.09,0.07,-0.08,0.09,-0.03,-0.07,-0.03,-0.39,-0.02,-0.06,0.02,-0.06,-0.43,0.07,0.46,0.00,-0.39,0.08,-0.12,-0.05,-0.82,0.15,0.39,-0.56,0.67,-0.31,0.07,0.02,-0.44,0.29,-0.13,0.04,-0.22,-0.18,-0.05,-0.25,-0.09,-1.95,1.82,-0.07,0.65,-0.75,0.31,-0.09,-0.54,0.03,0.08,0.03,0.16
 "54000","West Virginia",5,SQGDP11,45,"51","   Information ","Percentage points",0.46,0.16,-0.18,-0.27,0.54,0.07,-0.39,0.61,0.22,0.46,0.16,0.00,0.00,0.07,-0.28,-0.29,-0.07,-0.19,0.22,-0.15,0.26,0.96,-0.21,-0.18,0.19,-0.05,-0.14,-0.28,0.10,-0.21,-0.09,0.24,0.07,0.02,-0.21,0.18,0.05,-0.18,0.41,0.23,0.14,0.68,-0.11,-0.64,0.29,-0.07,-0.13,-0.37,-0.41,0.19,-0.26,-0.01,0.61,-0.16,0.17,-0.14,-0.09,0.01,-0.18,0.32,-0.44,0.36,0.00,0.10,0.77,0.18,0.29,0.39,0.14,0.11,0.12,0.10
 "54000","West Virginia",5,SQGDP11,51,"52","   Finance and insurance ","Percentage points",-0.11,0.66,-0.32,0.27,0.20,0.10,0.10,-0.58,0.54,0.26,-0.07,0.61,0.15,-1.53,-1.77,3.43,-0.38,0.23,-0.46,-0.02,-0.68,0.02,0.08,0.03,1.10,0.00,-0.88,0.36,-0.29,0.02,-0.81,0.37,-0.65,0.05,0.49,0.29,0.53,0.00,-0.06,0.00,0.02,-0.04,0.09,-0.70,0.42,0.30,0.05,-0.83,-0.30,-0.51,-0.07,0.55,0.94,-0.29,-0.36,-0.19,-0.21,0.01,0.79,-0.78,0.67,0.51,0.05,0.72,-0.01,0.14,0.11,0.27,0.43,0.05,-0.23,-0.22
 "54000","West Virginia",5,SQGDP11,56,"53","   Real estate and rental and leasing ","Percentage points",-0.94,-0.69,0.40,0.79,1.12,0.71,0.81,0.60,0.90,1.33,0.52,0.31,0.02,-0.57,0.18,0.04,-0.29,0.90,1.02,2.09,1.59,0.44,0.57,-1.92,-0.15,-0.22,1.38,0.75,0.90,0.50,-0.87,-0.05,-0.43,0.23,-0.04,-0.26,0.01,0.02,-0.30,-0.09,-0.14,0.42,0.42,0.53,0.36,-0.43,-0.97,-1.37,-0.85,-0.70,0.04,0.81,0.50,0.07,0.22,-0.31,0.06,0.18,-0.37,-1.11,-0.81,1.04,-0.23,0.58,0.19,0.01,0.07,0.13,-0.43,0.03,-0.50,-0.29
 "54000","West Virginia",5,SQGDP11,60,"54","   Professional, scientific, and technical services ","Percentage points",-0.28,0.27,0.02,0.27,0.22,-0.03,0.03,0.57,-0.24,0.34,0.40,0.45,0.55,0.24,-0.01,-1.32,-0.44,-0.12,0.06,-0.93,0.13,1.17,-0.75,-0.10,0.34,0.33,0.07,-0.08,0.36,-0.28,-0.30,0.52,-0.41,0.09,0.05,-0.11,0.02,0.35,0.19,-0.47,0.03,-0.08,-0.12,0.74,-0.25,-0.03,-0.25,1.40,0.55,-0.18,-0.13,0.83,0.28,0.37,0.45,-1.74,-0.11,0.14,-0.35,-1.66,-1.12,1.06,-0.53,0.54,0.61,0.42,0.20,0.39,-0.22,-0.01,0.10,-0.11
 "54000","West Virginia",5,SQGDP11,64,"55","   Management of companies and enterprises ","Percentage points",-0.29,0.12,-0.08,0.22,0.07,-0.16,0.12,0.11,-0.16,0.39,0.03,-0.28,-0.05,0.41,0.14,-0.23,0.05,-0.20,-0.01,0.24,-0.05,0.16,0.01,0.12,1.72,-1.45,-0.27,0.73,-0.22,0.15,-0.08,-0.13,-0.01,0.07,0.13,-0.28,0.10,0.17,0.01,-0.04,-0.11,0.00,0.09,-0.31,0.00,0.13,0.15,0.29,-0.10,0.01,0.11,0.44,0.08,-0.05,0.04,0.24,-0.07,0.11,0.21,-0.30,0.30,-0.14,0.25,0.16,-0.14,-0.01,0.37,-0.21,0.09,0.07,0.04,-0.07
 "54000","West Virginia",5,SQGDP11,65,"56","   Administrative and support and waste management and remediation services ","Percentage points",0.02,0.17,0.22,-0.10,0.01,-0.02,-0.04,0.08,0.34,0.12,0.11,0.10,0.19,0.09,-0.05,0.07,-0.29,0.04,0.44,0.21,-0.11,0.17,0.11,0.24,0.51,-0.04,-0.17,0.37,-0.29,0.06,0.01,0.16,0.00,0.02,-0.08,0.13,0.56,0.23,0.01,-0.03,-0.39,-0.18,-0.05,-0.49,-0.07,0.15,0.32,0.32,-0.04,0.22,-0.01,0.27,0.25,0.18,0.30,-0.17,-0.02,0.07,-0.39,-0.09,-1.25,1.01,-0.02,0.62,0.10,0.23,0.97,0.18,0.32,0.45,0.63,0.14
 "54000","West Virginia",5,SQGDP11,69,"61","   Educational services ","Percentage points",0.00,0.00,0.09,-0.02,0.02,0.04,-0.07,0.03,-0.02,0.01,0.01,0.03,-0.01,0.06,0.09,0.01,0.01,0.02,0.02,0.03,0.00,0.09,0.05,-0.05,0.02,0.06,-0.01,0.02,0.02,-0.06,-0.01,-0.12,0.03,-0.03,0.05,-0.05,-0.04,-0.07,-0.02,0.00,0.10,-0.02,0.16,-0.14,0.12,0.00,-0.07,0.03,-0.06,-0.04,-0.03,-0.03,-0.01,0.10,-0.04,0.19,-0.17,-0.01,-0.11,-0.06,-0.24,0.16,-0.04,0.01,0.07,-0.01,0.02,-0.12,-0.04,0.02,0.05,0.00
 "54000","West Virginia",5,SQGDP11,70,"62","   Health care and social assistance ","Percentage points",1.01,0.41,-0.39,1.30,-0.48,0.18,-0.30,-0.24,-0.27,0.30,0.19,1.04,0.36,0.76,0.25,0.35,-0.06,0.27,0.28,-1.29,0.55,0.58,0.28,-0.67,0.32,0.96,0.42,-0.17,0.63,-0.56,0.66,0.10,0.08,-0.34,0.44,-0.84,0.29,0.40,0.99,-0.04,0.69,-0.40,0.51,-0.44,1.11,-0.48,-0.11,1.10,-0.78,0.95,-0.16,0.29,0.10,0.57,-0.22,0.13,0.63,0.19,-0.25,-0.12,-4.30,6.96,1.36,-3.16,2.03,-0.07,1.50,-1.64,0.23,0.33,0.24,0.66
 "54000","West Virginia",5,SQGDP11,76,"71","   Arts, entertainment, and recreation ","Percentage points",0.01,-0.04,0.10,-0.05,0.05,-0.03,-0.11,0.00,0.00,0.03,-0.05,-0.14,-0.02,0.06,0.14,-0.03,0.16,-0.03,0.05,0.01,0.28,0.13,0.42,-1.19,0.50,-0.24,0.01,0.08,0.01,-0.02,0.03,-0.08,0.12,-0.03,-0.04,-0.09,-0.09,-0.05,-0.06,-0.04,-0.09,0.13,-0.10,-0.18,0.10,0.01,0.02,-0.05,0.04,-0.04,0.04,-0.04,0.07,0.04,-0.10,0.06,0.04,0.02,-0.06,-0.07,-1.17,0.74,0.22,0.30,0.07,0.17,0.24,-0.15,0.11,0.18,-0.01,0.08
 "54000","West Virginia",5,SQGDP11,79,"72","   Accommodation and food services ","Percentage points",0.00,-0.01,0.02,-0.07,0.11,-0.06,-0.01,-0.48,0.20,-0.10,0.21,-0.06,-0.01,0.08,-0.24,-0.10,-0.35,0.10,-0.10,0.28,0.19,0.21,-0.23,1.23,0.10,-0.06,0.14,0.30,-0.07,-0.11,0.08,0.46,-0.43,-0.19,0.03,-0.13,0.19,0.10,-0.06,0.09,0.05,-0.24,-0.20,-0.65,-0.06,-0.15,-0.11,0.27,-0.33,0.00,-0.34,0.28,-0.20,0.06,0.09,0.25,-0.08,0.03,-0.12,-1.08,-4.22,4.96,-0.46,0.97,0.73,-0.24,0.29,0.16,0.35,-0.07,-0.44,0.18
 "54000","West Virginia",5,SQGDP11,82,"81","   Other services (except government and government enterprises) ","Percentage points",0.67,-0.68,-0.21,0.32,0.05,0.28,0.21,-0.46,-0.28,-0.27,-0.26,-0.10,-0.05,0.02,-0.05,-0.08,-0.20,-0.19,0.03,-0.29,0.28,0.18,0.20,-0.49,0.00,-0.03,0.04,-0.03,-0.01,-0.04,-0.10,0.00,-0.08,-0.19,0.01,-0.27,0.43,-0.14,-0.17,-0.13,0.06,-0.03,-0.14,-0.11,-0.07,-0.10,0.10,-0.09,-0.09,0.21,0.01,0.18,0.05,-0.13,-0.08,-0.01,0.17,-0.07,-0.06,-0.37,-1.32,1.38,0.08,-0.17,0.21,0.27,0.13,0.13,-0.06,0.00,0.04,0.05
 "54000","West Virginia",5,SQGDP11,83,"..."," Government and government enterprises ","Percentage points",-0.98,-1.18,1.52,-0.70,-0.07,-0.18,-0.15,-0.44,0.55,0.11,-0.02,-0.16,0.42,0.58,-0.25,0.88,0.89,-0.72,-0.79,2.10,-1.33,-0.79,-1.00,1.65,-0.67,-0.24,1.53,-0.24,0.52,-0.09,-0.22,-0.14,-0.89,-1.07,-0.69,-0.63,-0.23,0.06,-0.33,0.46,-0.19,-1.18,-0.17,0.06,-0.49,-1.03,1.38,-0.20,0.09,-0.51,-0.24,-0.16,-0.09,0.97,-0.42,0.20,0.77,1.37,0.45,1.31,-2.55,1.35,1.12,-2.84,1.94,0.49,-0.37,-1.02,0.90,-0.95,0.80,-0.18
 "54000","West Virginia",5,SQGDP11,84,"...","  Federal civilian ","Percentage points",0.02,-0.06,0.15,-0.03,0.03,0.04,0.01,-0.02,0.09,0.17,0.21,0.19,0.27,0.21,-0.04,-0.02,0.19,-0.24,-0.16,0.22,-0.06,-0.25,-0.12,0.13,0.13,-0.14,0.05,-0.05,0.00,0.10,0.04,0.04,-0.04,-0.08,0.08,0.24,0.03,-0.01,-0.03,-0.03,-0.08,0.14,0.04,0.22,-0.02,0.03,0.11,0.08,0.13,0.10,0.05,0.09,0.05,-0.03,-0.13,-0.20,0.39,0.22,0.22,0.35,0.37,0.36,-0.42,0.11,-0.03,0.10,-0.15,-0.02,-0.05,-0.08,0.10,0.27
 "54000","West Virginia",5,SQGDP11,85,"...","  Military ","Percentage points",0.05,0.01,-0.07,-0.30,0.05,0.06,-0.03,-0.10,-0.01,0.05,0.03,0.11,0.07,0.04,0.04,0.11,-0.02,-0.03,-0.05,-0.11,-0.01,-0.03,0.00,-0.18,-0.24,0.01,-0.01,-0.13,0.00,-0.01,-0.04,-0.04,-0.04,-0.05,-0.06,-0.07,-0.05,-0.01,-0.04,-0.05,-0.04,-0.05,-0.07,0.08,0.02,0.02,-0.02,-0.15,0.00,0.03,0.00,-0.07,0.03,-0.01,0.01,-0.01,0.05,-0.05,-0.03,-0.06,-0.01,0.02,-0.01,0.04,0.00,-0.01,-0.01,1.46,0.48,-0.71,0.12,-0.46
 "54000","West Virginia",5,SQGDP11,86,"...","  State and local ","Percentage points",-1.05,-1.14,1.44,-0.38,-0.15,-0.27,-0.12,-0.32,0.47,-0.11,-0.26,-0.45,0.08,0.32,-0.25,0.79,0.72,-0.46,-0.58,2.00,-1.26,-0.51,-0.88,1.70,-0.55,-0.12,1.48,-0.06,0.52,-0.19,-0.22,-0.14,-0.81,-0.94,-0.71,-0.80,-0.20,0.08,-0.26,0.54,-0.07,-1.27,-0.14,-0.25,-0.50,-1.07,1.29,-0.13,-0.03,-0.64,-0.28,-0.18,-0.17,1.01,-0.30,0.41,0.33,1.19,0.25,1.02,-2.92,0.97,1.55,-2.99,1.96,0.40,-0.20,-2.46,0.47,-0.17,0.58,0.01
 "55000","Wisconsin",3,SQGDP11,1,"...","All industry total (percent change) ","Percent change",3.1,4.9,-3.2,5.5,0.6,0.5,0.2,0.3,0.9,2.0,-0.1,-3.3,1.9,-3.5,-8.8,-8.6,2.8,3.7,5.4,-1.1,4.6,5.0,4.5,-2.5,3.2,2.9,2.9,4.2,-0.2,-3.5,-1.5,3.1,-0.8,2.1,2.8,-1.3,8.2,1.5,0.9,1.2,2.4,0.8,1.3,0.2,1.2,2.8,-2.2,-1.4,-1.0,4.4,0.3,6.0,-0.5,3.3,1.8,0.6,2.4,0.5,2.7,-8.2,-28.9,36.7,5.5,0.7,5.1,1.3,7.6,0.3,-1.9,0.6,1.1,1.2
 "55000","Wisconsin",3,SQGDP11,2,"..."," Private industries ","Percentage points",3.29,3.80,-1.43,4.22,1.63,-1.01,1.90,-1.49,2.10,1.98,-0.95,-3.07,1.24,-3.54,-9.58,-6.73,0.86,3.66,4.41,1.13,3.59,3.87,5.06,-2.50,4.11,2.58,4.17,2.02,1.16,-3.20,-2.10,4.86,-1.33,3.83,1.88,-1.21,7.57,2.89,-0.24,3.60,0.68,2.22,-0.10,1.30,1.03,0.98,0.62,-3.09,0.96,1.72,2.71,4.15,1.21,2.50,1.40,1.43,1.52,0.85,1.41,-7.51,-27.17,36.47,3.64,3.11,3.72,0.57,7.40,2.18,-2.16,0.52,0.41,0.86
 "55000","Wisconsin",3,SQGDP11,3,"11","   Agriculture, forestry, fishing and hunting ","Percentage points",0.57,0.22,-0.01,0.26,0.40,-0.73,-0.85,2.05,-0.88,-0.79,-0.74,-0.57,-0.03,0.36,1.93,-3.03,1.05,1.12,0.13,0.55,-0.36,-0.75,-0.62,1.23,-0.05,0.16,0.50,-0.80,-0.05,-0.12,-0.15,-0.12,1.16,-0.21,0.13,-0.04,0.43,0.58,0.54,-0.09,0.36,0.03,-0.77,0.73,-0.27,-0.11,-0.38,0.33,0.24,-0.44,-0.06,0.44,0.12,-0.41,0.19,0.00,0.34,-0.36,-0.07,(D),-3.16,3.90,-1.20,(D),0.38,-0.42,1.12,1.24,-0.32,-0.59,-1.02,0.41
 "55000","Wisconsin",3,SQGDP11,6,"21","   Mining, quarrying, and oil and gas extraction ","Percentage points",-0.01,-0.10,-0.02,0.13,0.02,-0.03,-0.02,-0.04,-0.04,-0.05,-0.03,0.00,-0.07,-0.03,0.07,-0.03,-0.03,0.05,0.01,-0.05,0.21,0.02,-0.09,-0.16,-0.05,-0.03,0.02,-0.04,0.03,-0.03,0.06,0.06,0.04,0.11,0.12,0.09,0.33,0.01,0.38,0.39,-0.04,-0.08,-0.17,-0.35,-0.32,-0.16,-0.09,0.04,0.13,0.15,0.22,0.25,0.08,-0.01,-0.13,-0.13,-0.15,-0.12,-0.15,(D),-0.07,-0.06,0.00,(D),0.05,0.10,0.05,-0.09,-0.01,0.04,0.03,-0.01
 "55000","Wisconsin",3,SQGDP11,10,"22","   Utilities ","Percentage points",-0.14,0.37,-0.38,-0.15,0.63,0.31,0.03,-0.19,-0.04,0.16,-0.22,0.70,0.70,-0.20,-1.06,-0.86,0.46,0.59,0.57,-0.07,-0.22,0.31,0.51,-0.36,0.28,-0.24,1.23,-0.72,0.24,-0.23,-0.08,0.67,0.09,-1.00,-0.27,0.32,-0.21,0.41,-0.22,-0.40,-0.07,0.65,-0.07,0.08,0.08,0.08,-0.10,-0.50,0.34,-0.06,0.20,-0.78,0.21,-0.16,0.04,-0.71,0.51,-0.07,0.38,-0.44,-0.07,-0.05,0.07,-0.53,0.14,-0.12,-0.07,-0.30,0.12,-0.23,-0.04,-0.13
 "55000","Wisconsin",3,SQGDP11,11,"23","   Construction ","Percentage points",-0.84,-0.58,-0.24,-0.18,-0.25,-0.80,-0.58,0.36,0.09,-0.05,-0.19,-0.71,-0.17,0.45,-0.80,-1.01,-0.22,0.27,-1.00,0.18,-0.38,-0.50,-0.18,0.21,-0.07,-0.26,0.14,0.60,0.21,-0.63,0.65,0.27,-0.19,0.36,-0.18,-0.06,0.06,0.29,0.12,0.19,0.19,0.02,-0.15,0.64,-0.37,-0.16,0.18,0.48,-0.10,0.10,0.08,0.51,-0.32,0.08,0.17,-0.09,0.04,0.07,0.08,-0.20,-0.67,0.37,0.37,0.55,-0.10,-0.44,-0.62,0.22,-0.92,-0.65,-0.07,-0.05
 "55000","Wisconsin",3,SQGDP11,12,"31-33","   Manufacturing ","Percentage points",0.09,1.14,1.25,3.18,0.82,-0.49,2.04,-2.50,0.40,1.12,-1.09,-2.96,-0.12,-2.00,-4.61,-5.47,0.92,0.54,3.20,1.02,1.57,2.75,1.21,-1.49,2.11,1.39,1.04,0.84,0.87,-1.98,0.64,2.34,-2.42,1.20,0.90,-2.32,2.86,-0.47,-0.68,0.13,-0.40,-0.37,-0.34,1.01,-1.06,0.26,-1.87,0.83,-1.48,-0.09,1.06,-0.46,1.02,0.82,1.30,0.00,1.70,0.21,-0.31,-2.78,-6.49,9.21,0.62,2.27,1.24,-0.14,3.18,-2.81,-1.61,-0.49,0.67,-0.85
 "55000","Wisconsin",3,SQGDP11,13,"321,327-339","     Durable goods manufacturing ","Percentage points",0.20,0.75,1.19,1.33,0.87,-0.13,1.27,-2.01,0.91,1.13,-1.49,0.22,-1.13,-0.60,-4.00,-4.16,-2.22,-0.59,1.50,1.88,2.73,3.32,2.01,-0.53,1.72,1.25,0.49,-0.28,1.19,-0.69,1.22,1.58,-1.87,0.48,0.67,-2.66,0.92,-0.22,-0.49,0.32,-0.03,-0.09,-0.66,0.25,-1.27,-0.06,-0.74,1.90,-0.78,0.88,0.88,-0.41,0.14,0.55,0.72,0.10,-0.09,-0.33,-0.74,-1.80,-4.62,5.70,0.65,2.37,1.09,-0.53,1.87,-1.36,-0.28,-0.20,0.60,-0.83
 "55000","Wisconsin",3,SQGDP11,25,"311-316,322-326","     Nondurable goods manufacturing ","Percentage points",-0.11,0.39,0.06,1.85,-0.05,-0.35,0.78,-0.48,-0.51,-0.01,0.40,-3.18,1.01,-1.40,-0.62,-1.30,3.14,1.12,1.69,-0.86,-1.16,-0.57,-0.81,-0.95,0.38,0.15,0.55,1.12,-0.32,-1.29,-0.58,0.76,-0.55,0.72,0.23,0.34,1.94,-0.25,-0.18,-0.19,-0.37,-0.28,0.33,0.75,0.22,0.32,-1.13,-1.07,-0.70,-0.96,0.18,-0.04,0.87,0.27,0.59,-0.10,1.78,0.54,0.43,-0.98,-1.86,3.51,-0.03,-0.10,0.15,0.39,1.32,-1.45,-1.33,-0.29,0.06,-0.01
 "55000","Wisconsin",3,SQGDP11,34,"42","   Wholesale trade ","Percentage points",0.35,0.05,0.34,-0.06,-0.17,0.07,0.27,-0.37,0.47,-0.02,0.14,0.57,0.17,0.03,-0.92,-1.57,-0.81,-0.18,0.60,-0.13,0.69,0.84,0.16,-0.50,-0.36,0.12,0.74,-0.11,0.54,-0.15,-0.44,0.96,-0.26,0.27,0.26,-0.42,0.44,0.79,-0.28,0.14,0.51,0.23,-0.13,-0.27,0.79,-0.39,-0.25,0.46,-0.06,0.29,0.23,0.59,-0.46,0.36,-0.23,-0.93,-0.71,0.16,0.27,0.52,-1.01,2.64,-0.11,0.55,-0.11,-0.35,0.57,-0.37,-0.49,0.24,0.24,0.29
 "55000","Wisconsin",3,SQGDP11,35,"44-45","   Retail trade ","Percentage points",0.64,0.28,-1.01,0.70,0.10,-0.74,0.24,-0.35,-0.79,-0.06,-0.14,-0.03,0.02,-0.14,-0.40,-0.30,-0.33,-0.26,0.47,-0.52,0.27,0.00,0.22,0.25,-0.35,-0.02,0.14,-0.46,-0.52,0.44,-0.01,1.01,-0.16,0.04,-0.08,0.44,0.01,0.07,-0.50,0.83,0.16,0.40,0.09,0.00,0.37,0.36,0.05,-0.21,0.22,0.49,0.08,0.14,0.02,0.28,-0.08,0.00,0.19,0.07,0.10,-0.41,-1.47,2.38,-0.11,0.87,-1.28,-0.78,0.25,-0.75,0.10,0.41,0.59,0.53
 "55000","Wisconsin",3,SQGDP11,36,"48-49","   Transportation and warehousing ","Percentage points",0.17,0.45,0.01,-0.21,0.28,-0.09,0.04,-0.84,0.27,-0.17,0.22,-0.49,-0.20,-0.13,-0.38,-0.28,0.16,-0.05,0.04,0.23,0.28,0.27,0.29,-0.36,0.20,-0.15,0.00,0.01,-0.18,-0.05,0.14,0.21,-0.08,0.18,0.03,0.15,-0.08,0.29,-0.17,-0.34,0.31,0.25,-0.02,-0.51,0.28,-0.09,0.27,0.03,0.16,0.04,0.12,0.00,-0.12,-0.01,-0.01,-0.19,0.10,0.21,0.23,-0.23,-1.74,2.27,-0.30,0.44,-0.86,0.35,0.15,-0.62,0.01,0.33,0.18,0.03
 "55000","Wisconsin",3,SQGDP11,45,"51","   Information ","Percentage points",0.32,-0.18,0.00,-0.07,0.37,0.57,-0.01,0.09,0.43,0.39,-0.09,0.21,0.62,0.02,-0.23,0.01,-0.29,0.38,0.05,-0.35,0.64,0.48,0.01,-0.16,0.27,-0.16,0.19,-0.30,0.04,-0.05,-0.28,0.99,0.25,0.31,-0.19,0.15,0.66,-0.37,0.24,1.00,-0.33,0.75,0.69,-0.19,0.25,-0.12,0.20,0.12,-0.05,0.80,-0.57,0.93,-0.27,0.31,0.14,0.81,-0.06,-0.06,1.28,-1.07,0.92,0.25,-0.39,0.55,0.86,0.12,-0.57,2.38,0.24,0.64,0.29,0.34
 "55000","Wisconsin",3,SQGDP11,51,"52","   Finance and insurance ","Percentage points",0.61,0.59,-1.08,0.55,-1.14,0.91,0.56,0.35,0.95,0.12,-0.80,-0.37,-0.65,-3.13,-3.61,7.41,1.27,0.19,-0.78,-0.13,-0.73,0.02,0.84,-0.95,0.50,0.47,0.36,2.46,-0.56,-0.05,-2.32,-1.56,-0.86,0.78,1.49,1.39,2.60,0.65,0.61,0.82,0.70,-0.88,0.83,-0.37,0.66,1.03,0.74,-3.02,-0.03,-0.70,-0.19,0.56,0.59,1.05,-0.81,0.97,-0.05,-0.07,-0.25,-2.39,0.35,0.16,2.01,-0.60,0.82,0.25,1.03,1.42,0.30,-0.24,-0.52,-0.28
 "55000","Wisconsin",3,SQGDP11,56,"53","   Real estate and rental and leasing ","Percentage points",1.43,0.34,0.04,-1.43,0.22,0.11,0.42,0.32,0.94,1.52,0.34,0.70,-0.81,-0.18,0.44,0.83,-0.16,0.97,1.53,-0.65,0.66,0.18,0.92,-0.25,1.10,0.12,1.04,-0.74,0.28,0.03,-1.05,0.60,-0.28,0.35,-0.37,-0.73,-0.16,-0.11,-0.50,-0.22,-0.31,-0.03,-0.24,0.04,-0.06,-0.23,-0.14,-0.23,0.32,0.09,0.12,0.25,-0.04,-0.29,0.05,-0.30,-0.14,0.06,-0.55,-0.59,-1.23,1.06,-0.31,0.46,0.12,0.16,0.48,0.04,-0.34,0.10,-0.47,-0.18
 "55000","Wisconsin",3,SQGDP11,60,"54","   Professional, scientific, and technical services ","Percentage points",-0.27,0.20,-0.21,0.49,0.06,0.00,0.27,-0.14,0.23,0.44,0.49,0.21,0.46,0.46,-0.32,-0.67,-0.70,0.02,-0.03,0.36,0.27,0.25,0.17,-0.40,0.10,-0.06,0.21,0.15,0.30,0.12,-0.27,0.01,-0.25,0.26,0.11,-0.10,0.41,0.27,0.14,0.36,0.03,0.29,0.06,0.10,-0.03,0.21,0.16,-0.12,0.50,0.09,0.11,0.72,0.06,0.05,0.27,0.51,-0.01,0.24,0.09,-0.04,-0.92,1.25,0.05,0.34,0.74,0.63,0.49,-0.08,0.22,0.47,0.51,0.00
 "55000","Wisconsin",3,SQGDP11,64,"55","   Management of companies and enterprises ","Percentage points",0.17,0.07,-0.18,0.36,-0.25,0.36,-0.47,0.27,-0.56,-0.47,0.27,-0.57,0.81,-0.04,0.26,-0.82,0.31,0.22,-0.33,0.62,0.03,0.07,0.45,0.10,-0.21,0.99,-0.61,0.19,0.09,0.09,0.61,-0.57,1.45,-0.74,0.50,0.25,0.21,0.00,0.24,0.14,-0.16,0.65,-0.10,0.66,0.33,0.00,0.60,-0.90,0.06,0.54,0.55,0.24,-0.05,0.11,-0.35,0.50,-0.02,-0.21,0.30,-0.45,0.15,0.41,1.00,-0.19,-0.04,-0.09,0.41,-0.12,0.23,0.14,0.30,-0.14
 "55000","Wisconsin",3,SQGDP11,65,"56","   Administrative and support and waste management and remediation services ","Percentage points",0.06,0.00,0.04,0.15,0.08,-0.06,0.08,0.28,0.30,0.07,0.22,0.03,0.01,0.08,-0.17,-0.84,-0.26,0.04,0.21,0.34,0.26,0.27,0.19,0.22,0.01,0.05,-0.04,0.03,0.04,-0.20,-0.03,0.28,0.01,0.23,0.14,-0.13,0.06,0.07,0.09,-0.17,-0.02,-0.05,0.03,-0.12,-0.05,0.06,0.28,0.17,0.14,0.13,0.20,0.23,0.07,0.02,0.05,0.05,-0.08,0.06,-0.14,0.08,-1.35,1.09,0.28,0.46,-0.02,0.24,0.32,0.55,0.11,0.00,-0.21,0.05
 "55000","Wisconsin",3,SQGDP11,69,"61","   Educational services ","Percentage points",-0.10,0.01,0.06,0.03,0.04,-0.01,0.02,0.02,0.00,0.03,0.11,0.02,0.05,0.10,0.18,0.13,0.03,0.03,-0.14,0.26,0.32,-0.67,0.34,0.08,0.06,-0.15,0.06,0.00,-0.04,0.03,-0.09,0.04,-0.04,-0.02,0.08,-0.07,-0.05,0.04,-0.14,0.05,-0.01,0.02,-0.04,0.10,0.01,-0.03,0.38,-0.45,0.06,-0.02,-0.07,0.11,0.06,0.06,-0.02,0.08,0.12,-0.02,-0.12,-0.10,-0.46,-0.03,0.21,0.09,0.05,0.12,-0.07,0.28,-0.11,-0.01,0.00,-0.06
 "55000","Wisconsin",3,SQGDP11,70,"62","   Health care and social assistance ","Percentage points",0.31,0.82,0.01,0.24,0.39,-0.21,0.06,-0.58,0.41,0.06,0.48,0.73,0.33,0.62,0.30,0.41,-0.32,-0.08,-0.13,-0.84,0.45,-0.04,0.50,-0.22,0.73,0.12,-0.39,0.66,-0.40,-0.06,0.38,-0.20,-0.05,1.96,-1.15,-0.27,-0.15,0.07,0.02,0.92,-0.32,0.47,0.13,0.11,0.42,0.02,0.33,-0.11,0.69,0.10,0.43,-0.01,0.42,0.04,0.38,0.59,-0.28,0.30,0.43,-0.79,-3.27,5.00,1.70,-1.65,0.55,0.35,-0.42,1.41,-0.03,0.38,0.20,0.63
 "55000","Wisconsin",3,SQGDP11,76,"71","   Arts, entertainment, and recreation ","Percentage points",-0.15,0.08,0.00,0.16,0.14,-0.11,-0.10,-0.04,0.11,-0.05,0.03,-0.19,0.11,0.17,-0.07,-0.26,0.13,-0.15,0.22,0.22,-0.44,0.26,0.02,0.26,-0.26,0.28,-0.28,0.03,0.22,-0.18,0.09,-0.14,0.35,-0.29,0.22,0.01,-0.05,0.08,-0.08,-0.27,0.04,-0.12,0.13,-0.20,0.10,0.08,0.18,-0.05,-0.23,0.22,0.07,0.21,-0.19,0.18,0.14,-0.11,0.05,0.14,-0.18,-0.27,-1.31,0.75,0.24,0.09,0.23,0.27,0.15,-0.16,0.06,0.02,-0.05,-0.02
 "55000","Wisconsin",3,SQGDP11,79,"72","   Accommodation and food services ","Percentage points",0.06,0.00,-0.03,0.12,-0.10,0.01,-0.08,-0.10,-0.13,-0.15,0.05,-0.18,0.04,0.04,-0.16,-0.17,-0.15,0.03,-0.10,0.19,0.00,0.06,0.06,0.19,0.11,0.00,-0.11,0.11,0.09,-0.19,0.12,0.11,-0.07,0.02,0.09,0.22,0.10,0.10,0.00,0.12,0.05,0.03,0.00,-0.17,-0.05,0.11,0.08,0.06,-0.02,-0.07,0.02,0.15,-0.05,0.01,0.19,0.44,0.01,0.15,-0.06,-0.24,-3.91,4.41,-0.49,1.01,0.81,0.11,0.81,0.04,0.29,-0.07,-0.20,0.28
 "55000","Wisconsin",3,SQGDP11,82,"81","   Other services (except government and government enterprises) ","Percentage points",0.01,0.05,-0.04,-0.06,-0.02,-0.10,-0.04,-0.10,-0.07,-0.12,0.00,-0.19,-0.03,-0.01,-0.05,-0.20,-0.20,-0.09,-0.09,-0.08,0.08,0.09,0.06,-0.18,-0.01,-0.04,-0.06,0.10,-0.06,0.02,-0.07,-0.08,-0.02,0.02,0.06,-0.09,0.09,0.10,-0.05,0.01,0.00,-0.05,-0.02,0.00,-0.06,0.07,-0.01,-0.01,0.07,0.06,0.11,0.08,0.06,0.00,0.08,-0.06,-0.02,0.08,0.08,0.02,-1.46,1.48,0.01,-0.26,0.15,0.20,0.12,-0.08,-0.02,0.04,-0.02,0.03
 "55000","Wisconsin",3,SQGDP11,83,"..."," Government and government enterprises ","Percentage points",-0.18,1.13,-1.80,1.30,-0.99,1.48,-1.69,1.81,-1.16,-0.03,0.80,-0.25,0.64,0.05,0.82,-1.89,1.97,0.08,0.94,-2.24,1.04,1.15,-0.59,0.03,-0.92,0.36,-1.25,2.18,-1.33,-0.26,0.64,-1.74,0.58,-1.77,0.93,-0.11,0.63,-1.39,1.18,-2.42,1.76,-1.40,1.42,-1.09,0.18,1.79,-2.80,1.66,-2.00,2.64,-2.38,1.87,-1.72,0.83,0.42,-0.80,0.83,-0.40,1.24,-0.68,-1.77,0.27,1.83,-2.38,1.42,0.76,0.18,-1.91,0.31,0.05,0.65,0.35
 "55000","Wisconsin",3,SQGDP11,84,"...","  Federal civilian ","Percentage points",-0.05,-0.03,0.05,0.02,0.04,0.00,-0.02,-0.05,-0.02,0.02,-0.01,0.02,0.00,-0.01,-0.07,-0.01,0.16,-0.16,0.06,0.07,0.10,-0.02,0.02,-0.07,-0.08,-0.07,0.02,0.02,0.03,0.01,-0.04,0.00,-0.04,-0.09,0.00,0.07,0.02,0.05,0.04,0.05,0.05,0.01,0.02,0.02,0.00,0.02,0.02,0.03,0.02,0.02,0.02,0.04,0.01,0.01,0.00,-0.07,0.08,0.02,0.01,0.07,0.06,0.35,-0.23,-0.02,-0.04,-0.06,-0.05,0.01,-0.05,-0.04,0.07,0.09
 "55000","Wisconsin",3,SQGDP11,85,"...","  Military ","Percentage points",-0.06,0.00,0.04,-0.09,0.03,-0.02,-0.03,-0.03,-0.02,0.07,0.05,0.01,0.03,0.04,-0.02,0.05,0.01,-0.01,-0.01,-0.03,-0.04,-0.04,-0.01,-0.07,0.00,0.00,0.00,-0.05,-0.01,-0.02,-0.01,-0.01,-0.01,-0.01,-0.03,-0.03,-0.01,-0.01,-0.01,-0.05,0.02,0.01,0.02,0.00,0.01,0.01,0.00,-0.03,0.00,0.01,0.01,-0.02,0.00,0.00,0.01,-0.01,0.03,0.02,0.01,-0.01,0.03,0.00,0.00,0.03,0.01,-0.01,0.00,0.17,0.28,-0.16,0.02,-0.10
 "55000","Wisconsin",3,SQGDP11,86,"...","  State and local ","Percentage points",-0.07,1.16,-1.89,1.37,-1.07,1.50,-1.65,1.89,-1.12,-0.12,0.76,-0.28,0.60,0.02,0.91,-1.94,1.79,0.26,0.89,-2.28,0.98,1.21,-0.60,0.17,-0.84,0.43,-1.27,2.22,-1.35,-0.25,0.69,-1.73,0.63,-1.67,0.95,-0.15,0.63,-1.43,1.15,-2.42,1.69,-1.42,1.38,-1.11,0.17,1.76,-2.83,1.65,-2.02,2.61,-2.41,1.84,-1.72,0.82,0.41,-0.72,0.73,-0.43,1.22,-0.75,-1.86,-0.08,2.07,-2.39,1.45,0.84,0.22,-2.10,0.08,0.25,0.56,0.36
 "56000","Wyoming",7,SQGDP11,1,"...","All industry total (percent change) ","Percent change",7.7,-10.8,4.5,31.6,17.3,15.4,9.8,5.5,4.8,1.0,6.1,3.4,2.0,5.9,34.3,-5.3,-25.1,-13.7,-14.0,5.9,6.4,4.6,-3.1,-6.1,0.8,-0.8,7.6,-7.8,0.2,-11.3,-2.7,10.7,-5.2,1.6,4.3,-3.2,5.5,5.1,5.4,7.5,-10.3,5.6,-4.0,-1.8,-15.4,-7.4,-6.1,2.1,7.0,-2.6,0.4,3.6,1.7,0.4,1.1,-1.9,0.6,6.8,2.1,-5.2,-32.7,17.1,-5.4,8.4,-0.6,-0.1,1.2,-1.4,-4.8,5.3,4.5,2.5
 "56000","Wyoming",7,SQGDP11,2,"..."," Private industries ","Percentage points",8.76,-10.88,3.57,31.91,16.83,14.54,8.78,4.63,3.77,0.89,5.16,2.68,1.47,5.60,34.49,-5.61,-25.39,-13.56,-13.51,4.21,7.19,4.96,-2.05,-7.56,1.28,-0.14,6.23,-7.99,-0.20,-11.50,-2.98,9.85,-5.76,2.11,4.00,-3.50,5.78,5.56,5.81,7.40,-9.86,4.83,-2.77,-3.15,-14.17,-6.97,-5.93,1.17,6.72,-2.44,0.43,4.54,1.12,0.55,2.32,-1.54,0.80,6.66,1.41,-4.80,-30.57,16.02,-5.77,7.86,0.24,-0.70,2.40,-1.72,-4.54,5.07,4.23,2.39
 "56000","Wyoming",7,SQGDP11,3,"11","   Agriculture, forestry, fishing and hunting ","Percentage points",0.53,-0.15,-0.41,0.29,0.69,-0.23,-0.58,-1.14,-0.26,-0.08,-0.87,2.69,-0.82,-0.72,-0.16,1.64,-0.35,0.32,-0.25,-0.12,0.56,0.10,-0.36,1.23,-0.98,0.34,1.73,-3.17,-0.66,0.22,0.00,0.98,0.94,-0.30,0.27,-0.12,0.48,0.81,0.40,0.50,-0.32,0.05,-0.82,1.58,-0.19,-0.24,-0.75,(D),-0.22,-0.73,-0.50,(D),0.10,-0.90,0.01,-0.37,0.47,0.34,0.94,(D),-0.62,-0.41,-0.81,(D),-1.75,-0.31,0.51,-1.29,-1.00,0.67,0.17,1.57
 "56000","Wyoming",7,SQGDP11,6,"21","   Mining, quarrying, and oil and gas extraction ","Percentage points",9.19,-13.05,3.17,22.33,8.95,9.82,5.34,0.03,-2.84,-4.53,-3.80,-5.70,0.83,5.92,44.27,2.24,-17.33,-9.83,-10.12,-2.81,4.42,0.65,-1.36,-5.42,0.32,-2.05,-0.11,-12.30,-3.56,-8.50,-1.95,5.01,0.05,3.72,2.68,-4.08,1.97,1.64,3.72,2.38,-9.14,3.64,2.09,1.91,-9.64,-3.84,-2.68,-0.68,5.50,1.43,-0.94,-4.30,1.06,-0.84,-0.98,1.31,-1.10,0.58,2.39,1.78,-3.79,-4.72,-2.63,-1.16,-1.01,1.67,-2.09,-5.59,-0.88,3.83,2.96,-0.85
 "56000","Wyoming",7,SQGDP11,10,"22","   Utilities ","Percentage points",-0.05,0.83,-1.02,0.68,0.93,-1.35,1.06,-0.52,0.62,0.13,0.52,-0.59,0.56,0.31,-0.42,-0.69,0.55,0.26,0.35,0.79,-0.04,-0.04,0.37,-0.39,0.56,0.36,-0.16,0.07,0.24,0.20,-0.29,0.06,-0.15,0.06,0.01,-0.80,-0.12,0.19,-0.04,-0.57,0.47,0.67,0.12,0.06,-0.04,1.01,-0.48,0.01,0.26,-2.24,1.25,-0.68,0.59,-0.58,-0.04,-0.27,0.48,-0.62,1.14,(D),-0.07,0.31,-0.96,(D),-0.15,-0.29,-0.89,0.67,0.03,-0.59,-0.42,-0.11
 "56000","Wyoming",7,SQGDP11,11,"23","   Construction ","Percentage points",-0.09,0.24,-0.10,1.74,0.77,0.02,0.34,1.00,0.66,0.89,0.72,2.50,-2.50,0.99,-0.99,-1.39,-0.59,0.19,-1.82,1.37,0.05,0.02,-0.26,-1.41,-0.46,0.98,0.63,0.03,1.65,-1.06,-0.48,0.82,-0.93,-0.13,1.45,-0.10,0.47,-0.38,-1.07,0.39,-1.29,-0.19,-1.25,-0.04,-0.90,-1.17,-0.99,-0.27,-0.22,-0.78,-0.09,0.06,0.43,0.29,1.21,1.06,-0.16,1.29,-0.33,-1.02,-1.60,0.57,-0.68,-0.24,1.48,-0.58,-0.73,-0.89,-1.20,-1.09,-0.04,0.51
 "56000","Wyoming",7,SQGDP11,12,"31-33","   Manufacturing ","Percentage points",-0.63,-0.11,1.08,0.12,1.71,0.98,3.35,1.70,2.68,3.43,4.14,2.77,1.85,-2.29,-4.95,-8.41,-3.41,-2.38,-0.23,2.13,0.37,-0.15,-0.11,-0.91,-0.15,1.20,0.42,2.07,0.69,-0.91,-0.66,-1.74,-1.58,-1.27,-1.40,-0.46,0.17,0.87,2.04,3.40,1.47,1.20,-1.66,-1.87,-1.94,-0.70,-0.09,(D),1.05,0.18,2.20,(D),0.55,1.15,1.51,1.78,1.05,0.60,-0.29,-2.59,-3.03,1.59,-1.10,1.06,1.60,-0.76,0.71,3.45,-0.97,-0.58,0.09,-0.31
 "56000","Wyoming",7,SQGDP11,13,"321,327-339","     Durable goods manufacturing ","Percentage points",0.00,-0.13,0.12,0.01,0.10,0.01,0.08,0.09,0.25,0.12,0.15,0.02,0.13,0.12,0.05,-0.53,-0.25,-0.02,-0.11,0.03,0.04,0.30,0.09,0.08,0.08,0.04,0.21,0.14,-0.08,-0.23,-0.08,0.10,-0.12,-0.12,-0.07,0.21,0.13,0.10,0.11,0.08,0.02,0.03,-0.41,-0.24,-0.37,-0.04,0.26,(D),0.34,0.14,0.03,(D),-0.21,-0.06,0.31,0.16,0.00,0.22,0.01,-0.40,-0.36,0.71,-0.16,-0.27,0.71,-0.43,-0.13,0.16,-0.09,-0.01,0.18,-0.02
 "56000","Wyoming",7,SQGDP11,25,"311-316,322-326","     Nondurable goods manufacturing ","Percentage points",-0.63,0.02,0.96,0.12,1.61,0.96,3.27,1.61,2.43,3.31,4.00,2.75,1.72,-2.42,-5.00,-7.88,-3.15,-2.36,-0.12,2.10,0.33,-0.46,-0.20,-0.99,-0.23,1.16,0.21,1.92,0.77,-0.67,-0.58,-1.84,-1.45,-1.16,-1.33,-0.68,0.03,0.77,1.93,3.32,1.45,1.17,-1.25,-1.63,-1.57,-0.67,-0.35,(D),0.72,0.04,2.17,(D),0.76,1.21,1.21,1.62,1.05,0.38,-0.31,-2.19,-2.67,0.89,-0.94,1.33,0.89,-0.33,0.84,3.29,-0.88,-0.57,-0.09,-0.29
 "56000","Wyoming",7,SQGDP11,34,"42","   Wholesale trade ","Percentage points",0.48,0.12,0.33,0.73,0.33,0.28,0.60,0.13,0.36,0.09,-0.28,1.08,-0.06,0.09,-0.39,-1.15,-0.84,-0.31,-0.10,0.55,0.44,0.53,-0.12,-0.07,0.07,-0.24,0.54,1.34,0.31,-0.39,-0.44,1.05,-0.10,0.20,0.07,-0.26,1.06,0.61,1.90,-2.70,-0.43,-0.10,-0.41,-0.91,-0.54,-0.81,-0.11,-1.16,0.61,0.59,-0.28,-0.48,-0.28,0.25,0.43,-0.35,-0.25,-0.15,0.09,0.16,-1.63,0.17,-0.31,0.44,-0.05,-0.20,-0.19,0.54,-0.43,0.19,-0.01,-0.09
 "56000","Wyoming",7,SQGDP11,35,"44-45","   Retail trade ","Percentage points",0.50,0.34,-0.07,0.55,0.97,-0.31,0.83,0.42,-0.14,0.27,0.37,0.55,-0.15,-0.03,-0.16,-0.07,-0.28,-0.74,-0.18,-0.79,0.04,0.06,-0.36,0.84,-0.15,-0.14,0.18,0.21,-0.23,0.27,1.17,-0.67,-0.15,-0.18,-0.14,-0.09,0.06,0.11,-0.42,0.75,0.15,0.16,-0.58,0.60,-0.32,-0.57,0.03,-0.49,0.13,0.44,0.06,-0.27,-0.07,0.33,-0.28,0.90,-0.48,0.20,0.01,-0.39,-0.81,0.97,-0.40,1.49,-1.74,-0.92,-0.14,0.37,-0.10,0.29,0.56,0.61
 "56000","Wyoming",7,SQGDP11,36,"48-49","   Transportation and warehousing ","Percentage points",0.66,1.20,0.41,1.17,1.02,0.28,0.19,-0.56,0.72,0.24,1.09,-0.25,0.87,-0.33,-0.83,-0.66,-0.95,-0.32,-0.01,0.72,0.02,1.08,-0.07,-1.26,0.21,-0.33,0.34,2.74,-0.17,-1.05,-0.69,3.41,-1.15,-0.80,-0.16,2.23,0.15,0.83,-0.31,2.95,-0.68,-0.15,-0.50,-0.67,0.21,-0.10,0.01,0.44,0.65,-0.68,-0.46,5.88,-1.61,0.24,0.31,-1.86,-0.31,-0.02,-1.19,2.05,-8.92,5.27,0.68,1.10,-0.85,1.86,0.77,-1.62,-0.31,1.28,0.39,0.45
 "56000","Wyoming",7,SQGDP11,45,"51","   Information ","Percentage points",0.34,0.08,-0.02,0.16,0.32,0.14,-0.03,0.20,0.13,0.25,0.17,0.23,0.01,0.13,-0.19,0.37,0.03,0.06,0.10,-0.25,0.22,0.27,0.15,-0.41,0.15,0.06,-0.08,-0.11,0.14,-0.19,-0.13,0.43,0.01,0.15,-0.05,-0.39,0.23,-0.05,0.19,0.50,0.05,0.09,0.11,0.26,-0.19,0.00,-0.33,0.57,-0.39,0.10,0.09,0.15,0.28,-0.06,0.06,-0.04,0.04,0.03,-0.13,-0.44,-0.02,0.58,-0.29,0.27,0.85,-0.35,0.22,0.61,-0.03,0.19,0.09,0.20
 "56000","Wyoming",7,SQGDP11,51,"52","   Finance and insurance ","Percentage points",-0.31,0.25,-0.03,0.62,-0.17,0.01,0.57,-0.54,0.66,0.04,0.27,0.04,0.11,0.82,-2.49,2.21,0.04,-0.40,-0.30,-0.53,-0.23,0.33,0.78,-0.85,0.52,0.51,0.25,-0.24,0.08,-0.08,-0.41,-0.60,-0.31,0.30,0.38,0.30,0.50,0.11,0.02,-0.34,-0.24,-0.57,-0.07,-0.18,-0.06,0.38,-0.41,-0.04,-0.18,-0.03,0.44,-0.24,0.15,0.20,-0.87,0.23,-0.35,1.76,-1.40,0.54,0.72,0.43,1.20,1.16,-0.24,-0.03,1.00,0.29,0.00,-0.14,-0.17,-0.21
 "56000","Wyoming",7,SQGDP11,56,"53","   Real estate and rental and leasing ","Percentage points",-0.70,-1.81,-0.36,0.50,0.20,0.46,0.54,2.04,0.22,0.68,1.01,-1.20,0.25,0.45,0.99,-0.15,-0.84,-0.01,0.58,1.93,0.90,0.58,0.62,-0.32,0.90,-0.05,1.38,0.21,1.20,0.74,-0.74,0.40,-0.16,0.60,0.10,0.78,0.08,0.01,-0.42,0.00,-0.19,0.75,1.10,-3.35,0.61,0.39,-1.13,-1.07,-1.26,-1.34,-0.77,2.38,-0.24,0.22,0.78,-3.63,0.90,1.09,0.20,-3.38,-1.27,0.18,-1.47,2.25,-1.01,-0.28,0.24,0.06,0.09,0.29,-0.25,0.23
 "56000","Wyoming",7,SQGDP11,60,"54","   Professional, scientific, and technical services ","Percentage points",-0.34,-0.06,0.27,0.28,0.39,0.31,-0.07,-0.03,0.72,-0.11,0.44,0.33,0.27,0.19,-0.03,-0.19,-0.79,-0.05,-0.22,0.49,0.05,0.16,-0.10,0.37,-0.07,-0.13,-0.03,0.66,0.08,-0.09,-0.46,0.21,-0.15,0.08,0.44,-0.03,0.31,0.58,-0.59,-0.10,0.00,-0.38,0.10,-0.22,-0.49,-0.32,0.40,0.33,0.08,0.05,0.13,0.40,0.31,0.20,0.04,0.20,0.38,0.23,0.14,-0.62,-0.98,0.89,0.50,-0.12,0.83,0.50,-0.39,1.08,0.06,0.25,0.41,0.02
 "56000","Wyoming",7,SQGDP11,64,"55","   Management of companies and enterprises ","Percentage points",-0.24,0.62,-0.76,0.17,0.41,0.18,-0.43,-0.13,0.12,-0.05,0.26,-0.24,0.17,-0.25,0.09,-0.03,-0.03,-0.02,-0.06,0.45,-0.18,0.00,-0.03,0.29,-0.24,-0.07,-0.09,-0.05,0.39,-0.17,0.99,-0.04,-0.80,0.10,-0.15,-0.05,0.21,0.01,-0.17,0.09,0.07,-0.01,-0.10,0.06,-0.20,-0.06,-0.01,0.09,0.01,-0.03,-0.06,0.04,0.10,0.03,-0.03,-0.08,0.11,0.08,-0.28,0.28,-0.07,0.63,-0.64,0.88,0.15,-0.94,2.26,-1.05,0.06,0.04,0.09,-0.02
 "56000","Wyoming",7,SQGDP11,65,"56","   Administrative and support and waste management and remediation services ","Percentage points",0.23,0.25,0.09,0.09,0.22,-0.02,0.16,0.97,0.12,0.04,0.19,-0.10,0.19,0.03,-0.18,0.99,-0.17,-0.07,-0.03,-0.63,0.25,0.15,-0.15,0.09,0.06,-0.09,0.78,-0.20,-0.14,-0.18,-0.19,0.53,0.09,-0.03,0.02,-0.02,0.07,-0.02,-0.02,0.16,-0.13,0.04,-0.21,-0.18,-0.16,0.06,0.13,0.04,0.24,0.10,0.00,0.09,0.11,0.00,0.11,-0.50,0.08,0.26,-0.10,-0.22,-0.59,0.66,0.58,0.80,0.30,0.22,0.83,0.23,0.09,-0.08,-0.05,0.04
 "56000","Wyoming",7,SQGDP11,69,"61","   Educational services ","Percentage points",-0.04,0.06,0.10,0.00,-0.02,-0.03,-0.04,0.07,0.01,-0.01,-0.01,0.02,0.00,0.03,0.04,0.01,0.01,0.05,0.01,-0.04,0.03,0.04,0.02,-0.03,0.04,-0.02,-0.05,0.02,0.01,-0.03,-0.03,0.09,-0.04,-0.03,0.07,-0.07,0.00,-0.02,0.02,-0.07,0.00,0.02,-0.02,0.04,-0.04,0.06,-0.03,0.05,0.03,-0.01,-0.06,0.04,-0.01,-0.03,0.05,0.00,0.08,0.02,-0.04,-0.02,-0.13,0.05,0.03,0.01,-0.06,0.14,0.03,-0.04,0.04,0.09,0.02,0.02
 "56000","Wyoming",7,SQGDP11,70,"62","   Health care and social assistance ","Percentage points",-0.21,0.16,0.43,0.20,0.15,0.27,0.05,0.14,0.04,0.23,0.03,0.66,0.37,0.19,0.20,-0.18,-0.03,-0.01,0.09,0.23,-0.05,0.33,-0.34,0.46,0.03,-0.50,0.22,0.28,-0.03,-0.22,1.12,-0.80,-0.04,-0.04,0.30,-0.36,0.06,0.11,0.21,-0.04,0.33,-0.26,-0.17,0.54,-0.37,-0.30,-0.06,0.32,-0.20,0.18,-0.24,0.69,-0.24,-0.03,-0.12,0.05,0.14,0.37,0.08,0.04,-2.08,3.49,-0.16,-0.76,0.06,-0.52,0.24,0.17,0.00,0.23,0.21,0.34
 "56000","Wyoming",7,SQGDP11,76,"71","   Arts, entertainment, and recreation ","Percentage points",0.19,0.09,0.02,0.28,-0.18,-0.06,-0.02,0.27,-0.05,0.00,0.01,0.03,0.07,0.00,-0.08,-0.06,0.11,0.47,-0.73,0.50,0.01,-0.01,0.02,0.00,0.10,0.09,-0.01,0.08,0.08,-0.16,0.29,-0.27,-0.01,-0.05,0.05,0.22,-0.03,0.04,0.09,-0.45,0.08,0.02,0.08,-0.28,0.04,0.03,0.14,-0.08,0.07,0.11,-0.05,0.05,0.02,-0.04,0.01,-0.23,0.09,0.08,-0.05,-0.19,-0.85,0.76,0.14,0.31,-0.23,0.22,0.16,-0.23,0.14,0.15,0.14,-0.09
 "56000","Wyoming",7,SQGDP11,79,"72","   Accommodation and food services ","Percentage points",-0.60,-0.12,0.30,1.39,-0.07,3.73,-3.27,0.29,-0.24,-0.20,0.97,-0.20,-0.27,-0.11,-0.23,0.03,-0.43,-0.22,-0.53,0.33,0.05,0.19,-0.08,0.17,0.40,-0.08,0.14,0.24,-0.13,-0.03,0.10,1.04,-1.14,-0.21,0.02,0.15,0.10,0.12,0.15,0.60,0.00,-0.02,-0.26,-0.49,0.05,-0.34,0.38,-0.33,0.57,0.07,-0.28,-0.99,-0.06,0.15,0.07,0.19,-0.27,0.39,0.22,-0.16,-3.85,3.82,0.48,0.42,1.97,-0.35,-0.22,1.49,-0.19,-0.09,-0.12,0.07
 "56000","Wyoming",7,SQGDP11,82,"81","   Other services (except government and government enterprises) ","Percentage points",-0.15,0.18,0.13,0.62,0.23,0.06,0.17,0.27,0.23,-0.41,-0.08,0.07,-0.30,0.17,0.00,-0.11,-0.11,-0.56,-0.07,-0.11,0.27,0.68,-0.66,0.03,-0.03,0.02,0.15,0.13,-0.13,0.11,-0.18,-0.07,-0.17,-0.05,0.03,-0.34,0.01,-0.02,0.12,-0.05,-0.06,-0.15,-0.33,-0.03,0.01,-0.45,0.03,0.05,-0.01,0.14,0.01,0.23,-0.05,-0.03,0.04,0.06,-0.09,0.12,-0.01,0.01,-0.99,0.77,0.06,-0.18,0.09,0.21,0.08,0.05,0.06,0.14,0.16,0.00
 "56000","Wyoming",7,SQGDP11,83,"..."," Government and government enterprises ","Percentage points",-1.11,0.03,0.97,-0.29,0.48,0.82,1.06,0.84,1.07,0.13,0.89,0.73,0.53,0.28,-0.21,0.26,0.33,-0.17,-0.52,1.74,-0.78,-0.35,-1.05,1.41,-0.50,-0.65,1.35,0.24,0.39,0.18,0.33,0.81,0.59,-0.56,0.31,0.32,-0.25,-0.47,-0.39,0.09,-0.40,0.82,-1.24,1.30,-1.18,-0.48,-0.20,0.90,0.28,-0.19,-0.04,-0.97,0.56,-0.10,-1.20,-0.32,-0.24,0.12,0.67,-0.37,-2.15,1.06,0.40,0.55,-0.84,0.60,-1.18,0.37,-0.23,0.27,0.28,0.16
 "56000","Wyoming",7,SQGDP11,84,"...","  Federal civilian ","Percentage points",-0.02,-0.20,0.08,0.02,-0.03,0.07,-0.03,0.05,-0.09,0.13,0.06,-0.03,0.07,-0.06,0.00,0.10,0.26,-0.18,-0.14,0.07,0.19,-0.23,-0.16,0.08,0.00,-0.01,0.08,-0.07,-0.02,0.00,0.02,-0.08,-0.07,-0.12,0.00,0.13,-0.02,-0.01,0.03,0.13,0.04,0.11,0.07,0.12,0.12,0.01,0.10,0.09,-0.03,0.18,-0.06,0.01,0.09,0.07,-0.11,-0.18,0.28,-0.08,0.08,0.17,0.23,0.03,0.10,-0.09,-0.04,-0.22,-0.07,-0.03,0.07,0.00,0.11,0.06
 "56000","Wyoming",7,SQGDP11,85,"...","  Military ","Percentage points",0.04,-0.07,-0.01,-0.15,-0.02,0.03,0.00,-0.07,0.00,0.03,-0.02,0.04,0.00,0.04,0.04,0.05,0.07,0.04,0.05,0.01,-0.04,-0.03,-0.04,-0.05,-0.01,0.01,0.04,-0.03,-0.02,-0.03,-0.04,-0.01,0.01,0.01,-0.08,0.01,-0.08,-0.11,-0.09,-0.04,-0.02,0.03,0.06,0.14,0.05,0.03,0.00,-0.12,0.00,0.05,0.01,-0.11,0.00,0.04,-0.03,0.13,0.07,0.02,0.02,0.01,0.16,0.03,0.02,0.11,0.06,-0.05,0.01,-0.06,-0.03,0.00,-0.01,0.00
 "56000","Wyoming",7,SQGDP11,86,"...","  State and local ","Percentage points",-1.13,0.30,0.90,-0.16,0.53,0.72,1.09,0.86,1.15,-0.03,0.86,0.72,0.46,0.29,-0.25,0.12,0.01,-0.03,-0.43,1.66,-0.93,-0.09,-0.85,1.39,-0.50,-0.65,1.23,0.34,0.43,0.21,0.36,0.89,0.64,-0.45,0.39,0.18,-0.15,-0.35,-0.33,0.00,-0.43,0.68,-1.36,1.04,-1.36,-0.52,-0.30,0.93,0.31,-0.43,0.00,-0.86,0.48,-0.21,-1.05,-0.27,-0.59,0.18,0.57,-0.55,-2.55,1.00,0.28,0.52,-0.87,0.87,-1.12,0.45,-0.26,0.27,0.18,0.10
 "91000","New England",1,SQGDP11,1,"...","All industry total (percent change) ","Percent change",2.0,2.5,3.1,5.2,0.5,-0.3,5.4,1.7,2.4,2.3,1.7,7.4,-0.3,-7.5,-11.5,1.1,-1.1,2.5,3.0,1.9,5.7,3.8,-0.9,-6.3,8.6,-4.0,5.5,0.2,2.3,0.0,-1.6,-1.0,-1.4,2.5,0.4,-4.2,4.6,5.0,5.4,1.0,3.9,-1.0,3.5,-1.0,1.9,2.7,-0.4,-0.9,3.1,3.9,2.2,3.3,1.5,2.7,-0.1,4.6,0.8,1.6,1.2,-4.0,-31.7,32.9,9.4,2.9,9.9,3.6,6.1,-0.6,-2.8,2.7,2.0,1.6
 "91000","New England",1,SQGDP11,2,"..."," Private industries ","Percentage points",1.53,2.36,2.70,5.57,0.47,-0.45,5.28,1.69,1.93,2.01,1.66,6.82,-0.18,-7.36,-11.08,1.75,-1.23,2.88,2.58,3.16,4.95,3.92,-1.40,-6.52,8.32,-3.91,6.09,0.85,2.91,-0.07,-1.35,-1.44,-1.31,2.66,0.73,-4.56,4.57,4.87,5.66,1.00,3.72,-1.19,3.13,-0.19,1.51,2.73,-0.43,-1.08,3.04,3.88,1.95,3.62,1.43,2.69,0.08,4.96,0.66,1.63,1.06,-3.76,-30.18,32.25,8.82,3.74,9.01,3.38,5.94,-0.66,-2.55,2.69,1.80,1.51
 "91000","New England",1,SQGDP11,3,"11","   Agriculture, forestry, fishing and hunting ","Percentage points",0.07,0.20,0.25,-0.14,0.00,-0.09,0.05,-0.26,0.08,-0.04,-0.07,(D),-0.08,0.08,0.23,0.03,-0.06,0.00,-0.18,0.32,-0.10,-0.05,-0.05,-0.28,0.13,0.07,0.07,-0.02,-0.07,-0.07,-0.09,-0.11,0.14,0.03,0.11,-0.11,-0.10,0.04,-0.04,0.21,-0.05,0.01,-0.03,0.04,-0.08,0.04,0.08,-0.10,0.02,0.05,-0.03,-0.10,0.04,0.06,0.01,0.07,-0.02,-0.07,-0.05,-0.07,0.06,0.06,-0.04,(D),-0.11,0.06,0.18,-0.13,-0.17,0.06,0.11,0.18
 "91000","New England",1,SQGDP11,6,"21","   Mining, quarrying, and oil and gas extraction ","Percentage points",0.00,-0.05,-0.01,0.04,0.00,0.00,0.03,0.03,0.00,-0.01,-0.03,(D),-0.05,-0.02,0.03,0.01,0.00,-0.01,-0.01,-0.02,0.03,-0.01,-0.02,-0.03,-0.02,0.00,0.02,0.00,0.03,-0.02,0.00,0.00,-0.01,0.01,0.02,0.01,0.02,0.01,0.01,0.02,0.01,0.05,0.03,0.06,-0.05,-0.01,-0.03,-0.03,-0.02,-0.01,0.01,-0.01,0.01,-0.01,0.00,0.00,-0.01,-0.01,0.01,0.03,-0.02,0.00,-0.03,(D),0.01,0.02,-0.01,-0.01,-0.01,0.01,0.02,0.00
 "91000","New England",1,SQGDP11,10,"22","   Utilities ","Percentage points",-0.27,-0.07,0.03,0.44,0.29,0.14,-0.10,0.61,-0.18,-0.31,-0.50,1.34,0.29,-0.12,-0.83,-0.39,-0.31,0.29,0.26,0.23,0.32,-0.25,-0.14,-0.38,0.66,-0.25,0.31,0.23,-0.05,-0.27,-0.01,0.47,-0.28,0.16,-0.36,-0.45,0.24,0.45,0.42,-1.05,0.42,0.13,-0.27,-0.18,0.05,0.07,0.08,-0.07,0.52,-0.29,0.20,0.33,-0.04,-0.49,0.11,0.22,0.16,-0.14,0.16,0.48,-0.13,0.56,-0.26,-0.38,0.31,-0.27,-0.18,0.12,-0.06,-0.38,0.12,-0.04
 "91000","New England",1,SQGDP11,11,"23","   Construction ","Percentage points",-0.12,-0.27,-0.16,0.00,-0.44,-0.47,-0.63,-0.04,0.24,-0.23,-0.67,-0.66,-0.04,-0.21,-0.70,-0.86,0.10,0.41,-0.27,-0.43,0.25,-0.18,-0.22,-0.16,0.33,-0.05,0.38,0.18,-0.17,-0.06,0.09,-0.06,-0.05,0.00,-0.32,-0.24,0.17,0.03,0.10,-0.17,0.41,0.14,0.14,0.20,-0.27,-0.16,0.31,(D),0.06,0.15,0.23,(D),0.07,-0.14,-0.03,0.51,-0.27,-0.14,-0.11,0.20,-1.96,1.81,0.53,0.49,-0.01,-0.49,-0.62,0.33,-0.72,-0.70,-0.13,0.08
 "91000","New England",1,SQGDP11,12,"31-33","   Manufacturing ","Percentage points",-1.16,0.47,1.82,3.74,1.07,0.14,0.81,1.41,0.32,0.57,0.68,1.64,-1.05,-4.56,-3.52,-2.36,-0.91,0.25,1.06,1.50,1.16,1.48,-0.75,-1.32,1.70,-2.06,1.66,-0.67,0.52,-0.76,0.07,-0.01,0.22,0.47,-0.17,-1.74,0.96,0.93,1.37,-0.52,0.08,-0.56,-0.21,-0.05,-0.91,0.79,-1.36,-0.08,0.89,0.48,1.58,0.61,0.56,0.49,0.25,-0.57,0.04,0.46,-0.26,-0.30,-4.11,4.87,0.31,1.34,0.14,-0.62,1.13,0.08,-1.21,0.14,0.37,-0.57
 "91000","New England",1,SQGDP11,13,"321,327-339","     Durable goods manufacturing ","Percentage points",-0.69,0.70,1.33,0.58,0.82,0.06,0.47,0.92,0.46,0.75,0.06,-0.26,-0.03,0.07,-0.95,-1.58,-0.33,0.86,0.95,1.44,1.44,1.66,0.36,-0.60,0.58,-1.77,1.49,0.01,-0.06,-0.15,-0.04,0.08,-0.41,0.09,-0.37,-0.96,0.34,0.44,0.51,-0.13,0.52,-0.05,0.27,-0.18,-0.50,0.78,-0.90,0.09,0.22,0.20,1.05,0.56,0.39,0.39,0.22,0.06,-0.36,-0.13,-0.42,-0.69,-2.64,3.16,0.62,0.92,0.23,-0.42,0.81,0.39,-0.73,-0.07,0.43,-0.38
 "91000","New England",1,SQGDP11,25,"311-316,322-326","     Nondurable goods manufacturing ","Percentage points",-0.47,-0.24,0.49,3.16,0.25,0.08,0.34,0.49,-0.14,-0.17,0.62,1.90,-1.02,-4.63,-2.57,-0.78,-0.58,-0.61,0.11,0.05,-0.28,-0.18,-1.11,-0.72,1.12,-0.29,0.17,-0.68,0.58,-0.60,0.11,-0.09,0.64,0.38,0.20,-0.78,0.63,0.49,0.86,-0.38,-0.44,-0.51,-0.49,0.14,-0.41,0.01,-0.46,-0.18,0.66,0.28,0.53,0.05,0.17,0.10,0.03,-0.64,0.40,0.59,0.16,0.39,-1.47,1.70,-0.31,0.42,-0.08,-0.20,0.32,-0.31,-0.48,0.22,-0.06,-0.19
 "91000","New England",1,SQGDP11,34,"42","   Wholesale trade ","Percentage points",0.08,0.25,0.25,1.18,-1.18,0.29,-0.09,0.12,0.71,0.00,0.20,0.37,0.15,-0.42,-0.85,-1.02,-0.95,0.35,0.90,-0.39,0.83,0.68,-0.21,-0.34,-0.26,-0.13,1.08,-0.77,0.80,-0.19,-0.50,0.53,-0.31,0.19,0.26,-0.71,0.59,0.58,0.09,0.11,0.41,-0.15,-0.16,-0.61,0.61,0.01,-0.18,-0.34,-0.06,-0.10,0.31,-0.37,-0.41,0.23,-0.35,-0.05,-0.50,0.09,0.15,0.35,-1.42,2.17,0.56,0.62,0.37,-0.22,-0.07,0.12,-0.37,0.20,0.21,0.20
 "91000","New England",1,SQGDP11,35,"44-45","   Retail trade ","Percentage points",0.55,0.52,-0.60,-0.44,0.21,-0.79,-0.05,-0.25,-0.78,0.09,-0.08,0.07,-0.23,-0.27,-0.47,-0.11,0.02,-0.05,0.51,-0.08,0.15,0.02,0.09,-0.29,-0.17,-0.23,0.41,-0.23,-0.46,0.44,-0.11,0.37,-0.24,-0.13,0.13,-0.15,0.24,0.09,0.03,-0.13,0.46,0.28,0.10,0.22,-0.09,0.13,0.13,-0.06,0.35,0.41,-0.06,0.35,-0.09,0.38,-0.32,0.60,0.00,0.22,-0.20,-0.11,-2.36,3.09,0.03,1.01,-1.03,-1.07,0.45,-1.01,0.09,0.33,0.33,0.55
 "91000","New England",1,SQGDP11,36,"48-49","   Transportation and warehousing ","Percentage points",0.14,0.36,-0.03,-0.20,0.10,-0.02,0.10,-0.08,0.39,-0.25,0.14,-0.20,-0.07,-0.06,-0.09,-0.31,0.12,-0.04,0.04,-0.17,0.11,0.14,0.13,-0.13,0.18,-0.07,0.00,-0.03,-0.13,0.03,0.06,-0.06,-0.02,0.11,0.10,0.15,-0.03,0.13,-0.13,0.41,0.09,0.16,0.06,-0.25,0.19,0.01,0.12,-0.01,0.03,0.00,0.06,-0.01,0.01,0.06,0.01,0.08,0.06,0.08,-0.07,-0.23,-1.54,1.05,0.15,0.27,-0.18,0.33,0.08,-0.43,0.05,0.23,0.09,0.10
 "91000","New England",1,SQGDP11,45,"51","   Information ","Percentage points",0.95,-0.67,0.07,-0.28,0.72,0.38,-0.08,0.40,0.44,0.70,0.33,0.84,0.67,0.12,-0.17,-1.03,-0.19,0.40,0.74,-0.05,0.62,0.67,-0.08,-0.41,0.53,-0.46,0.07,-0.69,0.24,-0.05,0.15,0.85,0.39,0.27,-0.48,0.14,0.39,-0.19,0.21,1.39,0.05,0.31,0.23,0.49,0.32,0.30,-0.20,-0.19,0.46,0.31,0.27,0.21,0.58,0.38,0.24,0.36,0.40,0.59,-0.32,0.58,-0.16,0.38,0.54,0.45,1.48,0.19,0.34,0.58,0.18,0.95,0.35,0.28
 "91000","New England",1,SQGDP11,51,"52","   Finance and insurance ","Percentage points",0.15,0.00,1.11,0.99,-0.98,0.80,2.66,0.33,-0.63,-0.87,-2.34,1.18,-3.13,-3.20,-5.45,13.04,3.37,0.49,-2.36,1.09,-2.47,-2.10,-0.22,-1.83,1.14,1.48,0.48,0.67,2.03,0.50,-0.44,-3.95,-0.27,-0.30,0.36,-1.20,0.90,0.20,2.51,1.48,0.38,-0.90,1.64,-1.09,0.76,2.07,-0.54,-0.11,-0.44,1.27,-1.97,1.20,-0.86,0.36,-0.81,1.36,0.18,-1.33,1.00,-2.15,0.94,-0.89,2.96,-0.94,0.25,0.28,0.75,0.74,-1.56,-0.36,-0.48,-0.79
 "91000","New England",1,SQGDP11,56,"53","   Real estate and rental and leasing ","Percentage points",1.41,0.70,-0.08,-1.68,0.12,-0.27,2.08,-0.34,0.51,1.10,2.43,1.34,1.09,0.77,-0.17,-1.34,-0.88,0.21,0.44,1.44,1.67,0.75,0.51,-0.77,0.79,-0.45,0.63,-0.94,-0.01,0.20,-0.88,0.31,-0.27,1.10,-0.40,-0.20,-0.36,0.28,-0.72,-0.42,-0.64,-0.29,0.36,0.53,-0.01,-0.28,0.01,-0.65,0.26,0.02,0.22,0.61,0.29,0.04,0.16,0.48,0.11,0.49,-0.09,0.20,-1.57,1.57,-0.34,0.69,0.36,0.25,0.71,0.35,0.03,0.35,-0.41,0.08
 "91000","New England",1,SQGDP11,60,"54","   Professional, scientific, and technical services ","Percentage points",-0.09,0.07,-0.05,0.69,-0.04,0.69,-0.36,-0.03,0.19,0.90,1.24,0.63,1.50,-0.09,-0.01,-1.52,-1.25,0.10,0.38,0.27,0.74,0.98,0.31,-0.62,0.75,0.07,0.33,1.23,0.31,0.00,-0.94,0.23,-0.02,0.32,0.51,-0.23,0.64,1.56,0.32,-0.29,0.87,0.26,0.62,0.46,0.11,0.34,0.48,0.37,0.80,0.51,0.72,0.45,0.55,0.56,0.08,0.50,0.75,0.85,0.96,-0.10,-2.18,3.21,1.80,0.13,2.20,1.89,1.17,-1.35,0.18,0.81,0.97,0.19
 "91000","New England",1,SQGDP11,64,"55","   Management of companies and enterprises ","Percentage points",-0.33,0.17,-0.08,0.23,0.30,-0.90,0.59,-0.28,0.04,0.25,-0.56,-0.15,0.32,-0.06,-0.07,-0.42,-0.37,0.40,0.12,-0.38,0.15,0.42,0.11,-0.25,2.05,-1.76,0.22,0.59,-0.15,0.37,0.90,-0.56,-0.40,0.38,0.50,0.40,-0.33,0.01,0.16,0.71,0.26,-0.84,-0.03,-0.17,0.69,-0.11,-0.07,-0.16,-0.02,0.28,0.47,-0.02,0.10,0.45,0.25,-0.14,0.00,0.19,0.07,-0.20,-0.29,0.17,0.82,-0.17,1.27,0.09,0.26,-1.44,0.19,0.09,0.17,-0.03
 "91000","New England",1,SQGDP11,65,"56","   Administrative and support and waste management and remediation services ","Percentage points",0.10,0.08,-0.04,0.25,0.14,-0.09,0.19,0.50,0.29,0.17,0.22,-0.21,0.04,-0.03,-0.24,-0.87,-0.19,-0.02,0.24,0.29,0.21,0.13,0.11,0.01,0.05,0.06,0.02,0.43,-0.10,0.00,-0.03,0.06,0.06,0.13,0.01,0.06,0.20,0.07,0.09,0.03,-0.02,0.09,0.01,-0.14,-0.04,-0.01,0.30,0.05,0.34,0.21,0.05,-0.14,0.18,0.21,0.18,0.17,-0.26,-0.01,-0.14,0.15,-1.44,1.07,0.50,0.29,0.57,0.46,0.66,0.86,0.14,0.06,0.07,0.14
 "91000","New England",1,SQGDP11,69,"61","   Educational services ","Percentage points",0.03,0.07,-0.12,0.10,0.01,0.08,0.05,0.01,0.16,0.00,0.17,0.09,0.15,0.25,0.21,0.36,-0.12,0.02,0.17,0.02,0.22,0.04,0.03,-0.03,0.05,-0.07,-0.01,-0.04,0.14,-0.11,-0.07,-0.09,0.06,-0.01,0.07,-0.21,0.16,0.09,0.13,-0.09,-0.05,0.00,0.18,0.07,0.10,-0.13,0.07,-0.08,-0.08,0.07,0.00,0.10,0.09,0.07,0.06,0.16,0.06,0.08,-0.07,-0.19,-0.96,0.44,-0.19,0.08,0.20,0.35,0.18,0.12,-0.14,0.16,0.10,-0.04
 "91000","New England",1,SQGDP11,70,"62","   Health care and social assistance ","Percentage points",0.00,0.37,0.41,0.80,0.19,-0.12,0.05,0.03,0.33,0.08,0.51,0.89,0.37,0.58,1.15,-1.13,0.69,-0.05,0.37,-0.58,0.56,0.87,-0.88,0.63,-0.09,-0.19,0.54,0.63,-0.13,-0.09,0.30,0.37,-0.18,-0.02,0.12,-0.18,0.60,0.28,0.94,-0.78,0.81,0.13,0.23,0.29,0.04,-0.55,0.40,0.23,-0.05,0.42,-0.07,0.09,-0.03,0.09,0.13,0.66,-0.06,0.16,0.37,-0.12,-4.45,5.84,1.31,-1.20,0.68,0.59,0.21,0.28,0.31,0.43,0.34,0.73
 "91000","New England",1,SQGDP11,76,"71","   Arts, entertainment, and recreation ","Percentage points",-0.06,0.07,-0.04,-0.14,0.08,-0.11,0.17,-0.28,0.01,0.08,0.07,-0.16,0.00,-0.01,0.02,0.14,-0.09,0.11,0.03,0.20,0.14,0.05,-0.05,-0.09,0.24,-0.01,-0.07,0.13,0.04,-0.04,0.05,0.19,-0.01,0.02,0.08,0.35,0.01,0.04,0.05,-0.02,-0.10,0.04,0.06,-0.06,0.11,0.07,0.12,-0.26,-0.03,0.07,-0.04,0.04,0.15,0.01,-0.08,-0.06,0.12,0.05,-0.04,-0.86,-1.95,0.85,0.47,0.55,0.22,0.57,0.41,0.14,0.18,0.29,0.01,0.32
 "91000","New England",1,SQGDP11,79,"72","   Accommodation and food services ","Percentage points",0.04,0.07,-0.03,-0.01,-0.12,-0.03,-0.09,-0.07,-0.09,-0.15,0.03,-0.06,0.04,-0.05,-0.09,-0.25,-0.05,0.05,0.14,0.14,0.24,0.19,-0.01,-0.02,0.22,0.16,-0.10,0.20,0.00,0.00,0.13,0.13,-0.08,-0.05,0.11,-0.29,0.10,0.16,0.13,0.20,0.28,0.09,0.14,-0.01,-0.01,0.18,-0.08,0.42,0.03,-0.06,-0.03,0.06,0.20,-0.06,0.18,0.54,-0.04,0.01,-0.25,-1.16,-5.06,4.60,-0.52,0.74,1.90,0.67,0.16,-0.10,0.30,-0.04,-0.39,0.14
 "91000","New England",1,SQGDP11,82,"81","   Other services (except government and government enterprises) ","Percentage points",0.03,0.02,0.00,-0.01,0.00,-0.06,-0.09,-0.12,-0.07,-0.07,-0.12,-0.14,-0.14,-0.06,-0.07,-0.23,-0.15,-0.06,0.01,-0.22,0.11,0.11,-0.05,-0.20,0.03,-0.01,0.06,-0.06,0.06,0.05,-0.03,-0.10,-0.05,-0.03,0.08,0.02,0.16,0.12,0.01,-0.09,0.06,-0.13,0.04,0.02,-0.01,-0.02,-0.09,0.02,-0.02,0.06,0.01,0.20,0.06,-0.02,0.00,0.06,-0.07,0.06,-0.06,-0.26,-1.60,1.39,0.22,-0.12,0.38,0.29,0.14,0.10,0.03,0.05,-0.05,-0.01
 "91000","New England",1,SQGDP11,83,"..."," Government and government enterprises ","Percentage points",0.49,0.13,0.40,-0.37,0.05,0.11,0.10,0.05,0.47,0.24,0.01,0.60,-0.08,-0.10,-0.38,-0.61,0.09,-0.39,0.41,-1.22,0.72,-0.10,0.51,0.20,0.31,-0.12,-0.60,-0.62,-0.61,0.03,-0.25,0.48,-0.09,-0.18,-0.30,0.35,0.01,0.12,-0.24,-0.03,0.14,0.17,0.37,-0.77,0.39,0.01,0.02,0.13,0.05,-0.01,0.26,-0.31,0.05,0.05,-0.14,-0.39,0.15,-0.01,0.14,-0.19,-1.53,0.64,0.58,-0.88,0.91,0.22,0.20,0.05,-0.22,0.05,0.21,0.12
 "91000","New England",1,SQGDP11,84,"...","  Federal civilian ","Percentage points",-0.11,-0.06,0.03,0.02,0.04,0.02,0.01,0.02,0.01,0.08,0.02,0.05,0.03,0.02,-0.02,-0.04,0.09,-0.07,-0.08,0.00,0.18,-0.23,-0.05,-0.01,-0.06,0.00,0.02,0.00,0.00,0.04,-0.02,0.00,-0.03,-0.11,0.02,0.12,0.05,0.01,0.03,0.07,0.05,0.00,0.02,0.06,0.01,0.05,0.04,0.04,0.03,0.06,0.01,0.01,0.04,-0.02,-0.01,-0.08,0.12,0.05,0.05,0.07,0.05,0.40,-0.20,0.04,0.00,-0.01,-0.01,0.02,-0.02,-0.02,0.08,0.08
 "91000","New England",1,SQGDP11,85,"...","  Military ","Percentage points",0.07,0.04,0.24,-0.07,0.06,0.06,0.10,0.05,0.15,0.18,-0.01,0.11,-0.01,-0.04,-0.16,-0.08,-0.18,-0.09,-0.05,-0.06,-0.07,-0.11,-0.04,-0.11,-0.04,-0.07,-0.01,-0.07,-0.03,-0.02,-0.05,-0.02,-0.02,-0.05,-0.12,-0.08,-0.03,0.02,-0.02,-0.12,0.02,-0.02,-0.07,0.09,-0.06,-0.06,-0.03,-0.02,-0.02,0.00,-0.02,-0.20,-0.08,-0.03,0.11,-0.22,0.07,-0.01,0.00,-0.02,0.03,-0.07,0.00,0.13,-0.01,-0.14,-0.05,0.41,-0.14,-0.12,0.03,-0.01
 "91000","New England",1,SQGDP11,86,"...","  State and local ","Percentage points",0.53,0.15,0.14,-0.32,-0.05,0.03,-0.01,-0.02,0.31,-0.02,-0.01,0.44,-0.10,-0.08,-0.20,-0.49,0.17,-0.23,0.53,-1.16,0.62,0.25,0.60,0.32,0.41,-0.05,-0.60,-0.54,-0.58,0.00,-0.18,0.51,-0.04,-0.02,-0.19,0.30,0.00,0.09,-0.25,0.02,0.07,0.19,0.42,-0.92,0.44,0.02,0.01,0.11,0.03,-0.07,0.28,-0.11,0.09,0.10,-0.23,-0.09,-0.04,-0.05,0.10,-0.25,-1.61,0.31,0.78,-1.06,0.92,0.37,0.25,-0.38,-0.06,0.18,0.09,0.05
 "92000","Mideast",2,SQGDP11,1,"...","All industry total (percent change) ","Percent change",3.2,4.0,3.5,1.0,0.3,-0.6,2.7,5.0,-3.0,1.1,1.7,4.0,0.4,-1.1,-8.6,-1.7,7.0,3.0,5.1,2.9,4.4,-0.7,-0.9,1.1,0.2,-0.1,4.3,3.6,2.2,2.4,-0.7,-1.2,0.7,1.5,3.1,-1.7,3.6,3.6,1.5,1.5,2.8,0.2,-1.7,6.4,1.1,-0.4,0.8,0.9,-0.4,3.0,3.9,0.9,2.8,2.7,-0.9,3.0,3.9,1.7,0.4,-5.4,-32.8,33.2,2.7,6.5,5.7,4.0,7.6,-0.6,-0.1,2.7,1.0,1.3
 "92000","Mideast",2,SQGDP11,2,"..."," Private industries ","Percentage points",2.81,3.53,3.37,2.15,-0.15,-0.34,2.35,4.91,-3.36,1.15,1.71,3.55,0.07,-1.15,-8.57,-1.53,6.55,3.06,4.43,2.91,4.31,-0.50,-1.05,1.61,-0.19,0.18,4.81,3.72,2.52,2.11,-0.63,-1.85,0.88,1.71,3.31,-1.52,3.52,3.59,1.86,1.62,2.83,0.01,-1.72,6.65,1.07,-0.73,0.69,0.73,-0.49,2.99,3.80,0.02,2.58,2.56,-0.81,3.39,3.47,1.71,0.14,-5.53,-31.21,32.91,2.63,5.93,5.76,3.32,7.93,-1.51,-0.22,2.70,0.93,1.10
 "92000","Mideast",2,SQGDP11,3,"11","   Agriculture, forestry, fishing and hunting ","Percentage points",0.06,0.06,0.06,-0.03,0.06,-0.10,-0.07,-0.01,-0.07,-0.06,-0.08,(D),-0.03,0.03,0.17,-0.07,0.01,0.08,-0.07,0.02,0.02,-0.04,-0.05,-0.06,-0.01,0.00,0.03,0.06,-0.08,-0.05,-0.05,0.08,0.16,0.02,0.04,0.05,-0.03,0.07,0.03,-0.13,0.03,0.03,-0.02,0.05,-0.03,-0.01,-0.04,0.15,-0.04,-0.01,0.03,-0.06,0.05,-0.04,-0.04,0.13,-0.03,-0.03,0.05,(D),-0.26,0.33,-0.09,(D),-0.12,0.00,0.13,0.03,-0.05,-0.02,0.05,-0.02
 "92000","Mideast",2,SQGDP11,6,"21","   Mining, quarrying, and oil and gas extraction ","Percentage points",0.04,-0.11,-0.03,0.09,-0.02,0.04,0.08,0.01,0.03,0.03,-0.07,(D),-0.02,0.00,0.26,0.06,-0.08,0.02,-0.02,-0.06,0.23,0.07,0.06,-0.06,0.04,0.10,0.17,0.15,-0.02,-0.12,-0.11,0.05,-0.02,0.03,0.12,0.11,0.20,0.15,0.19,0.05,-0.13,0.05,0.01,0.05,-0.14,-0.01,-0.06,0.01,0.09,0.01,-0.01,-0.10,0.08,-0.06,0.04,0.04,0.07,0.04,-0.02,(D),-0.04,-0.01,-0.08,0.03,-0.20,-0.04,-0.06,-0.01,-0.04,0.08,0.08,0.02
 "92000","Mideast",2,SQGDP11,10,"22","   Utilities ","Percentage points",-0.20,0.02,0.04,-0.18,0.38,0.13,-0.19,0.22,0.05,-0.01,-0.08,0.10,0.48,-0.09,-0.79,-0.31,0.47,0.21,0.35,0.73,-0.29,-0.12,0.02,0.00,0.34,-0.25,0.37,-0.30,-0.02,0.03,0.07,0.05,-0.06,-0.13,-0.19,-0.01,0.09,0.12,-0.13,-0.08,0.15,0.20,-0.21,0.18,-0.13,0.07,0.09,-0.10,0.12,-0.21,0.24,0.04,0.13,-0.28,-0.06,-0.09,0.22,-0.19,0.26,(D),-0.07,0.24,-0.42,(D),-0.01,-0.24,-0.14,0.15,-0.01,-0.33,0.06,-0.06
 "92000","Mideast",2,SQGDP11,11,"23","   Construction ","Percentage points",-0.36,-0.29,-0.33,0.45,-0.34,-0.33,-0.38,0.17,0.37,-0.03,-0.21,-0.17,-0.01,0.10,-0.64,-1.12,-0.01,0.39,-0.45,-0.39,0.35,-0.13,-0.17,-0.15,0.24,-0.01,0.28,0.25,-0.33,-0.06,0.23,0.32,-0.20,0.08,-0.07,-0.20,0.44,-0.01,0.14,-0.24,0.56,0.08,-0.02,0.32,-0.16,-0.06,0.25,(D),-0.07,0.02,0.28,(D),-0.18,-0.15,-0.12,0.38,-0.12,-0.07,-0.31,0.09,-2.34,2.38,0.02,0.40,0.12,-0.63,-0.76,0.17,-0.72,-0.77,-0.14,0.18
 "92000","Mideast",2,SQGDP11,12,"31-33","   Manufacturing ","Percentage points",-0.45,-0.10,0.90,0.79,0.13,-0.10,0.85,-1.00,0.85,0.17,0.91,-0.77,0.64,-0.79,-2.05,-1.73,0.44,0.24,0.77,0.50,-0.65,-0.01,-0.44,-0.89,-0.11,-0.79,0.30,-0.12,-0.69,-0.55,-0.61,1.41,-0.02,0.28,0.33,-0.05,0.86,0.08,0.23,-0.09,-0.37,0.36,-0.84,1.27,-0.31,-0.32,-0.12,(D),0.30,-0.02,0.24,(D),0.06,0.25,0.87,-0.36,0.79,0.88,0.03,(D),-2.74,3.02,0.07,0.29,-0.12,-0.09,0.88,-0.26,-0.71,0.11,0.27,-0.39
 "92000","Mideast",2,SQGDP11,13,"321,327-339","     Durable goods manufacturing ","Percentage points",-0.07,0.10,0.47,0.20,0.15,-0.05,0.08,-0.34,0.44,0.38,0.38,0.30,0.38,0.00,-0.76,-1.06,-0.45,-0.04,0.26,0.21,0.40,0.48,0.15,-0.24,0.55,-0.15,0.28,-0.27,-0.09,0.03,0.05,0.53,-0.08,0.16,-0.04,-0.45,0.09,0.13,0.06,0.06,-0.04,0.25,-0.24,0.05,-0.22,-0.10,0.37,(D),0.10,0.18,0.45,(D),0.01,0.03,0.06,-0.07,0.08,0.00,-0.17,(D),-1.45,1.73,0.15,0.17,0.05,-0.15,0.51,-0.16,-0.05,-0.05,0.23,-0.15
 "92000","Mideast",2,SQGDP11,25,"311-316,322-326","     Nondurable goods manufacturing ","Percentage points",-0.38,-0.20,0.43,0.59,-0.03,-0.05,0.77,-0.66,0.41,-0.22,0.53,-1.07,0.25,-0.79,-1.29,-0.67,0.90,0.28,0.51,0.29,-1.06,-0.49,-0.59,-0.65,-0.66,-0.64,0.02,0.16,-0.60,-0.58,-0.65,0.88,0.06,0.11,0.37,0.40,0.78,-0.05,0.17,-0.16,-0.33,0.11,-0.60,1.21,-0.09,-0.22,-0.48,(D),0.19,-0.20,-0.21,(D),0.05,0.22,0.81,-0.29,0.71,0.89,0.21,-0.48,-1.29,1.29,-0.07,0.12,-0.16,0.06,0.36,-0.10,-0.66,0.16,0.04,-0.24
 "92000","Mideast",2,SQGDP11,34,"42","   Wholesale trade ","Percentage points",0.02,0.19,0.54,-0.29,0.12,-0.05,0.08,0.06,0.71,-0.35,0.29,-0.19,-0.07,-0.20,-1.11,-1.36,-0.74,0.14,1.05,-0.18,0.84,0.59,-0.07,-0.05,-0.48,-0.39,0.98,-0.36,0.45,0.33,-0.40,0.07,-0.04,0.20,0.20,-0.02,-0.04,0.65,0.17,0.42,0.28,0.01,-0.15,-0.65,-0.19,0.09,-0.20,0.12,-0.31,0.22,0.00,0.21,-0.15,0.02,-0.26,0.46,-0.41,-0.08,-0.20,0.64,-2.41,2.77,-0.12,0.62,0.26,-0.28,0.35,0.05,-0.40,0.34,0.13,-0.19
 "92000","Mideast",2,SQGDP11,35,"44-45","   Retail trade ","Percentage points",0.58,0.65,-0.89,0.14,0.10,-0.53,0.33,-0.25,-0.52,-0.02,0.21,-0.32,-0.15,-0.19,-0.45,-0.30,0.01,-0.05,0.54,-0.09,0.31,0.18,0.03,0.02,0.07,-0.34,0.39,-0.19,-0.43,0.46,-0.02,0.52,-0.12,-0.07,0.06,-0.03,0.31,0.11,-0.23,0.18,0.43,0.00,0.17,0.21,-0.01,0.23,0.09,-0.02,0.14,0.46,-0.15,0.43,-0.15,0.24,-0.39,0.69,-0.01,0.07,-0.34,-0.22,-2.73,3.07,-0.26,1.21,-0.69,-0.78,0.44,-0.60,0.15,0.28,0.26,0.50
 "92000","Mideast",2,SQGDP11,36,"48-49","   Transportation and warehousing ","Percentage points",0.17,0.50,0.13,-0.09,0.20,-0.15,-0.12,-0.09,0.16,-0.18,0.26,-0.06,0.03,-0.09,-0.20,-0.47,0.27,0.04,0.23,-0.07,0.20,0.31,0.21,-0.17,0.08,-0.11,0.05,-0.04,-0.15,0.00,-0.09,0.12,-0.01,0.08,0.24,-0.14,0.06,0.21,-0.11,0.20,0.14,0.20,0.05,-0.15,0.16,0.10,0.16,0.21,0.05,-0.03,0.01,0.47,-0.11,0.05,0.11,-0.14,0.09,0.10,-0.24,-0.31,-2.24,1.42,0.18,0.48,-0.21,0.49,0.25,-0.46,0.08,0.34,0.03,0.04
 "92000","Mideast",2,SQGDP11,45,"51","   Information ","Percentage points",0.36,0.08,0.51,-2.19,1.00,0.91,-0.34,1.83,0.58,0.54,0.07,2.42,0.58,-0.17,-0.91,0.38,0.36,-0.01,1.02,0.60,0.43,0.95,-0.76,-0.25,0.37,0.05,0.69,-0.47,0.80,-0.30,0.09,0.95,0.20,0.36,-0.29,-0.37,0.32,-0.23,0.33,1.15,0.31,0.97,0.35,1.22,0.64,-0.67,0.25,-0.39,0.26,0.58,0.26,1.10,0.58,0.74,0.39,-0.61,0.57,0.47,0.11,-0.04,-0.66,1.81,0.26,0.86,1.16,0.35,1.19,-0.15,-0.25,0.87,0.36,0.41
 "92000","Mideast",2,SQGDP11,51,"52","   Finance and insurance ","Percentage points",1.66,1.52,1.71,2.92,-2.14,-0.47,0.34,2.69,-6.03,-0.90,-3.11,0.40,-3.95,-1.17,-2.92,10.13,7.19,2.09,-0.13,-0.21,-0.19,-4.46,-1.42,3.62,-3.05,1.89,0.41,2.38,2.86,1.49,0.85,-6.09,0.83,-0.49,1.83,-0.68,0.46,0.33,1.20,-0.28,1.65,-2.70,-1.36,2.53,1.16,0.26,-0.82,-0.76,-2.27,0.97,1.64,-3.18,0.71,0.99,-1.99,1.64,1.38,-0.36,1.54,-1.43,1.81,1.77,0.76,-0.76,0.43,0.17,2.45,-1.25,0.13,-0.41,-0.80,-0.69
 "92000","Mideast",2,SQGDP11,56,"53","   Real estate and rental and leasing ","Percentage points",0.98,-0.28,0.46,-0.93,-0.20,0.85,1.12,0.55,0.91,0.50,2.10,1.01,1.13,0.26,-0.12,-2.49,-0.76,0.07,0.30,1.58,1.83,0.76,0.73,-0.84,1.13,-0.14,1.00,-0.29,0.44,0.52,0.05,-0.10,0.10,0.71,0.04,-0.09,-0.23,0.00,-0.16,-0.40,-0.39,-0.13,-0.19,0.51,0.22,-0.31,0.05,0.16,0.16,-0.01,-0.04,0.24,0.15,-0.04,0.16,0.09,-0.03,0.16,-0.64,-0.22,-2.39,1.35,-0.23,0.64,0.35,0.61,0.46,0.28,-0.11,0.24,-0.50,-0.03
 "92000","Mideast",2,SQGDP11,60,"54","   Professional, scientific, and technical services ","Percentage points",-0.25,0.53,0.22,0.44,0.12,-0.13,0.31,0.49,0.08,0.81,1.01,0.77,0.67,0.57,-0.28,-1.76,-0.93,-0.26,-0.22,0.21,0.25,0.57,0.46,0.06,0.72,0.28,0.24,0.83,0.12,0.13,-0.79,0.42,-0.32,0.31,0.30,0.13,0.40,1.21,-0.03,0.39,-0.08,0.43,0.21,0.75,-0.04,-0.39,0.56,-0.13,0.30,0.51,0.30,0.02,0.47,0.37,-0.02,0.24,0.29,0.39,0.22,-0.12,-2.30,2.11,0.45,0.85,1.25,1.48,1.01,-0.01,0.31,0.67,0.55,0.04
 "92000","Mideast",2,SQGDP11,64,"55","   Management of companies and enterprises ","Percentage points",-0.05,0.04,-0.12,0.29,0.05,0.02,-0.02,0.23,-0.44,0.26,-0.02,-0.16,0.18,-0.07,0.06,-1.15,0.38,0.39,0.28,0.39,-0.07,0.01,0.14,0.47,-0.34,-0.01,-0.01,0.35,0.06,0.14,0.04,-0.27,0.57,0.03,0.16,0.11,-0.20,0.01,-0.07,0.28,-0.04,0.10,0.06,-0.31,0.13,0.07,-0.16,0.37,0.11,0.23,0.28,-0.18,0.14,0.26,-0.06,0.32,0.13,0.04,-0.02,-0.09,-0.40,0.33,0.56,0.36,-0.02,0.06,0.44,-0.01,0.17,0.06,0.19,-0.06
 "92000","Mideast",2,SQGDP11,65,"56","   Administrative and support and waste management and remediation services ","Percentage points",0.15,-0.01,0.05,-0.20,-0.07,0.05,0.07,0.12,0.20,0.23,0.13,-0.30,0.08,-0.01,-0.15,-0.57,-0.12,-0.07,0.24,0.57,-0.04,0.11,0.14,-0.12,0.16,0.05,-0.11,0.41,-0.21,0.03,0.04,0.15,-0.01,0.18,0.00,0.04,0.17,0.08,0.06,0.11,0.08,-0.04,-0.05,-0.01,-0.18,0.10,0.18,0.37,0.26,0.09,0.33,-0.02,0.13,0.11,0.16,0.27,0.12,0.07,-0.04,-0.62,-1.57,0.94,0.87,-0.17,0.57,0.39,0.25,0.40,0.16,0.12,-0.01,0.03
 "92000","Mideast",2,SQGDP11,69,"61","   Educational services ","Percentage points",-0.10,0.04,-0.05,0.09,0.12,-0.04,0.00,-0.03,-0.01,0.09,0.05,0.08,0.13,0.18,0.09,0.34,0.08,-0.06,0.07,0.01,0.12,0.02,0.01,0.04,0.00,-0.10,0.02,0.06,0.06,0.02,-0.14,-0.03,0.00,0.00,0.14,-0.12,0.06,0.08,-0.03,0.21,-0.04,0.07,0.13,0.10,0.04,-0.04,0.05,-0.14,-0.04,0.03,0.01,0.10,0.07,0.04,0.12,-0.05,0.09,-0.08,-0.05,-0.17,-0.76,0.36,-0.27,0.34,0.05,0.24,0.08,0.13,-0.06,0.10,-0.06,0.07
 "92000","Mideast",2,SQGDP11,70,"62","   Health care and social assistance ","Percentage points",0.04,0.50,0.21,0.49,0.25,-0.28,0.18,-0.19,-0.03,0.16,0.23,0.67,0.41,0.43,0.64,-0.27,0.20,-0.09,0.34,-0.46,0.35,0.31,-0.09,0.09,0.27,-0.03,0.19,0.13,-0.15,0.11,0.10,0.36,-0.12,0.08,0.12,0.00,0.25,0.43,0.31,0.10,0.13,0.30,0.09,0.35,-0.04,0.04,0.33,0.10,0.30,0.03,0.36,0.46,0.10,0.21,0.28,0.34,0.28,0.19,0.14,-0.31,-3.74,5.12,0.61,-0.49,0.27,-0.06,0.63,0.17,0.44,0.40,0.41,0.74
 "92000","Mideast",2,SQGDP11,76,"71","   Arts, entertainment, and recreation ","Percentage points",0.03,0.04,-0.09,0.35,0.03,-0.11,0.20,0.12,-0.01,0.07,0.00,0.10,0.08,0.08,0.07,0.06,-0.06,0.07,0.01,-0.01,0.23,0.06,0.16,-0.23,0.08,0.06,-0.13,0.39,-0.07,-0.06,0.07,-0.04,0.06,0.01,0.08,0.12,0.11,0.02,-0.03,-0.24,-0.06,0.07,0.05,0.21,0.01,0.01,0.14,-0.01,0.14,0.12,-0.01,0.07,0.15,-0.03,-0.05,-0.15,0.05,0.07,0.05,-0.89,-2.33,1.14,0.52,0.45,0.41,0.58,0.41,-0.07,0.26,0.35,0.02,0.20
 "92000","Mideast",2,SQGDP11,79,"72","   Accommodation and food services ","Percentage points",0.12,0.08,0.02,0.06,0.01,0.01,-0.04,-0.02,-0.08,-0.10,0.10,-0.02,0.00,-0.04,-0.22,-0.55,-0.08,0.01,0.16,-0.06,0.36,0.19,0.06,0.14,0.24,0.00,-0.03,0.26,-0.06,-0.02,0.04,0.30,-0.11,-0.03,0.13,-0.29,0.06,0.17,0.00,-0.09,0.17,0.07,0.04,-0.05,0.00,0.12,-0.01,0.28,-0.01,-0.04,-0.07,0.46,0.28,-0.18,0.05,0.26,0.03,0.00,-0.36,-1.12,-4.46,3.43,-0.30,0.68,1.90,0.85,-0.16,-0.16,0.33,0.23,0.04,0.31
 "92000","Mideast",2,SQGDP11,82,"81","   Other services (except government and government enterprises) ","Percentage points",0.02,0.05,0.04,-0.05,0.04,-0.06,-0.05,0.00,-0.11,-0.04,-0.10,-0.02,-0.11,0.01,-0.02,-0.35,-0.09,-0.14,-0.05,-0.15,0.04,0.12,-0.05,-0.02,0.03,-0.07,-0.02,0.21,-0.06,0.01,0.00,-0.09,-0.01,0.03,0.07,-0.07,0.22,0.10,-0.01,0.08,-0.01,-0.09,-0.05,0.07,-0.07,-0.01,-0.04,-0.02,0.02,0.05,0.10,0.07,0.07,0.06,0.00,-0.06,-0.03,0.04,-0.05,-0.38,-1.56,1.35,0.10,-0.05,0.35,0.22,0.10,0.09,0.08,0.02,-0.01,0.00
 "92000","Mideast",2,SQGDP11,83,"..."," Government and government enterprises ","Percentage points",0.40,0.48,0.09,-1.18,0.49,-0.28,0.36,0.08,0.35,-0.06,0.00,0.43,0.37,0.04,-0.04,-0.20,0.44,-0.03,0.66,0.01,0.05,-0.24,0.12,-0.49,0.36,-0.28,-0.55,-0.10,-0.37,0.33,-0.04,0.66,-0.20,-0.23,-0.16,-0.14,0.11,0.04,-0.40,-0.15,-0.08,0.16,0.02,-0.20,0.04,0.38,0.13,0.13,0.12,-0.04,0.11,0.84,0.27,0.14,-0.05,-0.36,0.42,-0.02,0.25,0.12,-1.55,0.32,0.04,0.57,-0.07,0.71,-0.31,0.90,0.09,0.03,0.07,0.21
 "92000","Mideast",2,SQGDP11,84,"...","  Federal civilian ","Percentage points",0.04,-0.03,0.09,-0.09,-0.03,-0.01,0.02,0.00,0.07,0.10,0.04,0.08,0.06,0.10,0.01,0.10,0.09,0.16,0.06,0.14,0.38,-0.14,-0.09,0.14,0.02,-0.04,-0.03,0.01,-0.06,-0.02,-0.06,0.03,-0.05,-0.21,0.03,0.20,0.02,0.02,0.03,0.04,0.04,0.06,0.08,0.17,0.02,0.06,0.04,0.06,0.04,0.07,0.03,0.02,0.06,0.03,-0.09,-0.17,0.27,0.09,0.06,0.05,0.16,0.28,-0.02,0.04,-0.01,-0.01,-0.10,-0.01,-0.02,-0.05,0.08,0.13
 "92000","Mideast",2,SQGDP11,85,"...","  Military ","Percentage points",0.00,-0.01,0.02,-0.07,0.03,0.04,-0.03,-0.04,-0.02,0.03,0.01,0.05,0.05,0.06,0.04,0.02,0.01,-0.01,0.01,0.04,-0.01,-0.01,0.00,0.00,0.01,0.01,0.02,-0.01,-0.01,-0.01,-0.01,0.00,-0.01,0.01,-0.07,0.02,-0.01,-0.03,-0.04,0.02,-0.01,-0.01,-0.02,0.05,0.00,0.00,0.00,0.01,-0.03,-0.01,-0.01,-0.06,-0.04,0.00,0.00,-0.06,0.06,0.01,0.00,-0.03,0.06,0.01,0.00,0.10,-0.01,-0.05,-0.06,0.08,0.04,-0.02,-0.01,-0.01
 "92000","Mideast",2,SQGDP11,86,"...","  State and local ","Percentage points",0.37,0.52,-0.02,-1.02,0.49,-0.32,0.38,0.12,0.31,-0.20,-0.06,0.30,0.27,-0.12,-0.09,-0.33,0.33,-0.18,0.59,-0.17,-0.32,-0.09,0.21,-0.63,0.32,-0.24,-0.53,-0.10,-0.30,0.36,0.03,0.63,-0.13,-0.03,-0.12,-0.36,0.11,0.05,-0.40,-0.20,-0.11,0.12,-0.04,-0.43,0.01,0.32,0.09,0.06,0.12,-0.10,0.09,0.88,0.24,0.12,0.03,-0.13,0.09,-0.12,0.20,0.10,-1.76,0.03,0.07,0.43,-0.05,0.77,-0.15,0.83,0.07,0.10,0.01,0.09
 "93000","Great Lakes",3,SQGDP11,1,"...","All industry total (percent change) ","Percent change",2.0,1.6,-0.2,2.1,0.7,-0.6,0.2,1.1,1.4,1.2,0.1,-3.9,0.6,-5.3,-12.5,-9.3,-0.5,1.7,5.7,-0.1,6.8,5.9,1.6,-0.4,1.8,1.0,6.6,0.8,1.0,-1.3,-2.7,6.1,-1.5,2.4,2.7,-0.3,6.9,3.5,-0.1,-0.7,2.0,0.5,0.7,-0.8,2.6,0.9,2.0,-1.2,1.5,1.9,1.9,3.7,1.1,2.1,-0.1,0.7,1.4,2.7,-0.3,-6.7,-33.2,43.3,3.7,6.4,7.2,0.7,6.6,1.3,-2.1,1.3,0.7,1.0
 "93000","Great Lakes",3,SQGDP11,2,"..."," Private industries ","Percentage points",1.65,1.71,-0.21,1.91,0.53,-0.66,0.82,1.34,2.01,1.34,0.16,-4.39,0.34,-5.37,-12.06,-8.83,-0.76,1.61,5.25,-0.15,6.59,6.10,1.59,0.33,2.03,0.99,6.89,0.51,1.60,-1.45,-2.54,6.48,-1.47,2.80,2.92,-0.28,6.63,4.00,-0.45,-0.18,1.81,0.94,0.48,-0.65,2.52,0.66,1.98,-1.28,1.51,1.53,2.21,3.88,1.20,1.92,0.10,0.98,0.97,2.36,-0.73,-6.52,-31.37,42.27,3.29,7.09,6.78,0.29,6.50,1.39,-1.98,1.15,0.58,0.68
 "93000","Great Lakes",3,SQGDP11,3,"11","   Agriculture, forestry, fishing and hunting ","Percentage points",0.16,-0.01,-0.03,0.52,0.10,-0.27,-0.01,0.20,-0.25,-0.14,0.18,0.35,-0.10,-0.09,0.48,-0.52,0.18,0.42,0.17,-0.46,-0.02,-0.15,-0.12,0.80,-0.40,0.22,0.26,-1.02,0.34,-0.29,-0.53,2.49,0.04,-0.28,-0.20,-0.51,0.30,-0.12,0.33,-1.05,0.15,0.26,0.27,0.37,-0.16,-0.14,-0.18,0.55,-0.26,-0.22,-0.10,0.16,0.29,0.16,0.18,-0.92,0.15,0.14,-0.28,(D),-0.51,0.20,-0.09,(D),0.66,-0.03,-0.23,0.46,0.11,-0.25,-0.50,0.84
 "93000","Great Lakes",3,SQGDP11,6,"21","   Mining, quarrying, and oil and gas extraction ","Percentage points",0.03,-0.18,0.01,0.14,0.00,0.07,-0.03,0.04,-0.01,-0.07,-0.09,-0.05,-0.08,0.02,0.38,0.04,-0.07,-0.12,-0.08,-0.17,0.21,0.16,-0.15,-0.01,0.07,-0.08,0.05,-0.05,0.08,-0.08,0.12,0.07,0.04,0.15,0.14,-0.06,0.08,0.13,0.23,0.20,-0.06,0.09,0.02,0.03,-0.22,-0.09,-0.08,-0.04,0.09,0.03,0.02,-0.03,0.02,-0.04,-0.08,0.06,0.01,0.01,0.06,(D),-0.08,-0.02,-0.14,(D),-0.18,-0.03,-0.08,-0.07,-0.03,0.08,0.08,0.03
 "93000","Great Lakes",3,SQGDP11,10,"22","   Utilities ","Percentage points",-0.16,0.09,-0.06,-0.23,0.60,0.03,0.02,-0.23,0.38,-0.01,-0.05,0.28,0.53,-0.06,-0.98,-0.10,-0.02,0.27,0.33,0.30,0.13,0.55,-0.40,-0.22,0.50,-0.20,0.90,-0.58,0.18,0.06,-0.26,0.17,-0.07,-0.21,-0.15,0.04,-0.08,0.10,-0.15,-0.42,0.50,0.00,0.11,0.12,0.02,0.22,-0.05,-0.20,0.06,-0.09,0.05,-0.16,0.20,-0.24,0.00,-0.06,0.24,-0.21,0.30,-0.01,0.04,-0.03,-0.10,-0.31,0.20,-0.03,-0.30,0.04,0.00,-0.34,-0.02,-0.08
 "93000","Great Lakes",3,SQGDP11,11,"23","   Construction ","Percentage points",-0.63,-0.71,-0.36,0.27,-0.71,-0.70,-0.61,0.01,0.43,-0.26,-0.59,-0.69,-0.20,0.21,-0.88,-1.25,-0.59,0.36,-0.97,0.11,0.20,-0.19,-0.05,-0.01,0.22,0.07,-0.06,0.41,0.10,-0.18,0.31,0.31,-0.13,0.17,-0.13,-0.19,0.14,0.07,0.24,-0.16,0.36,0.03,-0.05,0.35,-0.18,-0.32,0.34,0.48,-0.03,0.01,0.04,0.06,-0.21,0.06,-0.14,0.14,-0.08,0.01,0.03,-0.19,-1.16,1.40,0.16,0.52,-0.01,-0.49,-0.66,0.17,-0.83,-0.72,-0.09,0.05
 "93000","Great Lakes",3,SQGDP11,12,"31-33","   Manufacturing ","Percentage points",-0.80,0.05,1.17,0.00,0.29,0.21,0.73,1.02,1.27,0.84,-0.22,-3.19,0.17,-2.67,-5.07,-7.37,0.38,1.37,3.51,1.66,2.49,2.56,0.29,1.31,-0.17,-0.18,1.83,0.57,-0.66,-1.78,-0.19,1.90,-0.53,1.29,0.94,-0.39,2.41,0.43,-1.03,-0.99,-1.29,0.10,-0.92,0.28,1.28,0.16,-0.46,-0.57,1.29,-0.07,1.45,0.93,0.20,-0.28,0.21,-0.29,0.70,0.16,-0.62,-1.63,-8.32,12.69,0.24,1.93,1.55,-0.68,2.33,0.47,-1.76,-0.24,0.44,-1.11
 "93000","Great Lakes",3,SQGDP11,13,"321,327-339","     Durable goods manufacturing ","Percentage points",-0.34,0.31,1.12,-0.30,0.39,0.03,-0.20,1.25,0.73,0.82,-0.71,-1.13,-0.22,-1.93,-4.26,-7.35,-2.05,0.46,2.31,2.40,4.28,3.28,0.36,0.82,-0.49,0.20,1.70,0.56,0.02,-0.55,0.74,0.42,-0.59,0.33,0.51,-1.37,1.22,0.37,-0.59,-0.09,-0.21,-0.06,-0.32,-0.10,0.53,0.10,-0.24,-0.17,0.60,0.52,0.60,0.14,0.24,-0.24,0.08,0.08,0.14,-0.48,-0.31,-1.13,-6.33,9.24,0.84,1.05,2.09,-0.55,1.47,0.59,-0.72,-0.17,0.52,-0.71
 "93000","Great Lakes",3,SQGDP11,25,"311-316,322-326","     Nondurable goods manufacturing ","Percentage points",-0.46,-0.26,0.05,0.30,-0.09,0.18,0.93,-0.23,0.54,0.02,0.48,-2.06,0.38,-0.74,-0.81,-0.02,2.43,0.90,1.20,-0.74,-1.79,-0.72,-0.07,0.49,0.32,-0.38,0.13,0.01,-0.68,-1.23,-0.93,1.48,0.06,0.96,0.43,0.97,1.19,0.05,-0.44,-0.90,-1.08,0.16,-0.60,0.38,0.74,0.06,-0.23,-0.40,0.69,-0.59,0.85,0.79,-0.03,-0.05,0.13,-0.37,0.57,0.63,-0.31,-0.50,-1.99,3.45,-0.60,0.87,-0.54,-0.13,0.87,-0.12,-1.04,-0.07,-0.08,-0.40
 "93000","Great Lakes",3,SQGDP11,34,"42","   Wholesale trade ","Percentage points",0.18,-0.05,0.57,0.01,-0.03,-0.03,0.12,-0.05,0.56,0.01,0.57,0.11,0.13,-0.26,-1.20,-1.81,-1.13,-0.20,0.94,0.01,0.97,0.97,-0.26,-0.02,-0.31,-0.05,1.45,-0.50,0.67,0.07,-0.45,0.63,-0.19,0.18,0.29,-0.28,0.60,0.98,-0.01,0.08,0.42,0.03,-0.28,-0.45,0.31,0.24,0.00,-0.07,-0.06,0.10,-0.02,0.50,-0.50,0.19,-0.15,0.00,-0.71,0.22,0.05,0.34,-1.84,3.28,0.05,0.84,-0.11,-0.55,0.61,0.03,-0.72,0.33,0.18,-0.15
 "93000","Great Lakes",3,SQGDP11,35,"44-45","   Retail trade ","Percentage points",0.59,0.43,-1.04,0.06,0.15,-0.73,0.19,-0.22,-0.63,-0.07,0.52,-0.58,0.01,-0.26,-0.47,-0.13,-0.17,-0.38,0.53,-0.35,0.42,-0.12,0.13,-0.01,-0.03,-0.17,0.25,-0.17,-0.45,0.51,-0.22,0.70,-0.18,-0.02,0.03,0.16,0.27,0.18,-0.24,0.48,0.30,0.33,0.07,0.12,0.07,0.27,0.23,-0.06,0.22,0.23,-0.01,0.17,-0.12,0.23,-0.15,0.25,0.10,0.24,-0.15,-0.36,-1.70,2.82,-0.19,1.45,-1.16,-0.83,0.38,-0.72,0.04,0.38,0.44,0.52
 "93000","Great Lakes",3,SQGDP11,36,"48-49","   Transportation and warehousing ","Percentage points",0.25,0.66,0.23,0.14,0.42,0.03,-0.29,-0.38,0.03,-0.16,0.31,-0.28,0.00,-0.26,-0.52,-0.57,0.15,-0.06,0.19,-0.10,0.38,0.42,0.45,-0.42,0.19,-0.14,0.06,0.02,-0.17,0.01,-0.04,0.23,-0.09,0.10,0.21,-0.17,0.08,0.26,-0.08,-0.20,0.33,0.29,0.03,-0.78,0.38,0.04,0.36,-0.04,0.08,0.06,0.07,0.54,-0.14,0.02,0.02,0.08,0.02,0.13,0.00,-0.15,-2.22,2.30,0.04,0.38,-0.49,0.50,0.26,-0.63,0.09,0.33,0.18,0.10
 "93000","Great Lakes",3,SQGDP11,45,"51","   Information ","Percentage points",0.08,-0.05,-0.20,-0.19,0.31,0.27,-0.01,0.26,0.22,0.26,0.10,0.15,0.32,0.22,-0.51,0.26,-0.03,-0.07,0.47,0.12,0.14,0.37,0.01,0.21,0.14,0.05,0.03,-0.35,0.12,-0.14,-0.19,0.78,0.02,0.29,-0.18,-0.63,0.27,0.01,0.06,0.40,0.14,0.25,0.30,0.09,0.04,0.01,-0.02,-0.07,-0.10,0.23,0.03,0.30,0.26,0.02,0.21,0.25,0.04,0.13,0.11,-0.18,-0.05,0.46,-0.07,0.12,0.95,0.24,0.23,0.55,0.11,0.52,0.13,0.24
 "93000","Great Lakes",3,SQGDP11,51,"52","   Finance and insurance ","Percentage points",0.51,0.61,-0.24,0.76,-0.31,0.60,-0.22,0.60,-0.13,-0.70,-1.66,-0.31,-1.42,-2.83,-2.64,6.47,2.21,0.51,-0.35,-1.89,-0.68,0.25,-0.01,-0.47,0.05,0.60,0.95,0.58,0.61,-0.14,-0.61,-2.15,-0.22,-0.16,1.04,1.71,1.59,0.37,0.28,0.85,1.12,-1.37,0.56,-1.48,1.15,0.27,0.49,-1.23,-1.28,0.57,-0.54,0.51,0.35,1.33,-0.68,1.21,0.45,0.57,0.34,-2.92,0.56,1.03,2.00,0.58,0.79,0.13,1.12,-0.36,0.38,-0.16,-0.48,-0.47
 "93000","Great Lakes",3,SQGDP11,56,"53","   Real estate and rental and leasing ","Percentage points",1.06,0.39,-0.37,-0.66,-0.71,0.37,1.22,0.25,0.17,1.11,0.33,-0.74,0.00,-0.54,-0.07,-0.32,-0.25,0.00,0.31,0.24,0.79,0.01,0.59,-0.97,1.05,0.01,0.97,-0.44,0.38,0.39,-0.57,0.73,-0.01,0.57,0.17,-0.36,0.13,0.26,-0.21,0.21,-0.42,0.03,-0.10,0.26,0.04,-0.02,-0.08,-0.18,0.53,-0.05,0.23,0.15,0.18,-0.03,0.26,-0.01,0.05,0.14,-0.30,-0.65,-1.37,1.21,-0.04,0.39,0.46,0.32,0.60,0.04,-0.37,0.07,-0.55,-0.25
 "93000","Great Lakes",3,SQGDP11,60,"54","   Professional, scientific, and technical services ","Percentage points",0.01,-0.14,0.20,0.21,0.13,0.01,0.04,-0.16,0.23,0.46,0.45,0.45,0.33,0.49,-0.13,-1.48,-0.66,-0.26,-0.08,0.06,0.50,0.57,0.37,0.21,0.12,0.25,0.08,0.32,0.41,0.05,-0.78,0.91,-0.41,0.22,0.26,0.06,0.39,0.57,-0.03,0.13,0.19,0.60,0.03,0.47,-0.22,0.10,0.21,0.03,0.23,0.29,0.18,0.60,0.58,-0.20,0.01,0.24,0.03,0.37,-0.09,-0.25,-1.77,2.21,0.33,0.57,1.24,0.50,0.58,0.58,0.19,0.51,0.53,0.06
 "93000","Great Lakes",3,SQGDP11,64,"55","   Management of companies and enterprises ","Percentage points",-0.09,-0.12,-0.22,0.04,0.07,0.00,-0.28,-0.07,-0.36,-0.21,-0.03,-0.01,0.22,0.14,-0.22,-0.74,0.01,0.22,-0.01,0.11,0.15,0.26,0.15,0.09,0.01,0.10,-0.02,0.81,-0.13,0.18,0.37,-0.28,0.26,0.09,0.07,0.30,0.02,0.05,-0.01,-0.30,0.06,0.08,0.04,0.32,-0.25,0.08,0.28,0.12,0.27,0.02,0.53,-0.24,-0.17,0.36,0.00,0.17,0.01,-0.08,-0.05,0.10,-0.21,0.56,0.47,-0.12,0.28,-0.20,0.47,-0.06,0.19,0.08,0.20,-0.06
 "93000","Great Lakes",3,SQGDP11,65,"56","   Administrative and support and waste management and remediation services ","Percentage points",0.08,0.06,0.00,0.05,-0.01,-0.08,0.03,0.16,0.24,0.27,0.14,-0.14,-0.01,-0.04,-0.25,-0.78,-0.41,-0.09,0.25,0.57,0.27,0.20,0.28,0.13,-0.01,0.16,0.09,0.27,0.12,-0.13,0.02,-0.01,0.10,0.16,0.18,0.02,0.14,0.06,0.02,-0.02,-0.12,0.07,-0.10,-0.36,-0.03,0.09,0.33,0.05,0.24,0.14,0.20,0.05,-0.01,0.13,0.14,-0.05,-0.03,-0.02,-0.10,-0.11,-1.68,1.73,0.41,0.86,0.05,0.46,0.46,0.52,0.12,-0.02,-0.21,0.02
 "93000","Great Lakes",3,SQGDP11,69,"61","   Educational services ","Percentage points",0.04,-0.01,0.01,0.14,0.03,0.03,0.03,-0.05,0.01,0.03,0.05,0.03,0.09,0.13,0.08,0.21,-0.02,0.02,0.01,0.05,0.09,-0.08,0.08,-0.01,0.00,0.00,-0.03,0.01,0.02,-0.05,-0.01,-0.08,-0.02,-0.01,0.03,-0.06,0.03,-0.01,-0.02,-0.04,-0.02,-0.01,0.04,0.06,0.03,-0.07,0.03,-0.09,-0.07,0.00,-0.03,0.07,-0.02,0.00,0.03,0.02,0.05,0.00,-0.13,-0.12,-0.44,0.19,-0.09,0.09,0.15,0.10,0.02,0.01,-0.08,0.02,0.08,-0.03
 "93000","Great Lakes",3,SQGDP11,70,"62","   Health care and social assistance ","Percentage points",0.32,0.49,0.15,0.57,0.26,-0.20,-0.01,-0.35,0.05,0.17,0.24,0.57,0.44,0.53,0.34,-0.15,0.00,-0.16,0.16,-0.68,0.43,0.13,0.13,-0.17,0.32,0.27,0.20,0.10,-0.09,0.05,0.28,0.08,0.03,0.26,-0.09,-0.02,0.02,0.32,0.17,0.46,0.14,0.18,0.26,0.25,0.28,-0.26,0.33,0.10,0.29,0.17,0.06,0.37,0.03,0.25,0.11,0.09,0.03,0.22,0.11,-0.19,-3.80,5.61,0.91,-1.07,0.51,0.00,0.58,0.30,0.22,0.36,0.34,0.62
 "93000","Great Lakes",3,SQGDP11,76,"71","   Arts, entertainment, and recreation ","Percentage points",-0.01,0.10,0.05,-0.10,0.03,-0.09,-0.03,0.08,-0.01,0.00,-0.07,0.03,-0.02,-0.01,-0.08,-0.09,0.04,-0.04,0.03,0.17,-0.02,0.00,0.11,-0.22,0.10,0.09,-0.08,0.14,0.09,0.06,0.13,-0.01,0.09,-0.05,0.13,-0.06,0.00,0.03,-0.04,0.04,-0.08,-0.08,0.16,-0.09,0.03,0.06,0.16,-0.15,0.08,0.08,-0.06,0.03,0.14,-0.06,-0.06,0.03,-0.06,0.09,0.10,-0.65,-1.76,1.20,0.26,0.28,0.22,0.26,0.15,0.05,0.16,0.20,0.02,0.09
 "93000","Great Lakes",3,SQGDP11,79,"72","   Accommodation and food services ","Percentage points",0.03,0.04,-0.03,0.22,-0.11,-0.07,0.02,0.27,-0.10,-0.07,0.06,-0.22,0.02,-0.03,-0.28,-0.23,-0.20,-0.03,-0.06,0.22,0.06,0.12,-0.01,0.22,0.11,0.05,-0.02,0.27,0.01,-0.07,0.12,0.13,-0.14,0.01,0.11,0.08,0.20,0.17,0.01,0.26,0.09,0.07,0.08,-0.15,-0.03,0.04,0.10,0.14,-0.10,-0.02,-0.03,-0.18,0.03,0.04,0.17,-0.09,-0.04,0.14,-0.14,-0.73,-3.64,3.95,-0.84,1.04,1.36,0.49,0.05,-0.01,0.18,-0.03,-0.16,0.25
 "93000","Great Lakes",3,SQGDP11,82,"81","   Other services (except government and government enterprises) ","Percentage points",0.00,0.07,-0.04,-0.05,-0.01,-0.10,-0.08,-0.02,-0.09,-0.12,-0.08,-0.14,-0.08,-0.05,-0.04,-0.27,-0.18,-0.15,-0.07,-0.12,0.11,0.07,-0.01,-0.11,0.06,-0.07,-0.03,0.12,-0.02,0.04,-0.07,-0.11,-0.05,0.03,0.06,0.07,0.03,0.14,0.03,-0.08,-0.01,-0.01,-0.04,-0.07,-0.02,-0.01,0.01,-0.05,0.02,0.04,0.12,0.03,0.06,-0.02,0.03,-0.14,0.00,0.10,0.04,-0.22,-1.42,1.46,-0.02,-0.12,0.33,0.14,-0.07,0.03,0.01,0.04,-0.04,0.00
 "93000","Great Lakes",3,SQGDP11,83,"..."," Government and government enterprises ","Percentage points",0.30,-0.06,0.04,0.17,0.13,0.07,-0.63,-0.24,-0.60,-0.18,-0.06,0.49,0.28,0.02,-0.40,-0.49,0.29,0.12,0.42,0.10,0.19,-0.23,-0.02,-0.69,-0.19,0.06,-0.33,0.28,-0.60,0.12,-0.19,-0.35,-0.05,-0.35,-0.20,-0.02,0.30,-0.46,0.39,-0.55,0.23,-0.43,0.18,-0.17,0.09,0.29,0.05,0.12,-0.03,0.40,-0.30,-0.15,-0.08,0.13,-0.18,-0.24,0.40,0.30,0.44,-0.16,-1.81,1.07,0.41,-0.70,0.45,0.44,0.08,-0.05,-0.07,0.15,0.12,0.32
 "93000","Great Lakes",3,SQGDP11,84,"...","  Federal civilian ","Percentage points",-0.03,-0.04,0.01,-0.03,0.00,-0.03,0.00,-0.03,0.00,0.04,0.00,0.01,-0.03,-0.03,-0.08,0.01,0.14,-0.06,0.07,0.17,0.09,-0.03,-0.05,-0.05,-0.08,-0.07,0.02,0.00,0.01,-0.01,-0.05,-0.03,-0.06,-0.12,0.00,0.09,0.03,0.03,0.05,0.06,0.04,0.01,0.02,0.04,0.01,0.03,0.03,0.03,0.05,0.04,0.02,0.01,0.02,0.01,-0.01,-0.11,0.10,0.05,0.02,0.03,0.10,0.39,-0.22,-0.02,-0.03,-0.03,-0.03,0.03,-0.03,-0.02,0.06,0.10
 "93000","Great Lakes",3,SQGDP11,85,"...","  Military ","Percentage points",-0.03,0.02,0.01,-0.10,0.02,0.00,0.00,-0.01,-0.02,0.01,0.01,0.05,0.03,0.04,0.02,0.03,0.00,-0.02,0.04,-0.01,-0.04,-0.05,0.00,-0.05,-0.03,-0.03,0.00,-0.04,0.02,0.01,-0.03,-0.02,0.01,-0.01,-0.07,-0.02,-0.05,0.02,0.00,-0.05,0.00,0.00,0.01,0.06,0.01,0.00,0.00,0.00,0.01,-0.04,0.01,-0.05,0.00,-0.03,0.02,-0.01,0.04,0.03,0.00,-0.01,0.03,0.09,0.02,0.06,0.01,-0.03,-0.03,0.10,-0.05,0.00,-0.01,-0.09
 "93000","Great Lakes",3,SQGDP11,86,"...","  State and local ","Percentage points",0.35,-0.04,0.03,0.29,0.11,0.09,-0.62,-0.21,-0.58,-0.23,-0.07,0.43,0.28,0.01,-0.34,-0.53,0.16,0.20,0.31,-0.06,0.13,-0.16,0.02,-0.58,-0.08,0.16,-0.35,0.33,-0.62,0.11,-0.11,-0.29,0.00,-0.22,-0.13,-0.09,0.31,-0.51,0.35,-0.56,0.18,-0.44,0.15,-0.27,0.07,0.25,0.02,0.09,-0.09,0.39,-0.33,-0.11,-0.10,0.16,-0.18,-0.12,0.26,0.22,0.42,-0.18,-1.94,0.59,0.61,-0.74,0.46,0.50,0.14,-0.18,0.01,0.17,0.07,0.31
 "94000","Plains",4,SQGDP11,1,"...","All industry total (percent change) ","Percent change",2.0,3.5,-1.3,3.5,3.9,-4.5,1.2,2.8,6.0,1.0,3.8,1.3,2.5,-3.3,-7.6,-4.8,-0.4,3.0,4.1,-1.0,5.2,4.0,4.0,-2.2,4.5,-0.3,7.2,4.8,1.3,-3.2,-1.1,4.6,0.4,3.7,1.9,-0.5,8.1,4.8,0.8,0.8,0.5,1.1,0.5,-1.1,0.5,4.1,1.6,-0.4,0.6,-1.0,3.0,3.5,2.6,1.7,0.0,-1.0,2.3,4.2,1.3,-3.5,-27.9,32.2,5.3,4.0,5.9,-2.8,2.6,1.6,-1.6,1.7,0.2,5.0
 "94000","Plains",4,SQGDP11,2,"..."," Private industries ","Percentage points",2.09,3.31,-1.65,3.45,3.72,-4.60,1.29,3.17,5.96,0.87,3.64,1.03,2.19,-3.42,-7.26,-4.83,-0.68,2.78,3.77,-1.12,5.14,3.90,4.17,-1.84,4.51,0.09,6.86,5.22,1.36,-3.20,-0.96,4.85,0.45,4.02,1.99,-0.69,7.78,4.93,0.76,0.81,0.41,1.22,0.39,-1.30,0.47,3.67,1.55,-0.25,0.47,-0.91,2.64,3.79,2.22,1.65,0.28,-0.96,1.86,3.87,1.05,-3.51,-26.01,31.02,5.11,4.53,5.63,-2.81,2.56,1.84,-1.41,1.60,0.08,4.69
 "94000","Plains",4,SQGDP11,3,"11","   Agriculture, forestry, fishing and hunting ","Percentage points",0.34,-0.23,-0.21,-0.30,1.50,-0.91,-1.11,2.37,-1.53,-0.88,0.53,3.59,-0.54,-0.65,0.32,0.58,0.14,0.93,0.28,-2.51,0.95,0.51,-0.17,2.02,-1.70,0.00,1.32,-0.94,0.38,-1.64,1.32,1.49,1.43,-0.17,-0.82,-1.47,0.76,-0.11,0.48,-1.34,0.53,0.67,0.07,0.53,0.09,-0.08,-0.79,0.42,-0.19,-1.30,-0.10,1.61,-0.26,-0.21,0.25,-1.11,0.57,0.35,0.07,1.34,-2.14,0.66,2.16,-0.90,1.70,-2.24,-2.82,1.52,0.71,-0.34,-2.22,4.24
 "94000","Plains",4,SQGDP11,6,"21","   Mining, quarrying, and oil and gas extraction ","Percentage points",-0.13,-0.18,-0.01,0.11,0.12,-0.05,0.06,0.04,-0.06,-0.01,-0.04,0.04,-0.10,0.14,0.68,-0.12,-0.48,0.02,0.05,0.28,0.75,0.30,0.14,0.04,0.26,0.31,0.52,0.24,0.70,-0.19,-0.18,0.17,-0.02,0.25,0.38,0.01,0.45,0.06,0.15,-0.46,-0.86,-0.07,0.02,0.18,-0.31,0.09,0.03,0.24,0.40,0.24,0.09,-0.07,0.31,0.02,0.13,0.06,0.06,0.16,0.04,0.36,-0.51,-0.15,-0.09,0.00,-0.02,0.17,-0.17,-0.30,-0.06,0.31,0.22,0.12
 "94000","Plains",4,SQGDP11,10,"22","   Utilities ","Percentage points",0.14,0.09,0.08,-0.29,0.61,0.07,-0.15,0.17,0.13,0.04,0.03,0.36,0.52,0.22,-1.05,-0.05,0.33,0.28,0.38,0.38,-0.08,0.13,0.25,-0.39,0.68,0.04,0.39,-0.15,-0.01,0.03,-0.08,0.04,0.17,-0.19,-0.08,-0.49,0.06,0.10,0.00,-0.59,0.59,0.11,-0.01,0.41,0.13,0.30,0.03,-0.57,0.18,-0.02,0.20,-0.43,0.21,-0.24,-0.05,-0.20,0.17,-0.28,0.42,-0.14,0.12,0.04,-0.13,-0.31,0.22,-0.13,-0.15,0.08,-0.03,-0.31,-0.07,-0.06
 "94000","Plains",4,SQGDP11,11,"23","   Construction ","Percentage points",-0.29,-0.28,-0.51,0.28,-0.29,-0.63,-0.57,0.39,0.30,0.07,-0.37,-0.84,0.04,0.36,-0.99,-0.78,-0.09,0.59,-0.83,-0.40,0.04,-0.25,0.14,-0.28,0.40,0.15,0.16,0.48,0.06,-0.32,0.24,0.05,0.15,0.56,-0.19,-0.25,0.31,0.01,0.21,0.38,0.02,-0.20,0.08,0.34,0.01,0.22,0.11,0.34,-0.65,-0.11,0.34,-0.01,-0.22,0.21,-0.03,0.02,0.38,0.12,-0.19,-0.31,-0.34,0.24,0.41,0.50,0.17,-0.44,-0.71,-0.21,-0.89,-0.75,-0.08,0.23
 "94000","Plains",4,SQGDP11,12,"31-33","   Manufacturing ","Percentage points",0.86,0.62,1.15,1.63,0.86,-1.42,1.08,-1.03,0.92,0.69,1.36,-1.70,1.87,-1.56,-1.10,-6.44,0.62,0.32,2.09,0.05,1.94,1.36,-0.35,-0.70,1.79,-0.36,1.19,2.15,-0.40,-1.72,-1.43,0.85,0.01,0.31,0.62,-0.10,2.26,1.28,0.17,0.07,-1.31,0.43,-1.09,-1.18,-0.31,0.32,-0.08,-0.56,1.23,0.22,1.07,0.09,0.71,0.07,0.38,-0.63,0.48,1.02,-0.46,-0.55,-4.99,6.68,0.56,1.17,0.57,-0.27,1.93,0.05,-0.98,0.08,0.85,-0.61
 "94000","Plains",4,SQGDP11,13,"321,327-339","     Durable goods manufacturing ","Percentage points",0.96,0.50,0.92,0.05,0.80,-0.81,0.79,-0.52,0.62,0.70,0.36,0.05,0.32,-0.34,-2.50,-3.20,-1.13,-0.31,1.10,1.18,2.35,2.05,0.01,-1.06,0.89,0.11,1.64,0.13,0.68,-0.14,-0.52,-0.10,-0.61,0.13,0.30,0.52,0.85,1.01,-0.18,0.54,-0.35,0.25,-0.52,-0.93,-0.18,-0.08,0.07,-0.09,0.42,0.28,0.47,-0.44,0.25,0.10,0.42,0.10,0.25,0.21,-0.42,-0.17,-3.53,4.30,0.33,1.19,0.60,-0.43,1.08,0.39,-0.07,-0.01,0.63,-0.44
 "94000","Plains",4,SQGDP11,25,"311-316,322-326","     Nondurable goods manufacturing ","Percentage points",-0.10,0.12,0.23,1.58,0.07,-0.61,0.29,-0.50,0.30,-0.02,1.00,-1.75,1.55,-1.22,1.39,-3.24,1.75,0.63,0.99,-1.13,-0.40,-0.70,-0.37,0.36,0.90,-0.47,-0.45,2.02,-1.08,-1.58,-0.91,0.94,0.63,0.18,0.32,-0.62,1.42,0.27,0.35,-0.47,-0.96,0.19,-0.57,-0.25,-0.13,0.40,-0.16,-0.48,0.81,-0.06,0.60,0.53,0.46,-0.03,-0.04,-0.73,0.24,0.81,-0.05,-0.38,-1.46,2.39,0.23,-0.03,-0.04,0.16,0.86,-0.34,-0.91,0.10,0.23,-0.17
 "94000","Plains",4,SQGDP11,34,"42","   Wholesale trade ","Percentage points",-0.04,0.20,0.37,0.18,-0.18,-0.02,-0.12,0.19,0.78,0.09,0.30,0.84,-0.14,-0.06,-0.93,-1.25,-0.82,0.08,1.21,-0.09,0.80,0.85,-0.36,-0.22,0.12,-0.21,1.43,-0.28,0.92,-0.01,-0.12,0.49,-0.33,0.61,0.40,-0.35,0.76,0.91,-0.13,-0.30,0.06,0.08,-0.16,-0.56,0.09,0.18,-0.03,-0.09,-0.03,-0.36,0.04,0.85,-0.37,0.13,-0.27,-0.19,-0.77,0.35,0.35,0.01,-1.62,2.87,-0.06,0.64,-0.15,-0.49,0.57,0.22,-0.68,0.56,0.26,-0.12
 "94000","Plains",4,SQGDP11,35,"44-45","   Retail trade ","Percentage points",0.61,0.38,-0.86,0.21,0.16,-0.72,0.19,-0.29,-0.37,0.00,0.26,0.02,-0.03,-0.23,-0.47,0.26,-0.19,-0.23,0.59,-0.02,0.35,0.08,0.03,-0.19,-0.02,-0.14,0.38,0.04,-0.46,0.53,-0.06,0.81,-0.12,-0.02,0.01,-0.12,0.17,0.16,-0.16,0.30,0.44,0.22,0.05,0.23,0.16,0.20,0.22,-0.09,0.05,0.41,-0.10,0.28,-0.14,0.21,-0.11,-0.01,0.13,0.28,-0.08,-0.56,-1.10,1.93,-0.12,0.99,-1.24,-0.82,0.23,-0.64,0.03,0.36,0.52,0.58
 "94000","Plains",4,SQGDP11,36,"48-49","   Transportation and warehousing ","Percentage points",0.20,0.62,0.02,-0.21,0.30,-0.09,0.06,-0.58,0.74,-0.48,0.39,-0.22,0.12,-0.22,0.00,-1.05,-0.05,-0.08,0.25,-0.16,0.32,0.36,-0.04,0.50,0.04,-0.17,0.23,0.08,0.06,0.02,0.10,0.23,-0.21,-0.01,0.11,0.50,0.03,0.37,0.04,-0.54,0.28,0.19,-0.16,-0.58,0.06,-0.07,0.35,0.27,0.13,0.04,0.16,-0.17,-0.06,0.14,0.08,-0.80,0.05,0.17,-0.14,-0.20,-2.58,2.27,-0.11,0.44,-0.42,0.43,0.20,-0.67,-0.01,0.31,0.27,0.06
 "94000","Plains",4,SQGDP11,45,"51","   Information ","Percentage points",-0.15,0.24,-1.04,1.82,0.72,-0.33,0.18,0.40,0.72,0.36,0.96,-0.65,0.68,0.35,-0.47,-1.25,0.36,0.33,0.38,-0.98,-0.15,0.00,0.78,-0.62,0.34,0.13,-0.65,0.53,-0.16,-0.66,-0.05,1.53,-0.01,0.07,-0.35,0.44,-0.07,-0.01,-0.04,-0.23,-0.05,0.10,0.20,0.13,-0.01,0.21,0.15,0.28,0.19,0.01,0.04,-0.07,0.33,0.18,0.09,-0.23,0.07,0.15,-0.16,0.60,-0.43,0.53,0.56,-0.31,0.93,-0.10,0.47,0.83,-0.33,0.45,0.36,0.11
 "94000","Plains",4,SQGDP11,51,"52","   Finance and insurance ","Percentage points",0.57,0.78,-0.48,-0.88,-0.65,0.41,0.52,0.79,1.77,-0.56,-1.65,-0.97,-1.17,-3.11,-4.18,9.16,1.89,0.37,-1.18,0.30,-1.80,-0.12,1.38,-0.48,0.34,0.20,0.83,1.43,-0.31,-0.04,-1.25,-2.07,0.18,0.62,1.13,1.24,1.84,-0.16,-0.09,1.48,0.10,-0.68,0.86,-0.99,0.64,1.77,0.96,-1.50,-1.25,-0.30,-0.40,0.61,0.36,0.30,-1.30,1.45,-0.08,0.30,1.67,-1.92,1.06,1.70,1.13,0.22,0.72,-0.48,0.35,-0.19,-0.01,-0.31,-0.62,-0.65
 "94000","Plains",4,SQGDP11,56,"53","   Real estate and rental and leasing ","Percentage points",0.23,-0.11,-0.09,-0.93,0.88,-0.25,0.93,0.93,1.01,1.10,0.56,-0.53,0.04,-0.43,0.00,0.36,-0.55,0.37,0.34,0.54,0.81,0.00,0.71,-0.56,1.00,0.11,1.14,-0.04,0.41,0.51,-0.46,0.52,-0.01,0.60,0.02,-0.20,0.08,0.38,0.20,0.44,0.04,0.20,0.06,-0.59,0.25,-0.11,-0.20,-0.18,0.25,-0.19,0.04,0.22,0.23,0.17,0.42,0.37,0.19,0.34,-0.38,-0.85,-1.12,0.87,-0.27,0.55,0.27,0.28,0.54,0.06,-0.19,0.15,-0.42,-0.07
 "94000","Plains",4,SQGDP11,60,"54","   Professional, scientific, and technical services ","Percentage points",-0.15,0.10,0.08,0.42,-0.02,0.02,0.18,0.15,0.23,0.45,0.63,0.23,0.61,0.56,0.03,-0.66,-0.74,-0.12,-0.08,0.28,0.19,0.37,-0.02,0.08,0.40,0.02,0.24,0.38,0.36,0.00,-0.01,0.26,-0.14,0.48,0.20,-0.19,0.55,0.64,0.17,0.18,0.14,0.40,0.14,0.81,0.06,0.09,0.09,0.22,0.15,-0.05,0.53,0.41,0.32,0.02,0.09,0.03,-0.14,0.38,0.04,0.32,-1.47,1.66,-0.40,0.74,0.73,0.65,0.35,0.36,0.23,0.37,0.53,0.10
 "94000","Plains",4,SQGDP11,64,"55","   Management of companies and enterprises ","Percentage points",-0.42,0.19,-0.21,0.54,-0.40,-0.29,-0.13,-0.38,0.86,-0.40,0.12,0.88,-0.34,0.45,1.00,-2.81,-0.47,0.23,0.17,0.81,0.27,0.04,0.37,-0.06,-0.07,-0.38,-0.17,0.31,-0.02,0.30,0.64,-0.14,-0.33,0.63,0.17,0.42,-0.16,0.52,-0.05,0.31,0.36,-0.55,0.12,0.00,-0.45,0.31,-0.03,0.47,-0.11,0.30,0.42,-0.24,0.33,0.28,0.09,0.72,0.07,-0.27,-0.04,-0.08,0.17,0.02,0.66,0.19,-0.21,0.07,0.26,0.62,0.19,0.09,0.22,-0.08
 "94000","Plains",4,SQGDP11,65,"56","   Administrative and support and waste management and remediation services ","Percentage points",0.15,0.08,0.01,0.14,-0.06,0.00,0.24,0.16,0.37,0.17,0.20,-0.16,0.12,0.09,-0.30,-0.36,-0.24,-0.08,0.17,0.33,0.23,0.12,0.18,0.06,0.13,0.09,-0.03,0.19,-0.05,-0.05,0.05,0.05,0.06,0.14,0.05,0.04,0.16,0.11,-0.08,-0.12,0.09,-0.03,-0.07,-0.17,0.10,0.12,0.21,0.26,-0.13,0.12,0.09,0.09,0.07,0.16,0.11,-0.13,0.06,0.06,-0.01,-0.02,-1.17,1.06,0.26,0.47,0.26,0.22,0.43,0.31,0.12,0.02,0.01,0.05
 "94000","Plains",4,SQGDP11,69,"61","   Educational services ","Percentage points",-0.04,0.05,-0.01,0.08,0.02,0.00,0.00,-0.01,0.03,0.05,0.05,0.04,0.05,0.13,0.02,0.19,0.00,0.04,0.01,0.04,-0.01,0.03,0.01,0.03,-0.05,-0.06,-0.02,0.11,0.00,-0.05,-0.05,-0.07,-0.02,0.04,-0.01,-0.04,0.05,-0.03,-0.04,-0.03,-0.02,0.00,0.08,0.03,-0.01,0.00,0.02,-0.04,-0.07,0.00,-0.01,0.05,0.05,0.00,0.04,0.05,0.01,-0.03,-0.09,-0.11,-0.43,0.23,-0.13,0.09,0.11,0.08,0.08,0.00,-0.04,0.03,0.02,-0.01
 "94000","Plains",4,SQGDP11,70,"62","   Health care and social assistance ","Percentage points",0.24,0.65,0.12,0.47,0.18,-0.04,0.03,-0.06,0.13,0.30,0.44,0.29,0.51,0.55,0.46,-0.01,-0.01,-0.11,0.04,-0.29,0.32,0.01,0.99,-0.92,0.65,0.17,0.04,0.48,-0.06,0.21,0.21,0.23,0.01,0.00,0.23,-0.22,0.30,0.37,-0.07,1.06,0.00,0.29,0.09,0.31,0.10,0.16,0.33,0.21,0.37,-0.07,0.25,0.51,0.22,0.20,0.12,-0.05,0.44,0.49,0.02,-0.31,-3.39,4.79,1.22,-1.13,0.55,-0.31,0.72,-0.17,0.27,0.39,0.25,0.60
 "94000","Plains",4,SQGDP11,76,"71","   Arts, entertainment, and recreation ","Percentage points",0.09,-0.04,0.08,0.00,0.14,-0.19,-0.01,0.07,-0.01,0.09,-0.08,0.05,0.00,0.01,0.06,-0.07,-0.05,-0.05,-0.02,0.23,-0.02,-0.02,0.14,-0.12,0.14,0.19,-0.04,-0.12,0.02,-0.13,0.00,0.29,-0.23,0.01,0.05,0.18,-0.05,0.06,-0.02,-0.02,-0.09,0.09,0.13,-0.15,-0.04,-0.02,0.10,-0.15,0.09,0.15,-0.08,-0.02,0.12,-0.04,-0.01,-0.10,-0.01,0.03,0.10,-0.20,-1.58,0.95,0.13,0.41,0.08,0.20,0.15,-0.04,0.11,0.15,0.11,0.06
 "94000","Plains",4,SQGDP11,79,"72","   Accommodation and food services ","Percentage points",-0.04,0.10,-0.05,0.18,-0.14,-0.05,-0.01,0.04,0.02,-0.16,0.05,-0.12,0.02,-0.03,-0.21,-0.34,-0.16,-0.02,-0.01,0.12,0.16,0.11,-0.05,0.04,0.09,0.01,-0.04,0.21,-0.04,-0.01,0.17,0.19,-0.13,0.05,0.03,-0.01,0.12,0.11,0.00,0.22,0.10,0.03,0.02,-0.06,-0.06,-0.02,0.14,0.12,-0.11,0.00,-0.03,-0.03,0.01,0.06,0.23,-0.12,0.08,0.15,-0.16,-0.76,-3.11,3.29,-0.72,0.96,1.15,0.18,0.05,-0.05,0.14,-0.01,-0.12,0.18
 "94000","Plains",4,SQGDP11,82,"81","   Other services (except government and government enterprises) ","Percentage points",-0.07,0.06,-0.06,0.00,-0.02,-0.09,-0.07,-0.18,-0.08,-0.05,-0.09,-0.10,-0.07,0.02,-0.11,-0.19,-0.15,-0.11,-0.09,-0.04,0.07,0.03,0.04,-0.07,-0.04,-0.04,-0.05,0.11,-0.03,0.02,-0.01,-0.08,-0.01,0.04,0.05,-0.07,0.17,0.15,-0.01,0.00,-0.01,-0.07,-0.03,0.01,-0.05,0.03,-0.05,0.09,-0.05,0.01,0.08,0.11,0.00,0.00,0.01,-0.08,0.08,0.10,0.06,-0.13,-1.38,1.38,0.05,-0.18,0.22,0.19,0.07,0.07,-0.01,0.05,0.00,-0.03
 "94000","Plains",4,SQGDP11,83,"..."," Government and government enterprises ","Percentage points",-0.07,0.21,0.39,0.09,0.23,0.05,-0.07,-0.37,0.02,0.15,0.13,0.31,0.34,0.15,-0.38,0.00,0.30,0.18,0.36,0.14,0.02,0.10,-0.20,-0.37,0.00,-0.34,0.36,-0.37,-0.04,0.02,-0.13,-0.29,0.00,-0.34,-0.09,0.15,0.27,-0.11,0.05,0.00,0.09,-0.12,0.10,0.17,0.02,0.40,0.07,-0.11,0.10,-0.14,0.36,-0.31,0.40,0.08,-0.27,-0.01,0.47,0.28,0.28,-0.02,-1.89,1.22,0.20,-0.56,0.22,0.02,0.05,-0.21,-0.18,0.11,0.16,0.33
 "94000","Plains",4,SQGDP11,84,"...","  Federal civilian ","Percentage points",-0.03,0.01,0.10,0.00,0.00,-0.01,-0.07,-0.02,-0.11,-0.03,-0.14,-0.11,-0.06,0.01,0.02,0.10,0.27,0.01,0.09,0.22,0.06,0.03,-0.06,-0.06,-0.08,-0.14,0.02,0.00,-0.04,-0.04,-0.20,-0.22,-0.21,-0.18,-0.02,0.15,0.11,0.08,0.10,0.14,0.09,0.05,0.05,0.06,0.03,0.07,0.06,0.06,0.07,0.08,0.03,0.08,0.03,0.02,-0.02,-0.07,0.16,0.03,0.02,0.05,0.06,0.17,-0.14,-0.09,-0.08,-0.07,-0.09,-0.04,-0.06,-0.06,0.03,0.06
 "94000","Plains",4,SQGDP11,85,"...","  Military ","Percentage points",0.03,0.04,0.08,-0.11,0.02,0.06,-0.01,0.01,0.04,0.09,0.06,0.00,0.02,0.05,0.01,0.06,0.02,0.04,0.04,0.00,-0.04,-0.06,-0.03,-0.05,0.02,-0.01,0.03,-0.03,-0.04,-0.03,-0.01,-0.02,-0.01,0.00,-0.09,-0.01,-0.02,-0.09,-0.06,-0.01,-0.03,-0.03,0.02,-0.02,0.01,0.00,-0.01,-0.08,0.01,0.01,0.02,-0.10,0.00,0.00,-0.02,-0.02,0.09,0.01,0.00,-0.01,0.08,0.01,0.02,0.09,0.01,-0.02,-0.02,0.03,-0.11,-0.01,0.01,0.05
 "94000","Plains",4,SQGDP11,86,"...","  State and local ","Percentage points",-0.07,0.16,0.20,0.20,0.21,-0.01,0.02,-0.36,0.09,0.09,0.21,0.41,0.38,0.09,-0.41,-0.16,0.01,0.13,0.23,-0.08,0.00,0.13,-0.11,-0.26,0.06,-0.18,0.31,-0.34,0.04,0.09,0.08,-0.06,0.22,-0.15,0.03,0.02,0.17,-0.09,0.00,-0.13,0.04,-0.15,0.02,0.13,-0.02,0.33,0.02,-0.09,0.03,-0.23,0.32,-0.29,0.37,0.06,-0.24,0.09,0.22,0.24,0.26,-0.07,-2.02,1.04,0.32,-0.57,0.30,0.11,0.15,-0.20,-0.01,0.18,0.11,0.22
 "95000","Southeast",5,SQGDP11,1,"...","All industry total (percent change) ","Percent change",3.2,3.2,2.2,4.6,1.4,-0.1,2.3,-3.3,1.6,2.4,2.0,-3.0,1.4,-3.2,-9.6,-5.6,-1.2,0.8,3.8,-0.6,4.2,3.3,1.6,-3.5,2.5,-1.1,4.1,1.6,0.0,-0.4,-2.1,6.0,-1.4,2.9,1.1,-0.2,4.6,3.0,1.6,2.6,3.8,1.9,1.0,1.3,2.2,3.1,3.2,2.8,0.8,2.2,4.1,1.4,1.9,2.5,0.7,3.1,1.9,3.6,1.7,-3.6,-29.6,37.9,2.9,7.3,8.0,2.9,7.5,-0.2,-0.3,2.6,3.2,2.1
 "95000","Southeast",5,SQGDP11,2,"..."," Private industries ","Percentage points",3.15,3.18,1.99,4.80,1.27,-0.60,1.88,-3.51,1.58,1.93,1.57,-3.23,1.22,-3.60,-9.09,-6.08,-1.42,0.88,3.79,-0.76,4.21,3.54,2.13,-3.69,2.25,-0.29,3.42,2.09,-0.06,-0.23,-1.97,6.26,-1.09,3.51,1.46,-0.41,4.60,3.23,1.64,2.47,3.69,2.02,0.86,1.30,1.87,2.89,3.02,2.62,0.81,1.99,4.02,2.00,1.93,2.53,1.05,3.37,1.56,3.17,1.16,-3.98,-28.08,36.86,2.78,7.81,7.25,2.45,7.44,-0.08,-0.20,2.54,2.87,1.66
 "95000","Southeast",5,SQGDP11,3,"11","   Agriculture, forestry, fishing and hunting ","Percentage points",0.13,0.05,0.13,-0.20,0.25,-0.25,-0.12,-0.54,-0.13,-0.07,-0.06,0.18,-0.19,-0.32,0.28,0.55,-0.11,0.19,-0.20,-0.59,0.30,0.09,-0.09,-0.50,-0.25,-0.08,0.03,0.70,-0.29,-0.27,-0.25,0.92,0.24,0.54,-0.41,-0.10,0.01,-0.08,-0.09,0.58,-0.09,0.07,0.00,0.03,-0.05,-0.03,-0.09,0.38,-0.12,-0.06,0.14,-0.25,0.33,-0.30,0.03,-0.17,-0.09,0.02,0.11,0.30,-0.82,0.50,-0.02,0.30,-0.46,0.25,0.01,0.13,0.07,-0.04,0.40,-0.14
 "95000","Southeast",5,SQGDP11,6,"21","   Mining, quarrying, and oil and gas extraction ","Percentage points",0.17,-0.60,0.00,0.70,0.01,0.22,0.30,0.09,-0.11,-0.21,-0.44,-0.26,-0.26,0.38,1.42,0.21,-0.48,-0.42,-0.35,-0.34,0.58,0.07,-0.08,-0.42,0.09,0.11,0.20,-0.26,-0.02,-0.47,-0.01,-0.02,-0.03,-0.02,0.10,-0.25,0.13,0.03,0.05,0.12,-0.32,0.12,0.05,0.03,-0.31,-0.04,-0.04,0.11,0.16,0.15,-0.03,-0.07,0.04,-0.04,-0.01,0.13,-0.02,0.01,0.01,0.16,-0.14,0.00,-0.10,-0.08,-0.07,0.04,0.04,-0.22,-0.05,0.15,0.13,0.01
 "95000","Southeast",5,SQGDP11,10,"22","   Utilities ","Percentage points",0.16,0.26,0.11,-0.15,0.61,0.00,-0.14,-0.10,0.18,0.06,-0.03,0.22,0.47,0.13,-1.10,0.13,0.20,0.09,0.65,0.09,0.33,0.11,0.07,-0.42,0.47,-0.14,0.61,-0.62,0.35,0.12,-0.40,0.15,-0.21,-0.08,-0.16,-0.28,0.28,-0.05,0.21,-0.71,0.64,0.10,0.00,-0.02,0.22,0.18,-0.13,-0.16,0.03,0.04,0.16,-0.30,0.19,-0.22,0.07,-0.07,0.29,-0.18,0.30,0.17,-0.03,-0.10,-0.08,-0.25,0.21,-0.09,-0.12,0.15,0.03,-0.34,0.04,-0.12
 "95000","Southeast",5,SQGDP11,11,"23","   Construction ","Percentage points",-0.19,-0.03,-0.04,0.43,-0.16,-0.55,-0.61,-0.06,0.04,-0.40,-0.95,-1.31,-0.41,-0.56,-1.06,-1.72,-0.48,0.09,-0.65,-0.38,0.40,0.01,-0.33,-0.20,0.29,-0.25,-0.19,0.36,-0.37,-0.25,0.05,-0.21,-0.14,0.16,-0.05,0.28,0.27,0.01,0.26,0.21,0.45,0.13,0.14,0.39,0.03,0.34,0.40,0.47,-0.29,0.12,0.44,0.25,0.14,0.29,-0.08,0.21,-0.08,0.00,-0.05,-0.23,-0.68,0.74,0.68,0.01,0.43,-0.44,-0.52,-0.30,-0.99,-0.88,-0.10,0.05
 "95000","Southeast",5,SQGDP11,12,"31-33","   Manufacturing ","Percentage points",0.68,0.69,1.41,0.85,-0.19,-0.44,0.42,-1.60,0.37,0.42,0.73,-2.03,0.62,-1.23,-3.16,-3.06,1.38,0.96,2.19,-0.04,-0.33,0.44,0.18,-0.51,0.13,-0.38,0.38,0.10,-0.34,-1.33,-0.63,2.31,-0.14,0.50,-0.08,-0.61,0.97,0.29,0.31,0.02,0.54,-0.29,-0.48,0.41,-0.01,0.31,-0.01,0.44,0.62,-0.09,0.81,-0.43,0.06,-0.07,0.33,-0.29,0.87,0.52,-0.34,-0.96,-5.12,6.56,0.22,0.70,1.17,-0.44,1.53,-0.28,-0.87,-0.11,0.40,-0.62
 "95000","Southeast",5,SQGDP11,13,"321,327-339","     Durable goods manufacturing ","Percentage points",0.50,0.48,1.25,1.01,0.39,0.07,0.24,-0.46,0.25,0.55,-0.03,-0.20,0.06,-0.16,-1.65,-2.42,-0.64,0.11,0.73,0.64,0.77,0.77,0.20,-0.11,0.14,0.36,0.36,-0.13,0.46,-0.14,0.32,0.75,-0.09,0.24,0.27,-0.45,0.56,0.51,-0.07,-0.05,0.31,0.19,0.10,0.20,-0.15,0.29,0.20,0.03,0.21,0.15,0.46,0.04,-0.06,0.18,0.39,0.12,0.30,-0.12,-0.13,-0.29,-3.12,4.38,0.32,0.80,0.60,-0.45,0.85,0.13,-0.07,-0.05,0.42,-0.30
 "95000","Southeast",5,SQGDP11,25,"311-316,322-326","     Nondurable goods manufacturing ","Percentage points",0.18,0.22,0.16,-0.15,-0.58,-0.51,0.18,-1.14,0.12,-0.13,0.75,-1.83,0.56,-1.06,-1.52,-0.64,2.02,0.84,1.46,-0.68,-1.09,-0.33,-0.02,-0.40,-0.01,-0.74,0.02,0.23,-0.80,-1.19,-0.95,1.56,-0.05,0.26,-0.35,-0.16,0.40,-0.22,0.38,0.07,0.22,-0.48,-0.58,0.21,0.14,0.01,-0.21,0.41,0.41,-0.24,0.35,-0.47,0.13,-0.25,-0.06,-0.41,0.57,0.64,-0.21,-0.67,-2.00,2.18,-0.10,-0.09,0.57,0.02,0.68,-0.41,-0.79,-0.06,-0.02,-0.32
 "95000","Southeast",5,SQGDP11,34,"42","   Wholesale trade ","Percentage points",0.31,0.20,0.50,0.15,-0.03,0.12,0.15,-0.12,0.63,0.04,0.21,-0.12,-0.05,-0.24,-1.18,-1.86,-0.94,-0.02,1.03,-0.38,0.91,0.56,0.07,-0.39,-0.49,-0.03,1.02,-0.27,0.63,0.08,-0.36,0.77,-0.29,0.27,0.24,-0.18,0.61,0.88,0.11,0.14,0.28,0.17,-0.08,-0.26,0.32,0.41,-0.08,0.19,-0.17,0.08,0.01,0.23,-0.14,0.25,-0.09,0.36,-0.46,0.20,0.13,0.65,-1.84,2.99,0.12,0.54,0.48,-0.32,0.49,-0.13,-0.38,0.42,0.27,0.00
 "95000","Southeast",5,SQGDP11,35,"44-45","   Retail trade ","Percentage points",0.93,0.53,-0.59,0.56,0.40,-0.68,0.47,-0.59,-0.65,0.17,-0.05,-0.41,-0.26,-0.29,-0.81,-0.50,-0.18,-0.31,0.73,-0.19,0.53,0.01,-0.07,-0.09,-0.15,-0.21,0.29,0.25,-0.42,0.44,-0.11,0.82,-0.24,0.01,0.09,0.17,0.32,0.15,-0.18,0.27,0.44,0.41,0.04,0.47,0.26,0.19,0.33,0.05,0.16,0.40,0.14,0.29,-0.14,0.42,-0.23,0.31,0.06,0.37,0.08,-0.58,-1.25,2.92,-0.10,0.76,-0.52,-0.97,0.56,-0.96,0.03,0.43,0.54,0.65
 "95000","Southeast",5,SQGDP11,36,"48-49","   Transportation and warehousing ","Percentage points",0.19,0.72,0.19,0.18,0.28,-0.02,0.00,-0.44,0.54,-0.28,0.24,-0.26,0.03,-0.09,-0.12,-0.88,0.29,-0.02,0.17,-0.14,0.15,0.37,0.26,-0.14,0.02,-0.17,0.15,0.06,-0.11,0.09,-0.03,0.30,-0.11,0.10,0.27,-0.15,0.03,0.25,0.07,-0.50,0.27,0.25,0.00,-0.27,0.34,-0.11,0.28,0.16,-0.05,0.07,0.11,0.31,-0.14,0.10,0.11,-0.24,0.17,0.06,-0.10,-0.26,-2.22,1.84,0.13,0.43,-0.23,0.50,0.16,-0.14,0.11,0.32,0.19,0.12
 "95000","Southeast",5,SQGDP11,45,"51","   Information ","Percentage points",0.32,0.22,-0.50,0.21,0.53,0.55,-0.20,-0.62,0.39,0.78,1.03,-1.29,0.58,-0.08,-0.64,0.06,-0.41,0.13,0.45,-0.11,0.03,0.50,-0.12,-0.61,0.21,0.12,0.12,-1.00,0.41,-0.07,-0.02,0.67,0.08,0.19,-0.10,0.55,-0.08,0.05,0.29,0.55,0.43,0.45,0.35,0.41,0.11,0.31,0.01,0.27,0.09,0.16,0.58,-0.54,0.59,0.11,-0.14,0.78,-0.05,0.25,-0.17,-0.60,-0.10,1.17,-0.06,0.96,0.90,0.32,0.71,0.71,-0.11,0.71,0.44,0.26
 "95000","Southeast",5,SQGDP11,51,"52","   Finance and insurance ","Percentage points",-0.02,-0.06,0.20,0.59,-0.54,0.11,-0.38,-0.21,-0.43,-0.42,-0.83,2.57,-0.16,-1.53,-2.14,3.47,1.25,0.38,-0.61,-0.91,-0.62,0.11,0.84,0.24,-0.02,0.10,-0.01,1.24,-0.38,0.30,-0.26,-0.82,0.27,0.43,0.50,0.16,0.65,-0.35,-0.10,0.76,0.37,-0.80,0.43,-0.74,0.45,0.78,0.91,-0.61,-0.66,0.27,-0.38,0.51,-0.25,0.35,-0.89,0.79,0.08,0.15,1.24,-1.04,1.04,1.09,1.08,0.31,0.38,0.47,0.52,-0.53,0.37,-0.09,-0.39,-0.38
 "95000","Southeast",5,SQGDP11,56,"53","   Real estate and rental and leasing ","Percentage points",0.43,0.22,0.10,-0.52,0.13,0.54,1.34,0.59,0.57,0.95,0.87,-0.41,-0.10,-0.63,-0.29,-0.06,-1.14,-0.01,0.04,0.68,0.68,0.06,0.61,-0.61,1.08,0.02,0.95,-0.28,0.35,0.60,-0.35,1.10,0.04,0.81,0.01,-0.43,0.15,0.34,0.10,0.30,-0.01,0.36,0.09,0.19,0.29,-0.01,0.04,0.58,0.33,0.24,0.55,0.83,0.52,0.58,0.71,0.46,0.46,0.45,-0.20,-0.21,-1.85,1.68,-0.29,0.96,0.54,0.84,1.25,0.31,0.45,0.59,-0.22,0.55
 "95000","Southeast",5,SQGDP11,60,"54","   Professional, scientific, and technical services ","Percentage points",0.00,0.15,0.11,0.88,0.02,0.09,0.24,-0.15,0.11,0.48,0.56,0.08,0.47,0.55,0.02,-0.94,-0.48,-0.10,-0.03,0.52,0.37,0.61,0.22,-0.18,0.51,0.26,0.07,0.37,0.27,0.06,-0.46,0.48,-0.43,0.22,0.32,-0.08,0.42,0.75,0.07,-0.02,0.43,0.35,0.22,0.47,-0.11,0.10,0.27,0.38,0.26,0.22,0.48,0.79,0.47,0.25,0.22,0.20,0.10,0.57,0.05,0.19,-1.52,2.25,0.03,0.91,1.40,0.84,0.90,0.29,0.21,0.55,0.61,0.10
 "95000","Southeast",5,SQGDP11,64,"55","   Management of companies and enterprises ","Percentage points",-0.34,0.02,0.39,-0.17,-0.08,-0.31,0.07,0.14,-0.18,-0.01,-0.11,0.04,0.16,0.07,-0.14,-0.46,0.16,0.20,-0.05,0.09,0.13,0.01,0.18,0.14,-0.17,0.06,-0.01,0.38,0.12,0.24,0.34,-0.40,0.10,0.16,0.12,0.23,-0.15,0.09,0.12,0.16,-0.08,0.12,0.00,-0.10,0.12,0.14,0.25,0.03,0.14,0.05,0.43,0.02,-0.12,0.29,0.22,0.50,0.04,0.10,-0.01,0.08,-0.15,0.04,0.57,0.02,0.30,-0.05,0.30,0.33,0.06,0.09,0.22,-0.02
 "95000","Southeast",5,SQGDP11,65,"56","   Administrative and support and waste management and remediation services ","Percentage points",0.21,0.14,0.12,0.02,-0.12,-0.04,0.14,0.26,0.23,0.17,0.04,-0.31,-0.06,-0.11,-0.28,-0.49,-0.29,-0.05,0.31,0.55,0.23,0.16,0.13,0.05,0.12,0.05,-0.09,0.36,-0.03,0.16,0.01,0.09,0.02,0.13,0.19,0.07,0.28,0.06,0.10,-0.05,0.01,0.16,-0.07,-0.04,-0.01,0.13,0.34,0.24,0.13,0.15,0.18,0.19,0.05,0.24,0.28,-0.08,0.04,0.00,0.06,-0.08,-1.72,1.92,0.38,0.82,0.32,0.57,0.62,0.32,0.17,0.04,-0.05,0.13
 "95000","Southeast",5,SQGDP11,69,"61","   Educational services ","Percentage points",0.03,0.05,-0.05,0.06,0.00,0.01,0.01,0.02,0.04,0.07,0.07,0.02,0.07,0.11,0.07,0.20,-0.01,0.02,0.02,0.05,0.03,0.04,0.04,-0.03,0.01,-0.03,-0.01,0.03,-0.01,-0.07,-0.05,-0.05,-0.03,-0.01,0.04,0.07,0.03,0.02,-0.03,-0.08,0.02,0.00,0.07,0.05,0.05,-0.06,0.01,-0.10,-0.03,0.00,0.02,0.04,0.02,0.06,0.04,0.07,0.01,0.01,-0.06,-0.09,-0.43,0.23,-0.13,0.10,0.15,0.10,0.05,0.04,-0.03,0.05,0.09,-0.01
 "95000","Southeast",5,SQGDP11,70,"62","   Health care and social assistance ","Percentage points",0.18,0.40,0.02,0.69,0.20,-0.02,0.21,-0.22,0.11,0.29,0.31,0.57,0.45,0.40,0.36,0.14,0.06,-0.03,0.15,-0.09,0.13,0.15,0.09,0.03,0.30,0.13,0.10,0.31,-0.09,0.10,0.36,0.23,-0.01,0.02,0.12,0.05,0.25,0.44,0.27,0.67,0.10,0.35,0.09,0.29,0.20,0.05,0.30,0.15,0.12,0.03,0.23,0.29,0.07,0.18,0.21,0.30,0.25,0.25,0.16,-0.08,-3.76,5.91,0.36,-0.16,0.23,0.15,0.49,0.21,0.27,0.44,0.35,0.66
 "95000","Southeast",5,SQGDP11,76,"71","   Arts, entertainment, and recreation ","Percentage points",0.00,0.08,-0.08,0.17,0.00,0.01,-0.02,0.07,0.01,0.06,-0.01,0.00,0.03,0.01,0.06,-0.19,0.05,-0.04,0.03,0.13,0.06,0.01,0.14,-0.07,0.03,0.15,-0.10,0.04,0.02,0.04,0.00,-0.11,-0.06,0.01,0.06,0.06,0.05,0.04,-0.01,-0.11,0.05,0.02,0.00,-0.03,0.02,0.01,0.17,-0.10,0.09,0.19,-0.02,-0.04,0.12,-0.03,0.04,-0.01,-0.04,0.10,-0.01,-0.25,-1.76,0.96,0.32,0.45,0.09,0.38,0.27,-0.14,0.14,0.17,0.08,0.12
 "95000","Southeast",5,SQGDP11,79,"72","   Accommodation and food services ","Percentage points",-0.09,0.08,0.01,0.22,-0.05,0.10,0.02,-0.01,-0.06,-0.12,0.04,-0.35,-0.09,-0.10,-0.29,-0.33,-0.19,-0.03,-0.06,0.43,0.19,0.15,0.01,0.19,0.12,0.04,-0.07,0.10,-0.14,0.01,0.18,0.13,-0.09,0.03,0.11,0.10,0.19,0.17,0.08,0.23,0.12,0.13,-0.01,0.08,-0.05,0.13,0.08,0.21,-0.04,-0.09,0.08,-0.18,0.06,0.05,0.20,0.19,-0.05,0.14,-0.09,-1.00,-4.32,4.76,-0.38,1.23,1.52,0.15,0.17,0.12,0.29,-0.02,-0.14,0.31
 "95000","Southeast",5,SQGDP11,82,"81","   Other services (except government and government enterprises) ","Percentage points",0.03,0.05,-0.03,0.15,0.00,-0.05,-0.02,-0.05,-0.09,-0.05,-0.07,-0.14,-0.09,-0.05,-0.10,-0.33,-0.10,-0.13,-0.04,-0.14,0.12,0.10,-0.01,-0.18,-0.03,-0.04,-0.02,0.20,0.00,-0.01,0.01,-0.10,-0.06,0.05,0.07,-0.07,0.21,0.13,0.01,-0.06,0.04,-0.08,0.03,-0.06,0.01,0.06,-0.02,-0.06,0.03,0.05,0.10,0.07,0.06,0.04,0.01,-0.07,-0.05,0.15,0.07,-0.16,-1.39,1.39,0.05,-0.22,0.40,0.14,0.00,-0.01,0.02,0.07,0.02,0.00
 "95000","Southeast",5,SQGDP11,83,"..."," Government and government enterprises ","Percentage points",0.07,-0.03,0.17,-0.25,0.09,0.45,0.41,0.18,0.06,0.50,0.40,0.25,0.22,0.40,-0.55,0.47,0.23,-0.05,0.02,0.17,-0.01,-0.27,-0.51,0.24,0.22,-0.79,0.69,-0.45,0.01,-0.16,-0.12,-0.21,-0.31,-0.63,-0.32,0.25,0.04,-0.26,-0.07,0.10,0.13,-0.16,0.17,-0.02,0.28,0.21,0.22,0.14,0.00,0.20,0.07,-0.56,0.01,-0.05,-0.38,-0.22,0.34,0.45,0.58,0.38,-1.51,1.07,0.12,-0.50,0.79,0.41,0.10,-0.11,-0.08,0.10,0.32,0.41
 "95000","Southeast",5,SQGDP11,84,"...","  Federal civilian ","Percentage points",-0.02,-0.06,0.07,-0.02,0.07,0.06,0.02,0.03,0.03,0.06,0.01,0.02,0.03,0.07,0.03,0.14,0.21,0.00,0.01,0.08,0.21,-0.11,-0.09,0.11,0.02,-0.06,0.08,-0.04,0.00,0.01,-0.04,0.06,-0.11,-0.20,0.02,0.31,0.02,0.05,0.05,0.13,0.10,0.04,0.06,0.09,0.02,0.07,0.06,0.09,0.01,0.04,0.02,0.02,0.04,0.02,-0.03,-0.14,0.21,0.07,0.01,0.07,0.09,0.29,-0.10,0.02,-0.03,-0.02,-0.06,-0.01,-0.01,0.02,0.12,0.14
 "95000","Southeast",5,SQGDP11,85,"...","  Military ","Percentage points",0.10,0.10,0.07,-0.08,-0.03,0.08,0.01,0.01,0.01,0.10,0.09,0.12,0.14,0.12,0.07,-0.02,0.02,0.06,0.00,0.16,-0.05,-0.11,-0.08,0.02,-0.03,-0.04,-0.04,-0.01,-0.07,-0.04,-0.06,-0.08,-0.06,-0.04,-0.18,-0.01,-0.08,-0.12,-0.07,0.03,-0.03,-0.07,-0.05,0.03,0.03,0.00,-0.01,-0.04,-0.03,-0.03,-0.07,-0.30,-0.05,-0.02,-0.05,-0.01,0.11,0.08,0.00,-0.03,0.14,0.03,0.05,0.25,0.05,0.03,0.01,-0.04,-0.06,-0.06,-0.01,0.08
 "95000","Southeast",5,SQGDP11,86,"...","  State and local ","Percentage points",-0.01,-0.07,0.04,-0.15,0.05,0.32,0.37,0.14,0.02,0.35,0.30,0.11,0.05,0.21,-0.65,0.35,0.00,-0.11,0.01,-0.07,-0.16,-0.06,-0.34,0.11,0.23,-0.70,0.66,-0.41,0.08,-0.12,-0.02,-0.18,-0.14,-0.39,-0.16,-0.06,0.10,-0.19,-0.05,-0.07,0.05,-0.13,0.15,-0.15,0.23,0.15,0.18,0.09,0.02,0.19,0.12,-0.29,0.02,-0.04,-0.30,-0.08,0.02,0.31,0.57,0.34,-1.74,0.76,0.16,-0.77,0.77,0.39,0.15,-0.06,-0.01,0.15,0.20,0.20
 "96000","Southwest",6,SQGDP11,1,"...","All industry total (percent change) ","Percent change",0.4,1.4,3.4,18.8,3.3,3.6,6.0,2.5,7.2,2.2,1.2,-4.3,-0.4,0.0,4.0,-6.0,-5.3,0.8,2.1,2.4,3.2,3.6,3.2,0.5,4.9,1.8,8.5,4.5,3.9,0.7,5.6,3.5,3.1,3.7,2.6,-2.7,7.5,7.9,4.7,8.5,-3.4,3.9,2.3,-0.3,0.0,1.8,0.7,3.5,2.6,3.9,3.8,4.7,4.1,2.7,2.9,1.4,2.3,7.1,3.1,-3.9,-26.1,29.1,2.3,3.8,3.3,1.3,6.4,-0.7,0.9,7.3,6.2,2.9
 "96000","Southwest",6,SQGDP11,2,"..."," Private industries ","Percentage points",0.43,1.41,2.81,18.86,3.17,3.22,5.90,2.39,6.70,1.77,0.91,-4.82,-0.70,-0.18,4.35,-6.27,-5.44,0.43,1.90,1.70,3.11,3.68,3.83,0.00,5.43,2.02,8.17,4.51,3.46,0.57,5.64,3.55,3.16,3.98,2.82,-2.83,7.38,8.01,4.59,8.23,-3.62,3.94,2.01,-0.94,-0.11,1.61,0.45,3.24,2.49,3.55,3.62,5.10,3.81,2.68,3.20,1.68,2.01,6.73,2.26,-4.50,-24.62,28.16,2.50,3.50,3.44,0.87,6.35,-0.64,0.87,7.22,5.86,2.49
 "96000","Southwest",6,SQGDP11,3,"11","   Agriculture, forestry, fishing and hunting ","Percentage points",0.04,-0.07,-0.08,-0.28,0.41,-0.36,-0.41,0.17,-0.27,0.01,0.07,-0.38,-0.25,-0.40,0.60,-0.24,-0.03,0.23,-0.12,1.00,-0.11,-0.21,-0.13,-0.26,-0.16,0.02,-0.01,0.49,-0.66,-0.23,-0.07,0.35,0.62,0.05,0.22,-0.30,0.06,0.32,0.06,0.74,-0.11,0.05,-0.10,-0.06,0.02,0.02,-0.12,0.18,-0.06,-0.15,0.03,0.17,0.02,-0.25,0.03,-0.18,0.07,-0.04,0.21,0.21,-0.71,0.49,-0.27,0.23,-0.41,-0.07,0.22,-0.20,-0.29,0.07,0.13,0.21
 "96000","Southwest",6,SQGDP11,6,"21","   Mining, quarrying, and oil and gas extraction ","Percentage points",-1.35,-1.58,-1.23,7.52,-0.32,0.46,2.66,0.77,2.35,-0.83,-1.81,-2.62,-2.23,3.34,11.68,2.59,-3.84,-0.71,-2.05,-2.23,-0.37,-0.62,0.84,0.23,0.11,2.04,3.00,1.54,2.38,0.80,1.87,-0.59,1.47,0.61,2.05,-1.57,3.67,4.09,3.64,3.06,-3.19,1.18,0.23,1.55,-3.07,-0.88,-0.03,0.24,1.21,0.96,-0.30,-0.76,1.05,0.03,1.19,2.31,1.06,1.63,-0.03,1.21,-2.06,-0.24,-0.18,-1.17,-3.40,-1.56,-1.24,-0.72,0.45,3.01,2.01,0.12
 "96000","Southwest",6,SQGDP11,10,"22","   Utilities ","Percentage points",0.31,-0.09,0.10,0.35,0.57,-0.28,-0.30,-0.11,0.71,-0.55,0.90,-0.77,0.46,0.19,-1.11,-0.33,-0.08,0.34,0.19,0.68,-0.27,0.22,0.43,-0.17,0.52,-0.04,0.42,-0.38,0.19,-0.41,0.10,0.18,-0.26,-0.02,-0.06,-0.59,0.11,0.62,-0.36,-0.55,0.49,0.00,0.25,0.06,0.12,0.03,-0.16,0.02,0.06,0.36,-0.11,0.01,0.16,-0.28,0.03,-0.11,0.35,-0.13,0.45,-0.66,0.13,0.09,-0.17,-0.15,0.22,-0.28,-0.07,0.01,0.10,-0.28,0.03,-0.03
 "96000","Southwest",6,SQGDP11,11,"23","   Construction ","Percentage points",0.31,0.11,0.24,1.15,-0.34,0.24,-0.14,0.41,0.72,0.18,-0.40,-0.73,0.08,-0.28,-0.83,-1.91,-0.48,0.05,-0.71,-0.72,0.36,-0.13,0.13,-0.63,0.43,0.40,-0.16,0.51,0.15,0.12,0.57,-0.08,0.00,0.13,-0.23,0.31,0.11,-0.19,0.45,0.02,-0.07,0.19,-0.06,0.05,-0.12,0.35,-0.07,0.08,-0.15,-0.22,0.44,0.03,-0.24,0.10,-0.03,0.32,0.07,0.34,0.05,-0.52,-0.44,0.11,0.40,-0.37,0.42,-0.25,-0.27,-0.53,-0.83,-0.71,-0.19,0.04
 "96000","Southwest",6,SQGDP11,12,"31-33","   Manufacturing ","Percentage points",-0.80,0.33,1.14,4.35,0.54,1.39,1.76,0.34,0.95,1.23,0.48,-3.19,0.15,-1.70,-2.19,-3.24,1.39,0.95,1.81,1.02,0.35,0.99,0.28,0.57,1.64,-1.00,0.01,-1.12,-0.15,-0.72,2.22,1.73,1.30,0.58,-1.45,-2.49,-0.24,-0.80,-0.58,3.24,-1.95,0.71,0.79,-2.58,1.18,0.57,-0.68,1.32,0.41,0.84,1.11,2.15,0.45,0.03,0.68,-1.74,-0.40,0.41,-0.66,-1.60,-3.93,3.48,0.45,0.49,0.43,0.05,1.74,-0.89,-0.44,0.80,0.98,-0.54
 "96000","Southwest",6,SQGDP11,13,"321,327-339","     Durable goods manufacturing ","Percentage points",-0.07,1.35,1.24,2.16,0.61,0.48,1.29,-1.04,0.77,1.19,0.06,0.79,0.43,0.15,-1.08,-2.44,-1.12,0.04,0.77,0.35,0.97,1.15,0.97,0.55,0.63,0.28,0.60,-0.11,-0.16,0.10,0.33,0.20,-0.05,0.18,0.01,-0.09,0.67,0.24,-0.14,-0.50,-1.04,-0.20,0.08,0.10,0.03,0.35,-0.06,0.44,0.10,1.06,0.77,1.07,0.23,-0.14,0.27,-0.28,-0.12,0.10,-0.21,-0.57,-2.31,2.39,0.67,0.37,0.33,0.12,0.93,-0.55,0.06,0.16,0.62,-0.37
 "96000","Southwest",6,SQGDP11,25,"311-316,322-326","     Nondurable goods manufacturing ","Percentage points",-0.73,-1.02,-0.09,2.18,-0.07,0.91,0.47,1.38,0.18,0.05,0.42,-3.98,-0.28,-1.85,-1.10,-0.79,2.51,0.91,1.04,0.68,-0.62,-0.16,-0.69,0.02,1.01,-1.29,-0.59,-1.01,0.00,-0.82,1.89,1.52,1.35,0.41,-1.46,-2.40,-0.91,-1.04,-0.44,3.74,-0.91,0.91,0.71,-2.68,1.15,0.21,-0.61,0.88,0.31,-0.22,0.34,1.08,0.22,0.18,0.41,-1.46,-0.28,0.31,-0.45,-1.04,-1.62,1.09,-0.22,0.13,0.10,-0.07,0.81,-0.33,-0.50,0.63,0.36,-0.17
 "96000","Southwest",6,SQGDP11,34,"42","   Wholesale trade ","Percentage points",0.24,0.33,0.55,0.33,0.18,0.37,0.29,0.18,1.00,0.39,0.65,-0.21,0.26,0.09,-0.63,-2.43,-0.71,0.01,1.04,0.16,0.99,0.98,0.20,-0.04,0.31,0.09,1.86,0.35,0.85,-0.01,0.84,-0.53,-0.11,0.72,0.13,-0.82,0.97,1.26,-0.02,0.18,-0.21,-0.04,-0.47,-0.32,0.10,0.61,-0.57,-0.44,0.05,0.04,0.17,0.58,-0.05,0.35,0.03,-0.13,-0.59,0.55,0.35,0.12,-1.43,2.34,0.19,-0.01,0.79,-0.50,0.43,0.04,-0.42,0.58,0.49,0.11
 "96000","Southwest",6,SQGDP11,35,"44-45","   Retail trade ","Percentage points",0.73,0.57,-0.02,0.54,0.34,-0.55,0.25,-0.03,-0.57,0.03,-0.03,-0.08,-0.22,-0.31,-0.43,-0.08,0.06,-0.28,0.32,0.06,0.53,0.01,-0.17,0.27,0.01,-0.16,0.67,0.38,-0.44,0.55,0.06,0.52,-0.15,0.03,0.06,0.57,0.27,0.18,-0.17,0.31,0.52,0.37,-0.18,0.31,0.10,-0.03,0.17,-0.27,0.23,0.39,0.36,0.13,-0.08,0.41,-0.06,0.15,-0.04,0.36,0.06,-0.44,-1.14,2.27,0.12,0.62,-0.41,-0.31,0.16,-0.98,0.03,0.42,0.58,0.64
 "96000","Southwest",6,SQGDP11,36,"48-49","   Transportation and warehousing ","Percentage points",0.37,0.81,0.33,-0.27,0.54,-0.13,0.18,-0.40,0.43,-0.31,0.26,0.42,-0.10,-0.12,-0.41,-0.91,0.11,0.09,0.25,-0.02,0.27,0.57,0.49,-0.59,0.38,-0.04,0.19,0.59,0.40,-0.48,0.11,-0.50,-0.16,0.17,0.47,0.06,0.05,0.42,0.12,0.05,0.21,-0.01,-0.08,0.21,-0.04,-0.26,-0.02,0.32,0.41,0.22,0.32,-0.13,0.04,0.24,-0.01,-0.08,-0.20,-0.03,-0.21,0.20,-2.84,1.85,0.36,0.14,-0.16,0.73,0.41,0.12,0.06,0.42,0.25,0.14
 "96000","Southwest",6,SQGDP11,45,"51","   Information ","Percentage points",0.67,-0.03,-0.27,0.56,0.14,0.83,-0.08,1.40,0.67,0.48,0.11,0.38,0.24,0.24,-0.67,-1.22,0.06,0.10,1.33,-1.39,0.31,0.56,0.16,-0.45,0.12,-0.08,0.00,-0.02,0.02,-0.19,-0.33,1.39,0.08,0.14,-0.09,-0.15,0.23,0.13,0.52,0.74,0.38,0.27,0.23,0.00,0.38,0.15,0.28,0.45,0.13,0.44,0.26,0.08,0.33,0.31,0.20,0.06,0.17,0.34,-0.06,-0.04,0.03,0.83,-0.04,0.10,1.08,0.34,1.01,0.59,0.17,0.85,0.53,0.42
 "96000","Southwest",6,SQGDP11,51,"52","   Finance and insurance ","Percentage points",-0.03,-0.27,-0.10,-0.40,-0.49,0.32,-0.14,-0.34,0.21,0.02,-0.60,1.06,-0.08,-1.73,-1.90,3.74,1.13,0.29,-0.43,0.30,-0.79,-0.22,0.22,0.60,-0.09,0.24,0.63,1.04,0.11,0.28,-0.95,0.38,-0.29,0.12,0.31,0.35,0.57,-0.29,0.10,0.68,0.23,-0.26,0.90,-0.77,1.18,0.45,0.80,-0.76,-0.90,0.26,0.00,0.84,0.28,0.35,-0.82,0.47,-0.12,0.47,0.82,-1.62,1.35,1.16,1.34,0.17,0.53,0.30,0.44,0.43,0.42,-0.15,-0.25,-0.19
 "96000","Southwest",6,SQGDP11,56,"53","   Real estate and rental and leasing ","Percentage points",-0.45,-0.05,0.69,2.77,0.80,0.28,0.96,-0.02,-0.42,0.21,0.06,0.56,-0.15,-0.37,-0.03,-0.29,-1.37,-0.47,0.07,1.51,0.80,0.26,0.61,0.26,0.87,0.00,1.01,-0.61,0.57,0.52,0.52,0.21,0.40,0.82,0.51,0.32,0.33,0.60,0.06,-1.03,0.05,0.49,0.61,-0.20,0.48,0.18,-0.10,1.24,-0.19,-0.19,0.11,1.37,0.59,0.46,0.24,-0.10,0.61,1.12,1.16,1.10,-0.77,2.00,-0.08,0.83,-0.03,0.56,0.98,0.39,0.64,0.72,-0.02,0.69
 "96000","Southwest",6,SQGDP11,60,"54","   Professional, scientific, and technical services ","Percentage points",-0.16,0.02,0.49,0.63,0.44,0.52,0.44,-0.25,0.21,0.66,0.73,0.35,0.66,0.29,0.19,-1.26,-0.91,-0.16,-0.17,0.76,0.37,0.61,0.08,0.29,0.38,0.26,0.28,0.51,0.38,0.01,-0.27,0.41,-0.22,0.38,0.37,-0.08,0.43,0.71,0.25,-0.10,0.17,0.31,0.16,0.40,-0.32,-0.03,0.21,0.48,0.34,0.14,0.30,0.65,0.41,0.43,0.70,0.46,0.54,0.61,0.02,-0.87,-1.39,1.48,0.00,0.68,2.00,0.88,0.63,0.29,0.37,0.53,0.68,0.33
 "96000","Southwest",6,SQGDP11,64,"55","   Management of companies and enterprises ","Percentage points",0.11,-0.04,0.22,-0.04,-0.08,0.21,-0.07,0.23,0.02,0.07,0.00,0.08,0.07,0.09,-0.07,-0.18,-0.06,0.16,-0.20,0.15,0.13,0.07,0.06,-0.02,0.03,-0.01,0.58,-0.07,-0.04,0.00,0.28,-0.14,0.14,0.08,0.04,0.73,0.06,0.03,-0.03,0.04,0.07,0.01,-0.01,-0.05,-0.01,0.13,0.16,0.02,0.34,0.26,0.23,-0.22,0.24,0.22,0.12,0.09,0.12,0.08,0.16,-0.16,-0.13,0.07,0.29,0.31,0.68,-0.39,0.41,0.56,0.14,0.13,0.20,-0.04
 "96000","Southwest",6,SQGDP11,65,"56","   Administrative and support and waste management and remediation services ","Percentage points",0.23,0.32,0.27,0.39,0.06,0.09,0.21,0.18,0.55,0.13,0.28,-0.02,-0.01,0.11,-0.10,-0.74,-0.36,-0.14,0.16,0.34,0.15,0.18,0.23,0.04,0.24,0.12,0.10,0.12,0.04,0.09,0.13,0.07,0.38,-0.03,0.13,0.14,0.30,0.17,0.10,0.00,-0.25,0.12,-0.21,-0.21,-0.04,0.22,0.04,0.37,0.24,0.21,0.33,0.17,0.05,0.17,0.22,-0.04,0.08,0.14,0.04,0.12,-1.62,1.81,0.34,0.97,-0.05,0.50,0.70,-0.08,0.03,0.08,-0.01,0.00
 "96000","Southwest",6,SQGDP11,69,"61","   Educational services ","Percentage points",0.00,0.09,0.03,-0.03,0.02,-0.03,0.01,0.01,0.04,0.01,0.04,0.04,0.06,0.09,0.08,0.11,0.02,0.03,0.11,0.03,0.04,0.03,0.06,-0.05,0.08,-0.01,-0.06,0.11,-0.02,-0.03,-0.05,-0.02,-0.01,0.08,0.02,-0.08,0.02,0.03,0.01,-0.02,-0.02,0.03,0.09,0.01,0.06,0.04,0.02,0.00,0.01,-0.03,-0.02,0.06,0.04,0.03,0.07,0.06,0.04,0.03,-0.01,-0.06,-0.38,0.25,-0.11,0.08,0.12,0.06,0.03,0.03,-0.01,0.05,0.11,-0.04
 "96000","Southwest",6,SQGDP11,70,"62","   Health care and social assistance ","Percentage points",0.10,0.63,0.25,0.46,0.35,-0.06,0.27,-0.28,0.26,0.22,0.22,0.63,0.36,0.43,0.38,0.41,0.09,0.07,0.22,0.25,0.05,0.14,0.17,0.34,0.19,0.10,-0.08,0.47,-0.35,0.22,0.34,0.14,0.05,0.06,0.07,0.30,0.05,0.38,0.28,0.66,0.08,0.42,0.03,0.56,0.01,0.01,0.32,0.14,0.35,-0.13,0.15,0.35,0.11,0.10,0.26,0.31,0.25,0.13,0.09,0.28,-3.43,4.85,-0.06,-0.04,-0.18,0.15,0.23,0.53,0.18,0.41,0.33,0.39
 "96000","Southwest",6,SQGDP11,76,"71","   Arts, entertainment, and recreation ","Percentage points",0.05,0.12,-0.03,0.00,0.08,-0.07,0.06,-0.02,-0.01,0.02,-0.01,-0.06,0.05,0.01,0.01,0.17,-0.11,-0.03,0.03,0.01,-0.01,-0.01,0.08,0.00,0.10,0.03,-0.14,0.23,-0.04,0.02,-0.01,0.15,-0.02,-0.02,0.07,0.10,0.08,0.00,0.00,0.10,-0.09,0.03,0.04,0.13,0.04,0.02,0.07,-0.01,0.10,0.15,-0.04,-0.07,0.18,-0.01,-0.06,-0.03,0.00,0.16,0.02,-0.60,-1.20,0.61,0.27,0.28,0.08,0.22,0.11,0.01,0.15,0.16,0.01,0.08
 "96000","Southwest",6,SQGDP11,79,"72","   Accommodation and food services ","Percentage points",0.05,0.12,0.20,0.62,-0.10,0.07,-0.08,0.12,-0.11,-0.16,0.02,-0.16,0.02,-0.12,-0.29,-0.18,-0.27,-0.01,0.06,-0.02,0.19,0.17,0.08,-0.23,0.23,0.08,-0.01,0.04,0.07,0.01,0.22,-0.07,-0.05,0.06,0.11,0.31,0.16,0.16,0.11,0.27,0.06,0.07,-0.08,-0.03,-0.13,0.00,0.15,-0.10,-0.03,-0.10,0.10,-0.29,0.14,0.01,0.33,-0.09,-0.06,0.41,-0.24,-0.93,-3.32,3.55,-0.40,0.59,1.36,0.21,0.32,-0.20,0.12,0.07,-0.06,0.16
 "96000","Southwest",6,SQGDP11,82,"81","   Other services (except government and government enterprises) ","Percentage points",0.00,0.08,0.04,0.22,0.03,-0.08,0.05,0.02,-0.01,-0.05,-0.05,-0.12,-0.07,-0.04,0.05,-0.28,-0.08,-0.10,-0.02,-0.18,0.11,0.09,0.02,-0.16,0.06,-0.01,-0.11,0.33,0.03,0.03,0.06,-0.04,0.00,0.01,0.07,0.08,0.15,0.20,0.04,-0.16,-0.03,0.00,-0.13,-0.02,-0.04,0.04,-0.04,-0.03,-0.05,0.09,0.16,0.00,0.10,-0.01,0.08,-0.06,0.08,0.14,0.04,-0.24,-1.36,1.17,0.05,-0.23,0.35,0.24,0.11,-0.05,0.00,0.07,0.05,0.00
 "96000","Southwest",6,SQGDP11,83,"..."," Government and government enterprises ","Percentage points",-0.06,-0.01,0.58,-0.07,0.16,0.36,0.12,0.06,0.45,0.39,0.31,0.52,0.34,0.13,-0.30,0.26,0.16,0.37,0.21,0.66,0.09,-0.10,-0.65,0.53,-0.55,-0.20,0.30,-0.02,0.39,0.13,-0.08,-0.02,-0.06,-0.30,-0.25,0.13,0.08,-0.10,0.08,0.23,0.18,0.00,0.25,0.65,0.08,0.14,0.24,0.21,0.13,0.34,0.20,-0.45,0.24,0.05,-0.30,-0.27,0.32,0.36,0.87,0.61,-1.45,0.99,-0.22,0.26,-0.17,0.46,0.03,-0.04,0.00,0.03,0.33,0.39
 "96000","Southwest",6,SQGDP11,84,"...","  Federal civilian ","Percentage points",-0.06,-0.04,0.07,-0.01,0.05,0.03,0.00,0.01,0.03,0.08,0.02,0.03,0.04,0.03,0.00,0.07,0.11,0.02,0.07,0.16,0.24,-0.10,-0.05,0.06,-0.01,-0.06,0.06,-0.04,-0.03,0.00,-0.06,-0.01,-0.09,-0.18,-0.05,0.16,0.00,0.02,0.04,0.10,0.08,0.04,0.06,0.07,0.03,0.05,0.05,0.06,0.04,0.07,0.06,0.03,0.01,-0.01,-0.02,-0.08,0.18,0.08,0.06,0.10,0.17,0.27,-0.13,0.01,-0.03,0.01,-0.04,0.00,0.00,0.00,0.10,0.10
 "96000","Southwest",6,SQGDP11,85,"...","  Military ","Percentage points",0.04,0.01,0.11,-0.02,0.07,0.14,0.03,0.00,0.00,0.08,0.06,0.08,0.07,0.11,0.10,0.04,0.05,0.04,-0.03,0.12,-0.06,-0.08,-0.04,0.05,-0.02,0.00,0.05,0.02,-0.02,-0.03,-0.10,-0.05,-0.06,-0.03,-0.12,0.03,-0.06,-0.10,-0.10,0.06,-0.03,-0.01,-0.02,-0.01,0.04,0.01,-0.01,-0.03,0.01,0.02,-0.01,-0.12,0.00,0.00,-0.05,-0.02,0.10,0.02,0.02,-0.03,0.08,-0.02,0.04,0.15,0.04,-0.04,-0.01,-0.06,0.04,-0.01,-0.02,0.02
 "96000","Southwest",6,SQGDP11,86,"...","  State and local ","Percentage points",-0.03,0.01,0.41,-0.03,0.04,0.18,0.09,0.04,0.41,0.23,0.24,0.40,0.23,-0.01,-0.40,0.15,0.00,0.31,0.17,0.38,-0.09,0.08,-0.56,0.43,-0.52,-0.15,0.19,0.00,0.44,0.16,0.08,0.04,0.08,-0.09,-0.08,-0.06,0.14,-0.02,0.14,0.07,0.12,-0.02,0.22,0.59,0.01,0.07,0.20,0.18,0.08,0.25,0.15,-0.35,0.23,0.06,-0.22,-0.17,0.04,0.26,0.79,0.54,-1.70,0.74,-0.13,0.10,-0.18,0.49,0.09,0.02,-0.05,0.03,0.25,0.27
 "97000","Rocky Mountain",7,SQGDP11,1,"...","All industry total (percent change) ","Percent change",3.4,2.8,0.3,10.8,2.1,4.7,2.2,3.8,6.5,2.5,6.6,-2.9,4.0,-0.5,-4.1,-2.1,-7.7,0.5,-1.0,2.3,1.6,4.7,5.8,-2.7,1.7,0.0,4.2,0.7,0.8,-1.3,2.0,7.1,1.0,4.3,2.9,2.3,4.5,4.6,5.6,5.0,0.8,2.5,1.7,1.9,0.3,4.8,3.9,0.7,4.2,5.4,4.9,5.4,3.5,2.7,3.1,5.4,3.1,7.9,1.3,-0.2,-24.9,31.0,2.9,8.0,4.1,2.5,9.8,1.5,-1.7,3.2,3.2,2.3
 "97000","Rocky Mountain",7,SQGDP11,2,"..."," Private industries ","Percentage points",3.54,3.09,-0.23,11.01,1.93,4.55,2.51,4.16,6.24,2.55,5.82,-3.46,3.75,-1.13,-3.68,-1.83,-7.85,0.54,-0.56,1.39,1.75,5.25,6.25,-3.41,1.70,0.62,3.62,0.94,0.91,-1.42,2.39,7.09,1.14,4.39,3.22,1.75,4.14,4.76,5.63,4.57,0.60,1.92,1.85,0.85,0.58,4.26,3.26,0.61,3.84,5.02,4.45,5.89,3.14,2.75,3.24,5.29,2.45,7.38,0.66,-0.55,-23.69,30.01,2.89,7.44,4.17,2.07,9.45,1.43,-1.69,3.00,3.03,2.04
 "97000","Rocky Mountain",7,SQGDP11,3,"11","   Agriculture, forestry, fishing and hunting ","Percentage points",0.28,-0.09,-0.05,-0.18,0.73,-0.56,-0.87,1.38,-0.84,-0.30,-0.30,0.65,-0.20,-0.15,0.31,-0.06,-0.02,0.54,-0.03,-0.47,0.45,0.02,-0.11,0.17,-0.70,-0.03,0.35,-0.13,-0.64,0.32,-0.09,0.04,0.89,0.03,0.03,0.30,0.22,0.10,0.06,1.02,-0.18,-0.09,-0.50,0.82,0.00,0.15,0.07,(D),0.19,-0.32,-0.11,(D),-0.05,-0.54,-0.07,0.49,0.05,-0.03,0.16,(D),-0.54,0.99,-0.31,(D),-0.49,-0.15,0.44,-0.14,-0.43,0.10,-0.05,0.63
 "97000","Rocky Mountain",7,SQGDP11,6,"21","   Mining, quarrying, and oil and gas extraction ","Percentage points",1.50,-0.84,-0.48,2.68,1.03,0.74,0.99,-0.45,0.04,-0.84,-0.57,-0.61,0.34,0.79,8.67,-0.09,-3.15,-1.14,-1.86,-0.09,0.59,0.11,0.03,-0.06,-0.86,0.37,0.74,-1.75,0.10,-1.12,-0.10,0.90,0.06,1.38,1.81,0.38,0.36,1.24,1.40,1.28,-2.25,0.42,-0.03,1.23,-1.92,-0.36,0.03,-0.16,1.25,0.39,-0.08,-0.65,0.41,-0.23,0.12,0.55,0.06,0.70,-0.16,1.36,-1.24,-0.50,-0.93,-0.11,-0.65,0.04,-0.63,-0.58,-0.58,0.56,0.66,-0.01
 "97000","Rocky Mountain",7,SQGDP11,10,"22","   Utilities ","Percentage points",0.07,0.08,-0.38,0.16,0.43,1.29,-1.46,-0.11,0.29,0.12,-0.04,0.35,0.20,0.12,-0.91,-0.13,0.17,0.26,0.14,1.06,-0.42,0.04,0.17,0.04,0.12,0.09,0.30,-0.37,0.81,-0.90,0.29,0.01,-0.06,-0.02,-0.03,-0.15,-0.06,0.01,0.08,-0.33,0.40,0.05,0.12,-0.12,0.17,0.18,-0.13,0.09,-0.16,-0.17,0.18,-0.13,0.23,-0.22,-0.10,0.56,0.10,-0.10,0.11,(D),-0.13,0.02,-0.25,(D),0.45,-0.41,-0.02,0.08,-0.03,-0.31,0.06,-0.06
 "97000","Rocky Mountain",7,SQGDP11,11,"23","   Construction ","Percentage points",-0.24,0.38,-0.04,0.97,-0.14,-0.34,-0.52,0.95,0.88,-0.34,-0.12,-1.25,-0.41,0.00,-1.53,-1.78,-1.10,-0.27,-1.35,-0.33,-0.47,-0.09,0.27,-0.67,0.22,0.44,0.02,0.38,0.32,0.04,0.74,0.36,0.49,0.63,0.25,0.50,0.35,0.06,0.50,0.61,-0.14,0.10,0.05,0.86,-0.28,0.47,0.25,0.40,0.00,0.17,0.60,0.49,-0.08,0.08,0.37,0.19,0.18,0.68,0.00,-0.15,-0.23,0.61,0.59,0.71,-0.41,-0.54,-0.26,-0.17,-1.14,-1.03,-0.22,-0.12
 "97000","Rocky Mountain",7,SQGDP11,12,"31-33","   Manufacturing ","Percentage points",0.90,1.26,0.29,0.84,0.15,0.51,0.90,1.02,0.76,1.20,1.15,-0.98,1.57,-0.19,-1.31,-0.61,0.75,1.47,0.82,-0.07,-0.59,0.98,1.05,-0.98,0.28,-0.05,-0.16,-1.04,-0.32,-1.30,0.09,0.75,0.24,0.21,0.02,-0.62,0.91,0.77,0.54,0.70,-0.24,-0.20,-0.37,0.18,-0.72,0.24,-0.51,(D),0.43,0.83,0.98,(D),0.60,0.43,0.94,-0.30,0.37,0.86,-0.07,-0.76,-2.06,3.27,0.30,0.71,0.66,-0.24,1.69,-0.88,-0.64,0.03,0.38,-0.36
 "97000","Rocky Mountain",7,SQGDP11,13,"321,327-339","     Durable goods manufacturing ","Percentage points",0.95,1.14,-0.03,0.52,0.06,0.39,0.16,0.60,0.67,0.72,0.09,-0.48,0.48,0.63,-0.09,-0.71,0.10,1.07,0.45,0.50,0.44,1.14,0.99,-1.07,0.27,0.09,0.09,-0.65,0.19,-0.56,0.00,0.18,0.21,0.03,0.19,-0.82,0.33,0.19,0.54,0.03,-0.25,0.12,0.07,-0.03,-0.01,0.26,-0.26,(D),0.00,0.60,0.71,(D),0.30,0.17,0.54,-0.29,-0.01,0.25,-0.17,0.04,-1.29,2.02,0.32,0.27,0.24,-0.33,1.02,-0.52,-0.13,-0.05,0.24,-0.28
 "97000","Rocky Mountain",7,SQGDP11,25,"311-316,322-326","     Nondurable goods manufacturing ","Percentage points",-0.06,0.13,0.31,0.32,0.09,0.12,0.74,0.42,0.09,0.49,1.06,-0.50,1.08,-0.82,-1.22,0.10,0.65,0.41,0.38,-0.57,-1.02,-0.16,0.05,0.09,0.02,-0.13,-0.25,-0.39,-0.51,-0.74,0.10,0.57,0.03,0.18,-0.17,0.20,0.57,0.57,0.00,0.67,0.01,-0.32,-0.45,0.21,-0.70,-0.02,-0.25,(D),0.43,0.23,0.27,(D),0.29,0.26,0.41,-0.01,0.38,0.61,0.09,-0.79,-0.78,1.25,-0.02,0.44,0.42,0.10,0.67,-0.36,-0.52,0.08,0.14,-0.08
 "97000","Rocky Mountain",7,SQGDP11,34,"42","   Wholesale trade ","Percentage points",0.26,0.10,0.52,0.23,0.01,0.10,0.47,0.20,0.78,0.22,0.13,0.46,-0.09,-0.40,-1.02,-1.21,-1.14,0.00,0.61,-0.10,0.64,0.49,0.04,-0.30,0.02,-0.15,1.10,-0.14,0.45,0.32,-0.36,0.57,-0.09,0.42,0.66,-0.47,0.72,0.78,-0.11,0.36,0.03,0.06,-0.08,0.06,0.15,0.26,0.30,-0.14,0.16,0.21,0.16,0.13,-0.07,0.31,0.00,0.12,-0.57,0.49,0.39,0.05,-1.12,2.28,0.22,0.43,0.52,-0.64,0.38,0.27,-0.41,0.11,0.12,-0.27
 "97000","Rocky Mountain",7,SQGDP11,35,"44-45","   Retail trade ","Percentage points",0.41,0.66,-0.79,0.94,0.47,-0.63,0.79,-0.10,-0.46,0.30,0.50,-0.34,-0.22,-0.41,-0.79,-0.13,-0.31,-0.45,0.43,0.08,0.32,0.11,-0.13,0.01,-0.07,-0.29,0.23,0.46,-0.40,0.70,0.15,0.20,0.02,0.01,0.20,0.03,0.35,0.10,0.15,0.60,0.37,0.31,0.04,0.93,0.24,0.19,0.28,0.16,0.16,0.64,0.04,0.52,0.02,0.51,-0.11,0.70,-0.20,0.43,0.07,-0.43,-1.34,2.53,0.36,0.87,-1.25,-0.86,0.50,-0.90,0.21,0.52,0.86,0.57
 "97000","Rocky Mountain",7,SQGDP11,36,"48-49","   Transportation and warehousing ","Percentage points",0.32,0.65,-0.05,-0.77,-0.13,0.18,-0.14,0.22,1.38,-0.44,0.30,-0.53,-0.01,-0.17,-0.46,-0.51,-0.03,0.08,0.23,0.05,0.25,0.44,-0.05,-0.21,-0.09,-0.23,0.14,0.89,-0.19,-0.10,-0.16,2.30,-0.54,-0.28,0.14,0.54,0.19,0.41,-0.03,0.22,0.20,0.26,0.01,-1.21,0.42,0.13,0.64,-0.34,0.42,0.00,-0.05,0.87,-0.33,0.28,0.32,-0.50,0.10,0.03,-0.54,-0.05,-3.11,1.54,0.54,0.38,0.11,0.88,0.41,-0.22,0.01,0.36,0.13,0.05
 "97000","Rocky Mountain",7,SQGDP11,45,"51","   Information ","Percentage points",0.34,-0.35,0.09,1.72,-0.81,0.91,-0.01,0.05,1.13,1.10,0.65,-0.39,0.21,0.61,-1.53,-0.51,0.01,0.30,0.63,-0.86,0.09,0.67,1.55,-1.19,0.58,-0.54,-0.46,-0.12,-0.09,-0.22,0.27,1.19,-0.02,0.54,-0.65,0.24,-0.28,-0.13,1.79,-1.83,0.71,0.64,0.86,-1.29,0.60,1.05,0.13,-0.39,0.17,0.84,0.73,0.86,0.07,0.11,0.35,0.53,1.13,0.51,0.06,0.94,-0.86,1.42,0.14,0.97,0.65,0.48,0.93,1.81,-0.54,1.02,0.41,0.38
 "97000","Rocky Mountain",7,SQGDP11,51,"52","   Finance and insurance ","Percentage points",-0.28,0.80,-0.14,0.41,-0.02,0.65,0.57,-0.68,0.75,-0.41,-0.63,-0.18,-0.45,-2.08,-3.36,5.60,0.58,-0.21,-0.93,0.18,-1.36,0.27,0.75,0.21,0.11,0.65,0.47,1.11,-0.08,0.78,-0.71,-0.38,-0.20,-0.23,-0.16,0.24,0.76,-0.65,0.48,0.61,0.10,-0.60,0.73,-0.94,0.32,1.34,0.67,-1.43,-0.39,0.69,-0.07,0.51,0.41,0.35,-0.99,0.41,0.20,0.66,0.81,-1.02,1.97,1.00,1.16,0.40,-0.09,0.04,0.67,0.00,0.12,-0.36,-0.44,-0.41
 "97000","Rocky Mountain",7,SQGDP11,56,"53","   Real estate and rental and leasing ","Percentage points",-0.59,-0.65,0.62,0.73,0.41,0.66,1.15,1.54,0.54,1.08,2.19,0.00,0.88,-0.26,-0.50,-0.80,-1.85,-0.31,0.14,1.61,1.35,0.60,0.89,0.42,0.92,-0.18,0.92,-0.60,0.33,0.31,-0.39,1.14,0.07,0.68,-0.17,-0.50,-0.05,0.42,-0.04,0.07,0.66,0.45,0.19,0.15,0.57,0.00,0.24,0.80,0.50,0.13,0.48,0.74,0.43,0.65,0.46,0.52,0.65,0.72,-0.04,-0.33,-1.69,1.75,0.01,1.40,0.49,1.04,1.68,0.34,0.73,0.70,-0.05,0.82
 "97000","Rocky Mountain",7,SQGDP11,60,"54","   Professional, scientific, and technical services ","Percentage points",0.07,0.40,0.10,0.83,0.21,0.41,0.28,0.21,0.42,0.60,1.52,-0.46,1.30,0.42,-0.19,-0.65,-0.86,-0.06,-0.05,0.61,0.32,0.47,0.48,-0.27,0.61,0.28,0.26,0.49,0.18,0.27,-0.82,1.66,-0.21,0.50,0.51,0.35,0.16,0.93,0.08,-0.23,0.45,0.54,0.37,0.07,0.39,-0.07,0.27,0.33,0.56,0.36,0.69,0.86,0.68,0.57,0.89,1.12,-0.09,1.55,-0.40,0.20,-1.00,1.89,0.62,1.33,1.40,1.07,0.83,1.24,0.26,0.75,0.83,0.26
 "97000","Rocky Mountain",7,SQGDP11,64,"55","   Management of companies and enterprises ","Percentage points",0.08,0.10,-0.51,0.60,0.01,-0.02,0.23,-0.15,-0.19,-0.04,0.16,-0.18,0.07,-0.02,-0.36,0.02,-0.08,0.22,0.70,-0.58,-0.05,0.29,0.89,-0.56,0.16,-0.08,-0.46,0.78,-0.13,0.20,2.15,-2.31,0.03,0.42,-0.04,0.14,0.13,-0.15,0.19,0.11,-0.04,0.09,0.13,-0.36,-0.28,0.33,-0.01,0.33,0.63,-0.15,0.64,-0.58,0.16,0.14,0.01,0.52,0.01,0.01,0.39,-0.20,0.00,0.25,0.22,0.19,0.30,-0.17,0.60,0.11,0.12,0.11,0.29,-0.05
 "97000","Rocky Mountain",7,SQGDP11,65,"56","   Administrative and support and waste management and remediation services ","Percentage points",0.12,0.03,0.15,0.47,-0.26,0.12,0.36,0.04,0.51,0.13,0.13,-0.23,0.08,0.12,-0.43,-0.46,-0.33,-0.11,0.11,0.19,0.29,0.11,0.19,-0.17,0.02,0.10,0.13,0.32,0.09,-0.02,0.17,-0.20,0.20,0.17,0.09,0.22,0.11,-0.03,0.21,0.03,-0.08,0.06,-0.07,0.04,0.06,0.18,0.20,0.47,-0.03,0.26,0.06,0.13,0.31,0.02,0.46,-0.05,0.03,0.08,0.07,0.04,-1.09,1.15,0.12,0.51,0.06,0.49,0.61,0.20,0.16,-0.05,-0.03,0.05
 "97000","Rocky Mountain",7,SQGDP11,69,"61","   Educational services ","Percentage points",-0.01,0.08,0.09,0.00,0.08,-0.04,0.00,0.02,0.02,0.05,-0.01,0.07,0.07,0.06,0.08,0.12,-0.07,0.07,0.01,0.11,0.03,0.06,0.01,-0.03,0.03,-0.03,0.00,0.07,0.04,-0.10,0.02,0.04,-0.02,-0.01,0.10,-0.04,0.02,0.15,-0.13,0.03,0.07,-0.05,0.09,0.08,0.03,-0.04,0.05,-0.03,0.03,0.03,0.02,0.10,0.04,0.09,0.07,0.07,0.03,0.03,-0.02,0.08,-0.51,0.29,-0.09,0.14,0.07,0.09,0.04,0.08,-0.04,0.05,0.03,0.03
 "97000","Rocky Mountain",7,SQGDP11,70,"62","   Health care and social assistance ","Percentage points",0.40,0.34,0.02,0.72,0.01,0.27,-0.05,-0.02,0.04,0.30,0.58,0.37,0.45,0.50,0.08,0.30,0.09,0.05,0.17,-0.20,0.13,0.42,0.02,0.15,0.06,0.25,0.27,-0.08,0.37,-0.52,0.95,-0.18,0.33,0.17,0.25,0.16,-0.06,0.33,0.43,0.51,0.59,-0.23,0.35,0.25,0.82,-0.09,0.27,0.22,-0.25,0.66,-0.15,0.74,-0.11,0.20,0.13,0.61,0.17,0.18,-0.05,0.33,-3.21,4.79,0.17,-0.46,0.32,0.03,0.71,0.16,0.15,0.37,0.16,0.40
 "97000","Rocky Mountain",7,SQGDP11,76,"71","   Arts, entertainment, and recreation ","Percentage points",0.00,0.07,0.12,0.14,-0.15,-0.04,0.06,-0.01,0.10,0.08,0.05,0.00,0.03,-0.09,0.04,-0.08,-0.09,0.26,-0.11,0.12,0.06,-0.05,0.21,-0.07,0.08,0.06,-0.23,0.23,0.06,-0.17,0.00,0.70,0.07,-0.08,0.09,0.39,0.01,0.04,-0.03,0.26,-0.09,0.06,0.08,0.05,0.05,0.11,0.17,-0.12,0.04,0.32,0.12,-0.31,0.19,-0.05,0.00,-0.34,0.10,0.12,-0.08,-0.49,-2.00,1.15,0.55,0.29,0.11,0.35,0.33,-0.34,0.34,0.28,-0.10,0.00
 "97000","Rocky Mountain",7,SQGDP11,79,"72","   Accommodation and food services ","Percentage points",-0.08,0.08,0.21,0.41,-0.10,0.35,-0.23,0.03,0.08,-0.11,0.16,-0.20,0.01,-0.07,-0.32,-0.57,-0.25,-0.06,-0.10,0.19,0.11,0.20,0.05,0.17,0.17,0.01,0.04,0.12,0.05,0.04,0.15,0.29,-0.11,-0.04,0.03,0.05,0.10,0.18,0.04,0.54,0.08,0.14,-0.06,-0.04,-0.03,0.16,0.34,0.18,0.11,0.03,0.11,0.00,0.14,0.05,0.35,0.20,0.05,0.23,-0.22,-0.58,-4.29,4.22,-0.64,1.20,1.70,0.31,0.33,0.33,0.05,-0.21,-0.05,0.17
 "97000","Rocky Mountain",7,SQGDP11,82,"81","   Other services (except government and government enterprises) ","Percentage points",0.00,0.02,0.01,0.12,0.00,-0.01,0.01,0.03,-0.01,-0.14,-0.02,-0.01,-0.09,0.08,-0.15,-0.27,-0.16,-0.10,-0.13,-0.09,0.02,0.12,-0.05,-0.06,0.04,-0.06,-0.04,0.32,-0.04,0.03,0.03,0.03,-0.01,-0.09,0.10,0.01,0.21,0.20,0.03,0.02,-0.03,-0.09,-0.05,0.09,-0.02,0.04,0.01,0.10,0.03,0.10,0.10,0.16,0.08,0.01,0.05,-0.11,0.08,0.23,0.15,-0.16,-1.25,1.36,0.09,-0.20,0.23,0.25,0.22,0.02,-0.02,0.01,0.04,-0.04
 "97000","Rocky Mountain",7,SQGDP11,83,"..."," Government and government enterprises ","Percentage points",-0.16,-0.29,0.53,-0.25,0.12,0.20,-0.32,-0.40,0.30,-0.01,0.78,0.60,0.26,0.59,-0.47,-0.27,0.19,-0.02,-0.47,0.93,-0.19,-0.53,-0.41,0.69,0.05,-0.65,0.56,-0.23,-0.11,0.13,-0.39,0.05,-0.11,-0.12,-0.28,0.58,0.38,-0.17,0.02,0.43,0.18,0.59,-0.17,1.03,-0.23,0.58,0.60,0.13,0.37,0.41,0.46,-0.47,0.37,-0.02,-0.18,0.07,0.61,0.52,0.60,0.33,-1.21,0.98,0.01,0.54,-0.07,0.39,0.34,0.05,-0.02,0.18,0.14,0.30
 "97000","Rocky Mountain",7,SQGDP11,84,"...","  Federal civilian ","Percentage points",-0.05,-0.01,0.08,-0.01,0.04,0.08,-0.06,0.04,-0.01,0.05,-0.03,0.01,0.01,-0.06,-0.01,0.03,0.19,0.00,0.00,0.19,0.12,-0.04,-0.14,0.07,0.06,-0.05,0.06,-0.04,-0.01,-0.05,-0.08,-0.10,-0.15,-0.20,0.03,0.26,0.06,0.06,0.04,0.16,0.10,0.08,0.11,0.14,0.03,0.09,0.05,0.08,0.04,0.09,0.01,0.04,0.03,0.03,-0.05,-0.15,0.26,0.06,0.08,0.13,0.28,0.09,0.06,0.00,-0.05,-0.06,-0.11,0.00,0.03,-0.03,0.12,0.09
 "97000","Rocky Mountain",7,SQGDP11,85,"...","  Military ","Percentage points",-0.01,-0.01,0.01,-0.16,-0.07,-0.03,-0.03,-0.06,0.01,0.07,0.03,0.08,0.02,0.04,0.04,0.05,0.12,0.19,0.04,0.13,0.00,-0.03,-0.03,0.04,0.00,-0.02,0.03,-0.03,-0.08,-0.04,-0.06,-0.02,-0.06,-0.03,-0.16,0.07,-0.01,-0.08,-0.09,-0.06,-0.02,-0.02,-0.01,0.00,0.04,0.02,0.00,-0.09,0.00,0.03,0.03,-0.11,-0.01,0.01,-0.04,0.04,0.11,0.03,0.02,0.00,0.19,0.02,0.07,0.17,0.04,0.00,-0.07,-0.08,0.02,-0.07,0.00,0.02
 "97000","Rocky Mountain",7,SQGDP11,86,"...","  State and local ","Percentage points",-0.09,-0.27,0.44,-0.08,0.15,0.14,-0.23,-0.37,0.29,-0.13,0.78,0.51,0.23,0.61,-0.50,-0.35,-0.12,-0.21,-0.52,0.61,-0.31,-0.46,-0.25,0.59,-0.01,-0.58,0.47,-0.15,-0.01,0.22,-0.24,0.17,0.09,0.11,-0.15,0.24,0.33,-0.14,0.07,0.33,0.10,0.54,-0.27,0.89,-0.30,0.47,0.54,0.13,0.33,0.29,0.42,-0.39,0.35,-0.06,-0.09,0.18,0.24,0.44,0.49,0.21,-1.67,0.86,-0.12,0.37,-0.06,0.46,0.52,0.12,-0.07,0.27,0.02,0.19
 "98000","Far West",8,SQGDP11,1,"...","All industry total (percent change) ","Percent change",4.1,4.1,4.2,8.3,-0.3,2.1,3.0,-0.8,4.7,4.3,6.1,-5.3,6.5,0.3,-11.5,-2.4,-4.3,-1.3,2.0,3.8,2.7,2.0,6.8,-1.6,1.0,-1.5,3.6,4.8,0.8,1.8,2.6,1.5,1.9,5.0,7.4,-2.5,4.3,7.0,1.1,7.6,5.0,1.5,0.6,6.6,-0.2,5.2,3.4,3.8,5.4,6.5,6.2,2.4,4.5,4.4,1.5,1.9,4.3,3.5,4.5,-5.3,-29.9,36.4,5.6,8.6,8.4,4.4,6.8,-8.0,-0.3,3.9,2.9,1.9
 "98000","Far West",8,SQGDP11,2,"..."," Private industries ","Percentage points",4.41,3.90,4.12,7.54,0.04,1.76,2.99,-1.29,4.29,4.36,5.24,-5.39,6.05,-0.06,-11.05,-1.73,-4.02,-1.21,2.74,3.00,2.94,2.68,6.54,-2.32,1.26,-1.36,3.67,4.53,1.36,2.31,2.38,1.65,1.87,4.55,7.35,-2.65,3.91,6.68,0.85,7.92,4.11,0.83,0.81,5.55,0.02,4.82,3.48,3.64,5.36,6.46,5.98,2.35,4.32,4.59,0.82,2.54,3.83,3.54,3.45,-5.23,-27.91,34.96,6.08,8.01,8.33,3.78,7.14,-8.58,-0.24,3.80,2.79,1.52
 "98000","Far West",8,SQGDP11,3,"11","   Agriculture, forestry, fishing and hunting ","Percentage points",0.12,0.08,0.17,-0.02,0.07,-0.17,0.11,-0.44,-0.09,-0.20,0.10,-0.60,0.10,0.08,0.24,0.85,-0.35,0.20,-0.55,0.22,0.13,-0.12,-0.12,-0.50,-0.02,0.11,0.52,-0.54,0.22,0.29,-0.26,-0.25,0.59,0.22,0.02,0.86,-0.30,-0.13,-0.32,0.99,-0.16,0.06,0.23,0.22,-0.08,0.21,0.36,-0.55,-0.01,0.13,-0.11,-0.06,0.14,0.30,0.03,-0.02,-0.13,-0.35,-0.30,(D),1.18,-0.14,-0.24,-0.99,-0.52,0.29,0.88,-0.74,-0.79,0.15,0.55,0.04
 "98000","Far West",8,SQGDP11,6,"21","   Mining, quarrying, and oil and gas extraction ","Percentage points",0.27,-0.32,-0.07,0.95,0.54,0.38,0.43,0.17,-0.06,-0.04,-0.60,-0.67,-0.43,0.55,2.45,0.07,0.20,-0.44,-0.36,-0.81,0.05,0.10,0.70,-0.89,0.31,0.13,0.38,0.25,0.30,0.06,-0.32,-0.23,-0.41,-0.12,-0.34,-0.13,-0.10,0.07,0.36,-0.03,-0.23,0.08,0.00,0.20,-0.25,0.01,0.03,0.01,0.19,0.06,-0.03,-0.24,-0.14,-0.10,-0.01,0.17,-0.01,-0.04,0.03,0.24,0.00,0.02,-0.18,-0.01,-0.12,0.04,0.02,-0.30,-0.07,0.13,0.08,-0.01
 "98000","Far West",8,SQGDP11,10,"22","   Utilities ","Percentage points",-0.11,0.13,-0.03,0.16,0.44,0.07,0.02,-0.44,0.27,0.01,0.30,-0.29,0.40,-0.09,-0.61,-0.07,0.13,0.21,0.31,0.33,-0.36,0.02,0.41,-0.21,0.48,-0.07,0.24,-0.34,0.31,0.07,-0.21,0.35,-0.36,0.09,-0.24,-0.27,0.17,0.17,0.01,-0.32,0.13,0.33,-0.02,0.07,0.02,0.16,0.02,0.12,0.19,-0.16,0.24,-0.24,0.24,-0.17,-0.02,-0.38,0.51,-0.14,0.38,-0.20,0.12,0.05,-0.15,-0.06,-0.03,-0.15,-0.08,0.24,0.02,-0.26,0.04,-0.05
 "98000","Far West",8,SQGDP11,11,"23","   Construction ","Percentage points",0.27,0.23,-0.01,0.05,-0.48,-0.13,-0.76,0.09,0.07,-0.56,-1.12,-1.49,-0.46,-0.46,-0.94,-1.72,-0.15,-0.11,-0.32,-0.61,0.18,-0.21,-0.07,-0.58,-0.16,-0.02,0.01,0.12,0.18,0.20,0.33,0.24,0.29,0.26,0.01,0.00,0.06,0.06,0.14,0.66,0.20,0.16,0.32,0.39,0.06,0.27,0.14,0.21,0.30,0.25,0.38,0.42,-0.26,0.19,0.07,0.19,0.17,0.05,-0.10,-0.19,-1.66,1.51,0.60,0.31,0.04,-0.69,-0.53,0.08,-0.79,-0.71,-0.21,-0.08
 "98000","Far West",8,SQGDP11,12,"31-33","   Manufacturing ","Percentage points",1.54,1.07,1.10,2.86,-1.41,-0.30,1.23,-0.20,1.99,2.30,2.31,-1.14,3.10,0.48,-3.87,1.28,-2.53,-0.26,0.91,0.06,-0.18,-1.19,1.44,-1.16,-0.35,-0.37,0.03,1.47,-0.47,0.67,-0.95,1.66,0.49,1.15,0.56,-0.19,0.36,1.66,-0.01,0.66,1.31,-0.64,-0.79,1.23,-0.61,0.51,0.19,1.30,1.30,0.84,1.37,0.01,0.70,1.12,0.40,-0.13,0.40,0.74,0.46,(D),-3.04,5.55,-0.58,1.47,0.73,-1.06,1.13,-0.78,-1.13,-0.11,0.44,-0.56
 "98000","Far West",8,SQGDP11,13,"321,327-339","     Durable goods manufacturing ","Percentage points",0.47,0.85,1.11,2.47,-1.12,-0.36,1.04,0.35,1.65,1.52,0.66,-0.55,0.85,0.64,-1.48,-0.74,0.18,-0.08,0.83,0.35,0.89,-0.57,2.09,0.44,-0.07,0.49,0.01,0.79,-0.13,0.01,-0.01,0.66,0.21,0.56,-0.14,0.19,-0.16,1.66,-0.09,0.71,0.28,0.04,-0.33,0.63,-0.55,0.44,0.17,1.15,0.49,0.75,0.72,0.60,-0.13,0.51,0.24,-0.11,-0.29,0.22,0.26,(D),-1.66,4.41,-0.23,1.53,0.03,-1.11,0.84,0.18,-0.48,-0.01,0.50,-0.45
 "98000","Far West",8,SQGDP11,25,"311-316,322-326","     Nondurable goods manufacturing ","Percentage points",1.08,0.22,-0.02,0.39,-0.29,0.07,0.19,-0.56,0.34,0.78,1.65,-0.59,2.25,-0.16,-2.40,2.01,-2.71,-0.19,0.08,-0.30,-1.07,-0.62,-0.65,-1.60,-0.27,-0.86,0.02,0.68,-0.34,0.66,-0.94,1.00,0.28,0.59,0.70,-0.38,0.52,-0.01,0.08,-0.05,1.03,-0.68,-0.47,0.60,-0.06,0.07,0.02,0.15,0.81,0.08,0.65,-0.59,0.83,0.61,0.16,-0.01,0.69,0.52,0.20,-0.63,-1.38,1.14,-0.35,-0.06,0.71,0.05,0.29,-0.96,-0.65,-0.10,-0.06,-0.12
 "98000","Far West",8,SQGDP11,34,"42","   Wholesale trade ","Percentage points",0.25,0.31,0.45,0.16,0.02,0.14,0.41,-0.14,0.63,0.06,0.32,-0.17,-0.06,-0.29,-1.25,-1.76,-0.76,-0.14,0.73,-0.05,0.69,0.80,0.35,0.31,-0.25,-0.01,0.88,-0.90,0.44,0.15,-0.22,0.04,0.18,0.50,0.49,-0.04,0.54,0.74,0.38,0.85,0.48,-0.09,-0.73,-0.17,0.03,0.21,-0.02,0.13,0.02,0.21,0.60,-0.43,-0.18,0.39,0.12,0.06,-0.23,0.11,0.02,0.15,-1.79,2.54,0.17,0.40,0.39,-0.59,0.32,-0.03,-0.36,0.31,0.02,-0.31
 "98000","Far West",8,SQGDP11,35,"44-45","   Retail trade ","Percentage points",0.67,0.85,-0.56,0.51,-0.03,-0.30,0.18,-0.61,-0.87,0.14,-0.05,-0.81,-0.24,-0.53,-0.95,-0.48,-0.20,-0.16,0.72,-0.02,0.27,0.19,0.42,-0.10,-0.33,-0.07,0.16,0.58,-0.57,0.63,-0.09,1.00,-0.17,0.01,0.49,-0.10,0.43,0.24,-0.23,0.75,0.29,0.11,0.18,0.59,-0.34,0.65,0.09,0.44,0.22,0.88,0.02,0.53,-0.06,0.50,-0.59,0.19,0.20,0.52,0.29,-0.35,-2.05,2.95,0.13,0.75,-0.87,-1.29,0.44,-1.39,0.12,0.42,0.41,0.54
 "98000","Far West",8,SQGDP11,36,"48-49","   Transportation and warehousing ","Percentage points",0.16,0.60,0.22,0.23,0.26,0.09,-0.17,-0.25,0.22,-0.26,0.33,-0.23,0.04,-0.15,-0.38,-0.58,0.26,0.01,0.30,0.09,0.19,0.38,0.17,-0.35,0.03,-0.22,0.08,-0.04,-0.12,0.11,-0.01,0.12,-0.07,0.16,0.18,-0.09,0.15,0.26,-0.02,-0.18,0.38,0.27,0.09,0.08,0.35,0.15,0.39,0.00,0.17,0.13,0.16,0.34,0.01,0.18,0.17,0.56,-0.03,0.34,-0.22,-0.74,-2.20,1.44,0.46,0.62,0.07,0.31,0.24,-0.51,0.08,0.34,0.18,0.17
 "98000","Far West",8,SQGDP11,45,"51","   Information ","Percentage points",0.58,-0.65,1.13,0.78,-0.14,1.26,-0.04,0.69,1.27,0.83,1.08,-0.96,1.68,0.20,-2.17,-0.62,0.07,0.14,1.23,0.77,0.38,1.08,0.42,0.84,-0.35,-0.48,-0.33,1.58,0.02,-0.61,-0.58,3.42,0.35,0.73,4.19,-2.61,1.01,1.10,-0.27,1.84,1.33,0.97,2.03,1.27,-0.46,1.63,0.19,1.78,0.96,1.32,1.24,0.43,1.49,0.34,-0.11,0.67,1.42,0.41,1.41,-0.02,-0.22,3.45,0.12,2.38,2.26,1.45,1.37,-2.69,0.74,1.46,0.24,-0.01
 "98000","Far West",8,SQGDP11,51,"52","   Finance and insurance ","Percentage points",-0.45,0.75,0.31,0.09,0.26,0.48,-0.19,-1.01,0.32,-0.67,-0.90,-0.30,-0.17,-0.97,-2.54,5.31,1.77,-0.39,-0.24,-0.20,-1.23,-0.45,0.57,0.25,-0.13,0.44,0.53,0.65,-0.15,0.54,-0.25,-1.10,0.19,-0.19,0.54,-0.56,0.61,0.15,0.25,0.24,0.36,-0.77,-0.51,0.06,0.04,0.48,0.65,-0.59,-0.43,0.21,0.29,-0.16,0.32,0.20,-0.53,0.42,-0.12,0.06,0.93,-0.67,0.31,0.90,1.17,0.49,0.77,0.03,-0.36,-0.87,0.20,-0.17,-0.32,-0.24
 "98000","Far West",8,SQGDP11,56,"53","   Real estate and rental and leasing ","Percentage points",0.59,0.09,0.63,-0.36,0.49,0.20,1.16,0.93,0.66,1.08,1.56,1.09,0.77,0.21,0.08,-0.48,-0.84,0.10,0.56,1.24,1.54,0.52,0.71,-0.99,0.80,-0.45,0.80,-0.51,0.35,0.46,-0.12,0.71,0.11,0.81,-0.01,-0.51,0.00,-0.04,-0.39,0.13,-0.38,0.01,-0.25,0.08,0.40,0.16,0.09,0.67,0.75,0.54,0.65,0.46,0.43,0.36,0.22,0.38,0.20,0.48,-0.18,-0.69,-2.06,1.66,-0.39,1.08,0.71,0.75,1.19,0.24,0.48,0.57,-0.19,0.56
 "98000","Far West",8,SQGDP11,60,"54","   Professional, scientific, and technical services ","Percentage points",-0.10,0.35,0.20,0.89,-0.07,0.03,0.59,0.29,0.10,1.23,0.89,0.78,0.91,0.40,-0.53,-1.20,-1.15,-0.03,-0.71,1.12,0.33,0.65,0.67,0.43,0.76,-0.49,0.34,0.84,0.69,-0.43,3.72,-3.78,0.21,0.18,0.52,0.42,0.50,0.94,0.38,1.00,0.20,-0.08,-0.07,0.13,0.47,0.08,0.38,-0.28,0.94,0.70,0.76,0.72,0.63,0.51,0.16,0.76,0.53,0.25,0.29,0.79,-2.04,2.70,1.16,1.48,0.80,1.51,0.82,-0.67,0.26,0.69,0.65,0.22
 "98000","Far West",8,SQGDP11,64,"55","   Management of companies and enterprises ","Percentage points",-0.06,-0.17,-0.14,0.26,-0.15,-0.22,-0.01,-0.10,-0.13,-0.04,0.49,-0.41,-0.09,0.15,-0.25,-0.35,0.13,-0.14,-0.10,0.19,0.08,0.13,0.27,-0.01,0.04,0.01,-0.02,0.07,0.15,0.06,0.41,0.06,0.21,0.42,0.17,0.15,-0.21,0.15,0.18,0.09,-0.11,0.22,-0.02,0.25,0.05,-0.15,0.27,-0.10,0.05,0.21,0.41,0.16,0.19,0.19,0.19,-0.05,0.06,-0.06,0.18,-0.03,0.16,0.01,0.77,-0.11,0.30,0.03,0.31,-0.39,0.17,0.07,0.17,-0.07
 "98000","Far West",8,SQGDP11,65,"56","   Administrative and support and waste management and remediation services ","Percentage points",0.27,0.04,0.01,0.38,-0.04,0.03,0.13,0.29,0.21,0.26,0.18,-0.24,0.03,-0.01,-0.27,-0.68,-0.22,-0.08,0.18,0.38,0.21,0.18,0.25,0.00,0.12,-0.04,0.07,0.28,0.00,0.09,0.02,-0.45,0.05,0.19,-0.02,0.14,0.15,0.15,0.07,0.16,-0.03,0.03,0.17,0.25,0.06,0.01,0.19,0.34,0.19,0.25,0.02,-0.05,0.06,0.25,0.26,-0.15,0.08,0.20,0.03,0.15,-1.74,1.26,0.41,0.81,0.07,0.49,0.66,0.54,0.16,0.03,0.09,0.07
 "98000","Far West",8,SQGDP11,69,"61","   Educational services ","Percentage points",-0.05,0.01,0.06,0.06,0.03,0.00,-0.01,0.00,0.00,0.03,0.05,0.08,0.07,0.11,0.09,0.14,0.00,0.04,0.00,0.15,0.01,0.05,0.00,0.09,0.00,-0.07,-0.03,0.13,0.02,-0.03,-0.04,-0.07,0.05,0.03,0.07,-0.04,0.04,0.08,0.03,-0.02,-0.05,0.00,0.02,0.11,-0.01,0.00,-0.02,0.00,0.01,-0.01,0.01,0.08,0.04,0.03,0.06,0.03,0.04,0.05,-0.06,-0.10,-0.44,0.19,-0.12,0.08,0.14,0.08,0.07,0.06,-0.04,0.06,0.08,0.01
 "98000","Far West",8,SQGDP11,70,"62","   Health care and social assistance ","Percentage points",0.35,0.36,0.18,0.45,0.07,0.10,0.05,-0.16,0.07,0.28,0.49,0.44,0.58,0.57,0.29,-0.06,0.02,0.06,0.07,0.00,0.25,0.21,0.25,0.05,0.31,0.26,-0.10,0.65,-0.09,-0.06,0.44,0.06,0.25,0.01,0.30,-0.07,0.16,0.48,0.22,0.66,0.29,0.20,0.22,0.44,0.36,0.07,0.25,0.31,0.13,0.31,0.17,0.51,0.05,0.22,0.14,0.30,0.27,0.29,0.55,0.06,-3.29,4.92,0.65,0.07,-0.31,0.40,0.03,0.06,0.25,0.32,0.35,0.61
 "98000","Far West",8,SQGDP11,76,"71","   Arts, entertainment, and recreation ","Percentage points",0.12,-0.08,0.13,-0.04,0.04,0.09,-0.04,-0.12,-0.04,0.08,-0.06,-0.06,0.02,-0.02,0.17,-0.44,0.00,0.04,0.01,0.05,0.11,0.08,0.06,0.27,-0.05,-0.07,0.04,0.24,0.08,0.07,0.24,-0.31,0.06,0.04,0.25,-0.12,0.01,0.08,-0.05,-0.21,0.03,-0.02,-0.08,0.12,0.01,0.21,0.05,-0.10,-0.03,0.18,0.05,0.04,0.22,-0.02,0.00,0.13,0.00,0.14,-0.02,-0.57,-2.67,1.03,0.59,0.52,0.37,0.77,0.49,0.17,0.19,0.37,0.16,0.29
 "98000","Far West",8,SQGDP11,79,"72","   Accommodation and food services ","Percentage points",0.02,0.21,0.30,0.07,0.12,0.02,-0.01,-0.16,-0.25,-0.10,-0.08,-0.20,-0.06,-0.19,-0.47,-0.70,-0.20,-0.11,0.08,0.10,0.25,0.24,0.07,0.26,0.12,0.00,-0.11,0.20,-0.18,-0.04,0.27,0.26,-0.05,0.08,0.10,0.40,0.19,0.39,0.13,0.54,0.12,0.10,0.02,0.12,-0.02,0.17,0.25,-0.04,0.31,0.16,-0.16,-0.27,0.36,0.13,0.21,-0.53,0.50,0.34,-0.24,-1.75,-5.01,3.92,1.31,-1.25,3.24,1.10,0.03,-1.72,0.24,0.08,0.03,0.34
 "98000","Far West",8,SQGDP11,82,"81","   Other services (except government and government enterprises) ","Percentage points",-0.03,0.03,0.04,0.06,0.02,-0.03,-0.06,-0.11,-0.07,-0.07,-0.04,-0.22,-0.12,-0.10,-0.15,-0.23,-0.18,-0.14,-0.07,-0.04,0.05,0.02,-0.05,-0.03,-0.09,0.05,0.17,-0.21,0.19,0.08,0.00,-0.06,-0.11,-0.01,0.06,0.11,0.13,0.14,-0.02,0.10,-0.04,-0.12,0.01,0.10,-0.07,0.01,-0.02,0.01,0.10,0.26,-0.10,0.09,0.07,-0.05,0.05,-0.07,-0.02,0.14,-0.01,-0.38,-1.47,1.01,0.21,-0.01,0.29,0.29,0.13,0.11,0.03,0.06,0.00,0.00
 "98000","Far West",8,SQGDP11,83,"..."," Government and government enterprises ","Percentage points",-0.35,0.21,0.10,0.80,-0.29,0.35,0.02,0.45,0.39,-0.02,0.85,0.08,0.41,0.41,-0.49,-0.64,-0.24,-0.12,-0.72,0.77,-0.25,-0.67,0.25,0.76,-0.30,-0.16,-0.07,0.31,-0.56,-0.46,0.26,-0.13,0.05,0.41,0.05,0.11,0.42,0.37,0.21,-0.35,0.88,0.67,-0.19,1.07,-0.19,0.35,-0.12,0.19,0.02,0.05,0.23,0.07,0.14,-0.16,0.65,-0.60,0.51,-0.06,1.04,-0.05,-1.99,1.39,-0.48,0.63,0.09,0.60,-0.30,0.55,-0.09,0.06,0.13,0.33
 "98000","Far West",8,SQGDP11,84,"...","  Federal civilian ","Percentage points",-0.02,-0.02,0.04,0.00,0.04,0.00,0.02,-0.07,-0.04,0.05,0.01,0.06,0.03,0.01,-0.04,0.07,0.13,0.02,0.02,0.26,0.15,-0.05,-0.02,0.02,-0.03,-0.07,0.01,-0.01,-0.01,-0.02,-0.05,-0.04,-0.09,-0.14,0.01,0.19,0.04,0.05,0.01,0.09,0.08,0.02,0.03,0.07,0.02,0.05,0.06,0.07,0.02,0.04,0.03,0.00,0.02,0.01,-0.03,-0.08,0.13,0.02,0.03,0.06,0.07,0.35,-0.14,0.04,-0.01,-0.06,-0.05,0.00,-0.03,-0.05,0.06,0.07
 "98000","Far West",8,SQGDP11,85,"...","  Military ","Percentage points",0.01,-0.01,0.08,0.02,-0.01,0.06,-0.04,0.02,0.00,0.08,0.09,0.06,0.12,0.11,0.05,-0.01,0.04,0.04,0.01,0.11,-0.06,-0.03,-0.03,0.01,0.00,-0.01,0.06,0.02,0.00,-0.01,-0.08,-0.05,-0.04,-0.06,-0.15,0.02,-0.07,-0.09,-0.10,0.05,-0.04,-0.03,-0.02,0.04,0.00,-0.02,-0.02,0.04,-0.08,-0.05,-0.08,-0.23,-0.05,-0.01,-0.05,-0.06,0.09,0.00,0.03,-0.01,0.11,-0.01,0.01,0.18,0.03,0.00,0.01,-0.03,-0.01,-0.01,-0.05,-0.01
 "98000","Far West",8,SQGDP11,86,"...","  State and local ","Percentage points",-0.35,0.25,-0.03,0.79,-0.32,0.30,0.04,0.50,0.42,-0.15,0.75,-0.04,0.26,0.29,-0.50,-0.70,-0.41,-0.18,-0.75,0.41,-0.35,-0.59,0.30,0.72,-0.27,-0.08,-0.13,0.30,-0.55,-0.43,0.38,-0.04,0.19,0.60,0.18,-0.10,0.46,0.41,0.29,-0.49,0.83,0.68,-0.20,0.96,-0.21,0.32,-0.16,0.08,0.08,0.06,0.28,0.30,0.18,-0.15,0.72,-0.46,0.30,-0.08,0.98,-0.11,-2.17,1.06,-0.35,0.41,0.07,0.66,-0.27,0.57,-0.06,0.12,0.12,0.27
"Note: See the included footnote file."
"SQGDP11: Contributions to percent change in real GDP 1/"
"Last updated: June 30, 2023-- new statistics for 2023:Q1."
"U.S. Bureau of Economic Analysis"
