GeoFIPS,GeoName,Region,TableName,LineCode,IndustryClassification,Description,Unit,2005:Q1,2005:Q2,2005:Q3,2005:Q4,2006:Q1,2006:Q2,2006:Q3,2006:Q4,2007:Q1,2007:Q2,2007:Q3,2007:Q4,2008:Q1,2008:Q2,2008:Q3,2008:Q4,2009:Q1,2009:Q2,2009:Q3,2009:Q4,2010:Q1,2010:Q2,2010:Q3,2010:Q4,2011:Q1,2011:Q2,2011:Q3,2011:Q4,2012:Q1,2012:Q2,2012:Q3,2012:Q4,2013:Q1,2013:Q2,2013:Q3,2013:Q4,2014:Q1,2014:Q2,2014:Q3,2014:Q4,2015:Q1,2015:Q2,2015:Q3,2015:Q4,2016:Q1,2016:Q2,2016:Q3,2016:Q4,2017:Q1,2017:Q2,2017:Q3,2017:Q4,2018:Q1,2018:Q2,2018:Q3,2018:Q4,2019:Q1,2019:Q2,2019:Q3,2019:Q4,2020:Q1,2020:Q2,2020:Q3,2020:Q4,2021:Q1,2021:Q2,2021:Q3,2021:Q4,2022:Q1,2022:Q2,2022:Q3,2022:Q4,2023:Q1
 "00000","United States", ,SQGDP1,1,"...","Real GDP (millions of chained 2012 dollars)  ","Millions of chained 2012 dollars",14767846.0,14839707.0,14956291.0,15041232.0,15244088.0,15281525.0,15304517.0,15433643.0,15478956.0,15577779.0,15671605.0,15767146.0,15702906.0,15792773.0,15709562.0,15366607.0,15187475.0,15161772.0,15216647.0,15379155.0,15456059.0,15605628.0,15726282.0,15807995.0,15769911.0,15876839.0,15870684.0,16048702.0,16179968.0,16253726.0,16282151.0,16300035.0,16441485.0,16464402.0,16594743.0,16712760.0,16654247.0,16868109.0,17064616.0,17141235.0,17280647.0,17380875.0,17437080.0,17462579.0,17565465.0,17618581.0,17724489.0,17812560.0,17889094.0,17979218.0,18127994.0,18310300.0,18437127.0,18565697.0,18699748.0,18733741.0,18835411.0,18962175.0,19130932.0,19215691.0,18989877.0,17378712.0,18743720.0,18924262.0,19216224.0,19544248.0,19672594.0,20006181.0,19924088.0,19895271.0,20054663.0,20182491.0,20282760.0
 "00000","United States", ,SQGDP1,2,"...","Chain-type quantity indexes for real GDP ","Quantity index",90.857,91.299,92.016,92.539,93.787,94.017,94.159,94.953,95.232,95.840,96.417,97.005,96.610,97.163,96.651,94.541,93.439,93.280,93.618,94.618,95.091,96.011,96.753,97.256,97.022,97.680,97.642,98.737,99.545,99.999,100.173,100.283,101.154,101.295,102.097,102.823,102.463,103.778,104.987,105.459,106.316,106.933,107.279,107.436,108.069,108.396,109.047,109.589,110.060,110.614,111.530,112.651,113.432,114.223,115.047,115.256,115.882,116.662,117.700,118.222,116.832,106.920,115.318,116.429,118.225,120.243,121.033,123.085,122.580,122.403,123.383,124.170,124.786
 "00000","United States", ,SQGDP1,3,"...","Current-dollar GDP (millions of current dollars) ","Millions of current dollars",12767286.0,12922656.0,13142642.0,13324204.0,13599160.0,13753424.0,13870188.0,14039560.0,14215651.0,14402082.0,14564117.0,14715058.0,14706538.0,14865701.0,14898999.0,14608208.0,14430901.0,14381236.0,14448882.0,14651248.0,14764611.0,14980193.0,15141605.0,15309471.0,15351444.0,15557535.0,15647681.0,15842267.0,16068824.0,16207130.0,16319540.0,16420386.0,16629050.0,16699551.0,16911068.0,17133114.0,17144281.0,17462703.0,17743227.0,17852540.0,17991348.0,18193707.0,18306960.0,18332079.0,18425306.0,18611617.0,18775459.0,18968041.0,19148194.0,19304506.0,19561896.0,19894750.0,20155486.0,20470197.0,20687278.0,20819269.0,21013085.0,21272448.0,21531839.0,21706532.0,21538032.0,19636731.0,21362428.0,21704706.0,22313850.0,23046934.0,23550420.0,24349121.0,24740480.0,25248476.0,25723941.0,26137992.0,26529774.0
 "01000","Alabama",5,SQGDP1,1,"...","Real GDP (millions of chained 2012 dollars)  ","Millions of chained 2012 dollars",182600.4,184625.7,184134.9,186116.9,186539.0,187489.6,187442.8,187611.6,187376.1,188746.2,189934.1,189953.7,188933.9,189288.6,187535.2,182028.9,180072.9,180406.4,180990.1,181359.2,181276.7,183649.6,187004.4,186878.9,185740.7,186746.9,187669.2,190266.5,190077.6,190536.7,188418.1,187949.6,191903.7,191053.3,192256.9,190265.3,187517.5,189967.8,191075.8,190984.2,189878.6,191535.8,192148.5,191778.0,193112.6,194227.5,194380.5,195414.6,196339.2,196230.9,196784.7,198544.8,199763.1,200149.4,200286.4,201291.6,202118.2,202918.2,204228.6,204465.8,204004.9,186912.4,204205.1,204400.7,207001.8,209857.1,210029.1,213029.2,212789.5,212311.6,212946.3,215011.6,215084.4
 "01000","Alabama",5,SQGDP1,2,"...","Chain-type quantity indexes for real GDP ","Quantity index",96.489,97.559,97.299,98.347,98.570,99.072,99.047,99.137,99.012,99.736,100.364,100.374,99.835,100.023,99.096,96.187,95.153,95.329,95.638,95.833,95.789,97.043,98.816,98.749,98.148,98.680,99.167,100.540,100.440,100.682,99.563,99.315,101.405,100.955,101.591,100.539,99.087,100.382,100.967,100.919,100.335,101.210,101.534,101.338,102.043,102.633,102.713,103.260,103.748,103.691,103.984,104.914,105.558,105.762,105.834,106.365,106.802,107.225,107.917,108.043,107.799,98.767,107.905,108.008,109.383,110.891,110.982,112.568,112.441,112.188,112.524,113.615,113.654
 "01000","Alabama",5,SQGDP1,3,"...","Current-dollar GDP (millions of current dollars) ","Millions of current dollars",155702.7,158097.7,159237.5,162349.4,163922.4,166060.1,167426.9,168466.7,169991.5,172482.7,174468.8,174957.8,174508.1,175783.0,175791.0,172023.1,170326.7,170239.2,170973.3,172184.3,172778.3,175855.6,179801.4,180561.3,180499.3,182689.4,185011.7,187466.1,188424.6,190053.1,189027.2,189477.2,194124.9,193786.5,195890.8,195345.5,193282.5,196937.5,199296.5,200110.9,199782.1,202344.6,203858.1,203504.8,204691.9,207129.8,207694.5,209957.3,212297.4,212991.0,214826.3,218310.5,221086.3,223366.2,224329.3,226655.5,228676.3,230521.9,233042.0,234007.4,234320.7,214635.2,236544.9,238067.4,244364.0,251708.4,256089.6,264277.0,269436.4,275396.0,280219.7,286217.8,289037.9
 "02000","Alaska",8,SQGDP1,1,"...","Real GDP (millions of chained 2012 dollars)  ","Millions of chained 2012 dollars",45176.1,45776.9,45501.7,46173.5,47346.6,48911.2,49486.7,51016.2,51384.8,52275.8,52106.7,51116.5,49885.8,48777.2,50833.6,55511.7,57551.9,56989.5,55545.6,54773.5,53479.1,54794.8,55173.0,54959.1,53410.9,54642.5,55356.9,57711.1,57685.0,59227.9,58744.5,57477.2,56769.5,54798.0,55176.3,54673.4,53780.7,54013.5,54271.9,54686.8,55210.6,54650.5,54560.8,54541.5,55065.2,54197.5,53849.2,53874.6,54049.9,54133.8,54771.1,54159.9,53587.9,53171.0,53245.9,53303.1,53136.3,53072.5,53940.9,53585.5,53030.0,48540.1,50181.2,51069.4,50690.3,50707.9,50935.9,51143.5,49070.4,48963.4,49999.1,50501.7,50700.8
 "02000","Alaska",8,SQGDP1,2,"...","Chain-type quantity indexes for real GDP ","Quantity index",77.511,78.542,78.069,79.222,81.235,83.919,84.907,87.531,88.163,89.692,89.402,87.703,85.592,83.689,87.218,95.244,98.745,97.780,95.302,93.977,91.757,94.014,94.663,94.296,91.640,93.753,94.978,99.018,98.973,101.620,100.791,98.616,97.402,94.020,94.669,93.806,92.274,92.673,93.117,93.829,94.727,93.766,93.613,93.579,94.478,92.989,92.392,92.435,92.736,92.880,93.973,92.925,91.943,91.228,91.357,91.455,91.169,91.059,92.549,91.939,90.986,83.283,86.098,87.622,86.972,87.002,87.393,87.749,84.192,84.009,85.786,86.648,86.990
 "02000","Alaska",8,SQGDP1,3,"...","Current-dollar GDP (millions of current dollars) ","Millions of current dollars",37792.5,39198.7,40905.2,43529.9,43276.9,45016.6,45700.4,46382.5,47104.0,49415.8,50222.5,51592.7,52863.3,56284.1,57741.4,53601.1,50804.3,49588.2,48973.7,50464.9,51903.8,52922.5,53903.5,54596.6,54492.2,57059.1,57102.2,58932.0,58499.4,58652.9,58301.9,57680.4,57879.2,56608.4,57823.3,56679.9,56871.6,57354.7,56748.9,54964.6,52146.2,52193.5,51181.2,50442.7,49864.8,50542.3,50843.4,51660.1,52670.5,52777.7,53574.5,54183.3,54440.2,54658.8,55240.4,55259.0,54461.6,54522.3,55034.3,54894.8,53160.4,46625.7,49944.3,52170.4,53840.1,56150.0,58248.7,61158.8,60944.2,64256.6,65130.3,64140.8,63750.2
 "04000","Arizona",6,SQGDP1,1,"...","Real GDP (millions of chained 2012 dollars)  ","Millions of chained 2012 dollars",256521.4,260884.6,265619.7,266278.2,271247.2,271897.9,275090.9,278481.7,279269.0,282276.6,285827.2,285630.2,285356.3,285017.1,281661.6,271205.2,261774.7,256640.0,254266.1,257313.1,255010.4,259202.3,262030.2,264985.6,263630.3,264532.0,265432.6,270811.2,270945.9,272153.0,271149.3,271511.9,272653.7,272500.2,273546.4,275227.2,275486.8,276481.0,278221.4,277606.6,281222.8,282426.5,281689.2,284969.4,286940.7,289953.3,293674.5,294532.4,299029.1,300828.8,306349.5,308216.8,312663.6,313425.3,316005.5,317215.3,320391.8,323022.0,327457.6,330709.7,328587.6,310250.0,331692.4,338182.1,339659.7,344936.2,348706.0,357322.0,355309.3,353565.6,356966.0,359827.3,362191.9
 "04000","Arizona",6,SQGDP1,2,"...","Chain-type quantity indexes for real GDP ","Quantity index",94.504,96.111,97.856,98.098,99.929,100.169,101.345,102.594,102.884,103.992,105.300,105.228,105.127,105.002,103.766,99.914,96.439,94.548,93.673,94.796,93.947,95.492,96.533,97.622,97.123,97.455,97.787,99.768,99.818,100.263,99.893,100.026,100.447,100.391,100.776,101.395,101.491,101.857,102.498,102.272,103.604,104.047,103.776,104.984,105.711,106.820,108.191,108.507,110.164,110.827,112.861,113.549,115.187,115.468,116.418,116.864,118.034,119.003,120.637,121.835,121.053,114.298,122.197,124.588,125.133,127.076,128.465,131.639,130.898,130.256,131.508,132.562,133.433
 "04000","Arizona",6,SQGDP1,3,"...","Current-dollar GDP (millions of current dollars) ","Millions of current dollars",220647.6,225552.6,231487.1,233976.4,240385.0,242839.9,247795.9,252806.9,256004.6,259985.9,264576.2,265001.2,264549.9,265361.0,264331.3,257462.0,249753.9,245160.8,243381.8,247400.8,245589.8,249783.0,252857.5,256381.9,256374.6,258934.3,261472.5,266881.5,269074.1,271604.9,271633.6,273447.5,275876.3,276875.9,279361.5,282252.8,283488.1,286289.0,289914.0,290975.5,295882.1,298929.9,299379.0,303382.0,305839.1,311399.3,316315.1,318772.0,325087.6,328113.1,335355.4,339451.0,346180.3,349910.3,354074.3,357353.1,362999.7,368600.6,376051.7,381922.0,381906.7,359842.4,388675.6,397864.4,402829.7,413811.4,423204.7,440260.9,446397.1,453602.3,463653.7,472146.0,479758.8
 "05000","Arkansas",5,SQGDP1,1,"...","Real GDP (millions of chained 2012 dollars)  ","Millions of chained 2012 dollars",104693.3,105271.5,105872.6,108082.4,108122.4,109421.7,108515.5,107782.7,105496.6,106460.1,106792.1,111675.6,106514.9,107887.2,107000.4,104743.4,105389.1,101652.8,102153.5,102791.0,102789.8,105525.4,107112.0,107220.9,106992.8,107614.0,107800.8,109322.6,109050.0,109000.4,108335.1,107582.7,110536.4,110322.7,111177.9,110972.6,110925.0,111544.9,112045.8,112422.3,111583.0,112224.6,112863.5,112732.8,112424.3,112549.8,112484.3,113734.1,113217.1,113428.7,113821.7,114933.5,115480.8,115316.6,116197.4,116546.1,116488.4,116386.4,117477.3,118152.6,118972.3,111033.0,119377.4,119689.9,121860.2,123015.2,123676.9,124837.0,126803.5,125830.9,126248.3,127245.8,127312.2
 "05000","Arkansas",5,SQGDP1,2,"...","Chain-type quantity indexes for real GDP ","Quantity index",96.499,97.032,97.586,99.622,99.659,100.857,100.022,99.346,97.239,98.127,98.433,102.934,98.178,99.442,98.625,96.545,97.140,93.696,94.158,94.745,94.744,97.266,98.728,98.828,98.618,99.191,99.363,100.765,100.514,100.469,99.855,99.162,101.884,101.687,102.476,102.286,102.242,102.814,103.276,103.623,102.849,103.440,104.029,103.909,103.624,103.740,103.680,104.832,104.355,104.550,104.912,105.937,106.442,106.290,107.102,107.424,107.370,107.276,108.282,108.904,109.660,102.342,110.033,110.321,112.322,113.386,113.996,115.066,116.878,115.982,116.366,117.286,117.347
 "05000","Arkansas",5,SQGDP1,3,"...","Current-dollar GDP (millions of current dollars) ","Millions of current dollars",89068.5,89829.1,91062.3,93591.1,94375.6,96268.5,96468.3,96388.1,95510.7,97088.5,98009.8,102917.6,98495.2,100579.9,100787.6,98964.4,99555.2,95965.2,96634.7,97877.5,98284.6,101131.8,102983.7,103546.0,104016.7,105355.4,106202.4,107497.9,108006.5,108549.9,108667.9,108744.1,112468.8,112520.9,113828.9,114090.7,114519.0,115882.2,116756.3,117400.3,116367.9,117583.7,118665.1,118530.4,118021.8,118902.6,118938.7,120746.5,121021.2,121582.9,122631.3,124631.5,125956.8,126813.0,128112.5,129260.4,129821.1,130447.7,132373.8,133670.4,135166.1,126007.4,136709.3,137993.6,142628.0,146986.8,150537.9,154551.7,160869.8,163778.9,166488.0,169745.9,171152.2
 "06000","California",8,SQGDP1,1,"...","Real GDP (millions of chained 2012 dollars)  ","Millions of chained 2012 dollars",1896451.4,1913819.0,1940272.3,1956825.6,1998965.4,1992185.0,2003116.6,2015482.7,2010197.5,2028647.2,2047151.8,2078772.2,2048458.1,2090779.0,2089111.0,2018207.0,2014380.2,1989827.3,1983954.8,1993596.4,2014927.8,2023682.5,2030692.7,2074757.2,2063725.7,2066176.3,2057265.9,2068142.1,2097468.6,2100537.7,2112352.9,2142026.6,2138941.9,2156746.2,2184393.8,2236834.0,2216087.8,2241222.5,2281298.4,2285610.2,2332010.5,2362335.5,2365812.5,2369653.2,2406765.8,2406800.8,2441320.6,2456691.1,2479092.3,2516279.8,2557690.3,2599753.8,2603286.7,2635489.3,2662669.0,2674799.7,2682675.6,2720749.7,2740837.8,2772640.2,2726966.1,2497144.4,2698461.3,2746311.9,2802569.5,2858504.7,2894880.5,2942968.5,2870410.5,2866766.2,2893948.3,2911384.3,2919913.3
 "06000","California",8,SQGDP1,2,"...","Chain-type quantity indexes for real GDP ","Quantity index",89.748,90.569,91.821,92.605,94.599,94.278,94.795,95.381,95.130,96.004,96.879,98.376,96.941,98.944,98.865,95.509,95.328,94.166,93.889,94.345,95.354,95.769,96.100,98.186,97.664,97.780,97.358,97.873,99.260,99.406,99.965,101.369,101.223,102.066,103.374,105.856,104.874,106.063,107.960,108.164,110.360,111.795,111.960,112.141,113.898,113.899,115.533,116.260,117.320,119.080,121.040,123.031,123.198,124.722,126.008,126.582,126.955,128.757,129.707,131.212,129.051,118.175,127.702,129.966,132.629,135.276,136.997,139.273,135.839,135.667,136.953,137.778,138.182
 "06000","California",8,SQGDP1,3,"...","Current-dollar GDP (millions of current dollars) ","Millions of current dollars",1657292.4,1680340.0,1715935.1,1740674.1,1789641.0,1797006.6,1820211.6,1841980.7,1855811.4,1883992.9,1910858.6,1944945.1,1920582.3,1964303.1,1976074.2,1917821.8,1910813.6,1881658.2,1876005.3,1892186.4,1919069.0,1937908.1,1953261.5,2006132.2,2007608.8,2022198.7,2027032.7,2037160.0,2079759.5,2094742.1,2118154.5,2159729.7,2167627.5,2191853.4,2228668.7,2293409.9,2277808.7,2315807.3,2367246.4,2380283.6,2434212.2,2476522.9,2489391.9,2494096.5,2533323.0,2546150.8,2586282.9,2612779.4,2649399.8,2697330.3,2754033.6,2814208.6,2830221.0,2887010.8,2923407.4,2948163.4,2970816.1,3028633.1,3062616.7,3108710.4,3074465.6,2812435.1,3060840.2,3132952.5,3225265.8,3331416.0,3416146.0,3520134.9,3497723.7,3558511.9,3634821.3,3701354.1,3755486.5
 "08000","Colorado",7,SQGDP1,1,"...","Real GDP (millions of chained 2012 dollars)  ","Millions of chained 2012 dollars",250734.2,251939.1,253059.7,250500.7,256879.2,255511.4,259127.6,258202.5,261339.4,265303.1,267714.0,273193.4,270427.7,272668.6,272262.6,268566.7,267475.2,262831.1,264442.7,265116.1,264279.2,265486.2,268419.5,273250.7,270474.2,271053.5,271376.9,273898.0,275172.9,276919.0,276451.2,278749.5,283490.7,283967.3,287284.3,290294.0,292113.6,295755.1,300430.9,306321.4,309642.5,311206.2,313371.0,315418.9,314964.4,316105.6,320509.4,324234.0,324788.1,327049.7,331876.6,335938.7,339024.9,341279.8,343556.7,347071.2,350431.0,355838.1,363469.4,364015.4,364343.9,333946.6,357012.4,358077.8,366673.8,371776.5,374332.1,382270.9,384984.6,383060.0,386374.9,388919.9,390720.5
 "08000","Colorado",7,SQGDP1,2,"...","Chain-type quantity indexes for real GDP ","Quantity index",90.576,91.011,91.416,90.491,92.795,92.301,93.608,93.273,94.407,95.838,96.709,98.689,97.690,98.499,98.353,97.017,96.623,94.945,95.528,95.771,95.469,95.905,96.964,98.709,97.707,97.916,98.033,98.943,99.404,100.035,99.866,100.696,102.409,102.581,103.779,104.866,105.524,106.839,108.528,110.656,111.856,112.421,113.203,113.942,113.778,114.190,115.781,117.127,117.327,118.144,119.888,121.355,122.470,123.284,124.107,125.377,126.590,128.543,131.300,131.497,131.616,120.635,128.968,129.353,132.458,134.301,135.224,138.092,139.072,138.377,139.575,140.494,141.144
 "08000","Colorado",7,SQGDP1,3,"...","Current-dollar GDP (millions of current dollars) ","Millions of current dollars",216841.7,219446.3,223217.9,223629.0,229764.1,230356.4,235147.8,235318.6,240522.7,246128.3,250109.4,257025.7,255957.0,261629.0,262416.1,255484.8,252786.2,248374.2,250606.2,253144.1,253940.1,255373.3,258953.3,264934.3,264147.5,266862.8,268330.6,270723.3,273614.1,276036.5,276873.8,280768.1,287255.3,289101.3,294140.3,298065.0,301806.8,307147.1,312328.2,316888.2,316793.3,320320.4,322179.3,323591.2,321951.2,326571.2,332515.8,338608.8,341504.7,344869.7,351408.9,358842.9,364680.8,370341.1,374417.1,379409.2,383635.8,391635.4,400464.2,402403.5,402456.2,365841.6,396054.4,400700.9,416528.3,429887.0,440203.6,458818.9,471814.2,480828.3,489340.5,495503.1,502025.8
 "09000","Connecticut",1,SQGDP1,1,"...","Real GDP (millions of chained 2012 dollars)  ","Millions of chained 2012 dollars",236627.0,238189.5,237983.3,241398.4,249100.4,246858.5,246937.1,250039.3,258116.3,258100.6,258695.3,256899.9,269900.2,265383.3,254868.2,240872.2,246919.0,244143.1,243640.6,244876.4,243504.8,245522.0,245500.5,242891.6,237263.1,239617.8,237947.0,239341.7,240932.4,241451.5,240699.6,240564.1,237008.3,235342.3,236373.7,235478.3,231554.2,234565.8,237162.3,239841.4,242291.6,243542.0,242306.5,242686.1,243591.8,242970.3,242690.1,243894.5,243458.0,247388.4,248506.7,248790.5,248666.2,246899.6,250921.2,249812.0,251484.3,251650.1,251556.4,251582.1,243008.4,220597.9,237183.6,240149.7,240879.9,246676.8,248028.1,250638.6,254010.8,250985.1,252526.3,252610.9,252808.8
 "09000","Connecticut",1,SQGDP1,2,"...","Chain-type quantity indexes for real GDP ","Quantity index",98.221,98.870,98.784,100.202,103.399,102.468,102.501,103.789,107.141,107.135,107.382,106.636,112.033,110.158,105.793,99.984,102.493,101.341,101.133,101.646,101.076,101.914,101.905,100.822,98.485,99.463,98.769,99.348,100.009,100.224,99.912,99.856,98.380,97.688,98.116,97.745,96.116,97.366,98.444,99.556,100.573,101.092,100.579,100.736,101.112,100.854,100.738,101.238,101.057,102.688,103.153,103.270,103.219,102.485,104.155,103.694,104.388,104.457,104.418,104.429,100.870,91.568,98.452,99.684,99.987,102.393,102.954,104.037,105.437,104.181,104.821,104.856,104.938
 "09000","Connecticut",1,SQGDP1,3,"...","Current-dollar GDP (millions of current dollars) ","Millions of current dollars",201987.1,204097.8,205354.2,209419.5,217896.9,218199.4,219559.4,223418.0,232781.0,234378.3,236030.4,234973.0,247467.5,243562.6,237223.9,227493.3,234566.4,232238.0,232254.7,234103.7,232715.4,235591.2,236049.7,234443.7,229837.2,233670.8,233821.3,235305.7,238772.4,240728.1,241411.7,242735.6,240516.6,239938.9,242299.8,243314.6,240087.1,244480.8,248804.4,253015.6,257473.1,260034.0,259889.4,260554.6,262267.0,263122.1,263493.1,265799.0,265793.3,271098.7,273548.5,275332.4,276984.1,277263.6,282713.3,282730.9,285862.9,287992.4,289500.6,290789.4,283711.4,258117.7,279345.0,283718.9,286772.6,296687.5,301604.2,308516.5,317332.9,317906.7,323825.2,328313.8,333102.2
 "10000","Delaware",2,SQGDP1,1,"...","Real GDP (millions of chained 2012 dollars)  ","Millions of chained 2012 dollars",58721.4,57325.3,57194.8,64098.7,60658.4,61328.7,60745.3,59764.7,60383.9,61806.6,60284.7,59436.3,58734.6,59173.2,58921.9,57793.0,61222.9,62096.9,62197.6,60553.4,61290.1,59817.6,60268.2,60932.9,62150.3,62703.8,63487.8,63335.4,63922.1,62848.8,62056.8,60590.7,59575.1,59423.6,59772.8,62171.7,62662.9,64638.8,65972.4,66486.2,67205.5,68348.4,66082.5,65537.4,63568.9,63407.0,62664.9,62364.6,61651.2,59733.1,60072.4,59973.4,60369.1,60863.7,62156.8,62310.9,63295.1,63873.7,64475.1,64930.1,63390.8,59399.1,63312.7,63024.4,63357.3,64176.8,64460.9,65623.9,65345.0,65544.2,65846.3,66283.8,66455.3
 "10000","Delaware",2,SQGDP1,2,"...","Chain-type quantity indexes for real GDP ","Quantity index",94.173,91.934,91.725,102.797,97.280,98.355,97.419,95.846,96.840,99.121,96.680,95.320,94.195,94.898,94.495,92.684,98.185,99.587,99.748,97.111,98.293,95.931,96.654,97.720,99.672,100.560,101.817,101.573,102.514,100.793,99.522,97.171,95.542,95.300,95.859,99.707,100.494,103.663,105.802,106.626,107.780,109.612,105.979,105.104,101.947,101.688,100.498,100.016,98.872,95.796,96.340,96.181,96.816,97.609,99.683,99.930,101.508,102.436,103.401,104.130,101.662,95.260,101.537,101.074,101.608,102.922,103.378,105.243,104.796,105.115,105.600,106.301,106.576
 "10000","Delaware",2,SQGDP1,3,"...","Current-dollar GDP (millions of current dollars) ","Millions of current dollars",51134.7,50162.3,50425.6,56891.4,54409.2,55739.2,55526.0,55023.1,56034.8,57700.2,56609.6,56106.7,55475.9,55732.2,55809.7,54821.4,57564.0,58199.2,58359.1,57276.4,58298.1,57410.5,58009.6,58935.9,60135.2,61038.5,62238.0,62077.2,63329.8,62626.2,62261.2,61201.3,60525.2,60609.2,61348.8,64381.5,65239.4,67846.9,69743.9,70588.6,71813.8,73499.3,71454.0,70888.6,69118.4,69628.6,69281.8,69391.1,68920.6,67272.1,68239.5,68778.0,70079.8,71404.5,73282.9,73906.1,75305.1,76538.4,77601.1,78250.2,77057.9,72058.6,77085.3,77072.6,78321.2,80369.6,81716.0,84233.2,85163.0,86672.7,88147.0,90116.5,91581.1
 "11000","District of Columbia",2,SQGDP1,1,"...","Real GDP (millions of chained 2012 dollars)  ","Millions of chained 2012 dollars",99279.0,99650.1,99480.5,99513.3,99556.9,99452.7,100836.2,99376.3,100978.7,101307.0,104347.3,104321.6,106420.7,106616.0,107199.9,106838.9,105274.2,106087.9,105820.9,106392.6,108160.9,110049.9,110406.1,111329.3,111235.6,111870.5,112000.0,111479.8,111730.4,112528.2,112416.7,111952.7,112559.6,111913.8,112178.5,112677.9,113984.1,114015.6,114779.9,115434.6,116180.5,117151.9,116762.1,117138.9,119484.1,119775.1,119301.7,120016.2,119357.8,119980.9,122017.8,121680.8,122379.0,123348.0,124775.9,124219.0,123219.3,124251.9,125113.1,125804.6,125559.2,118134.2,122164.7,124082.9,124274.3,126538.3,128234.6,128884.7,129192.4,128908.0,129224.2,129748.1,130211.1
 "11000","District of Columbia",2,SQGDP1,2,"...","Chain-type quantity indexes for real GDP ","Quantity index",88.518,88.849,88.698,88.727,88.766,88.673,89.906,88.605,90.033,90.326,93.037,93.014,94.885,95.060,95.580,95.258,93.863,94.589,94.351,94.860,96.437,98.121,98.439,99.262,99.179,99.745,99.860,99.396,99.620,100.331,100.232,99.818,100.359,99.783,100.019,100.464,101.629,101.657,102.339,102.922,103.587,104.454,104.106,104.442,106.533,106.792,106.370,107.007,106.420,106.976,108.792,108.492,109.114,109.978,111.251,110.755,109.863,110.784,111.552,112.168,111.950,105.329,108.923,110.633,110.804,112.822,114.335,114.915,115.189,114.935,115.217,115.684,116.097
 "11000","District of Columbia",2,SQGDP1,3,"...","Current-dollar GDP (millions of current dollars) ","Millions of current dollars",83598.2,84739.8,85242.5,85890.0,86978.5,87517.6,89250.7,88753.3,91069.1,92166.8,95765.8,96140.0,98504.6,98937.7,99976.0,100567.7,99442.6,100466.9,100403.6,101471.0,103486.4,106022.3,106793.5,108285.3,108570.7,109659.5,110451.7,110239.6,110966.4,112347.9,112685.0,112628.6,113760.6,113703.8,114435.4,116260.7,117754.7,118418.7,120013.1,121472.0,123047.9,124697.2,124963.5,125710.1,128559.6,129515.1,129557.5,130962.1,130783.5,132015.6,134916.9,135257.9,136979.8,139057.4,141360.1,141492.7,141828.8,143115.5,144770.8,146248.1,147226.9,139076.1,144692.7,147884.4,149198.7,152320.1,155403.5,157759.7,159774.7,160728.2,163149.9,165604.7,168559.3
 "12000","Florida",5,SQGDP1,1,"...","Real GDP (millions of chained 2012 dollars)  ","Millions of chained 2012 dollars",804997.0,810485.1,824830.4,822710.5,834561.2,837003.8,839043.0,849247.0,844299.4,849761.1,855755.6,850378.4,835076.3,828485.5,814546.1,786172.9,774814.0,766557.9,763621.0,771251.6,766292.5,773469.2,779005.7,781390.4,769089.7,775337.2,768795.4,774862.9,777074.6,775608.8,782108.1,779388.7,789786.3,789901.5,796683.6,802997.2,803195.1,813239.5,822440.7,830058.9,837596.7,849477.1,856691.9,865203.9,866000.7,876557.1,889224.6,894374.5,905422.5,907338.6,913243.8,924744.6,935345.3,936415.6,947056.1,947689.8,957610.1,960872.8,968246.5,975960.5,969585.9,891076.7,966543.8,973451.2,991701.0,1023722.9,1038486.4,1064392.2,1060437.3,1064562.7,1074424.9,1084295.8,1093648.4
 "12000","Florida",5,SQGDP1,2,"...","Chain-type quantity indexes for real GDP ","Quantity index",103.398,104.103,105.945,105.673,107.195,107.509,107.771,109.081,108.446,109.147,109.917,109.227,107.261,106.415,104.624,100.980,99.521,98.460,98.083,99.063,98.426,99.348,100.059,100.365,98.786,99.588,98.748,99.527,99.811,99.623,100.458,100.108,101.444,101.459,102.330,103.141,103.166,104.456,105.638,106.617,107.585,109.111,110.038,111.131,111.233,112.589,114.216,114.878,116.297,116.543,117.301,118.779,120.140,120.278,121.644,121.726,123.000,123.419,124.366,125.357,124.538,114.454,124.147,125.035,127.379,131.492,133.388,136.716,136.208,136.737,138.004,139.272,140.473
 "12000","Florida",5,SQGDP1,3,"...","Current-dollar GDP (millions of current dollars) ","Millions of current dollars",690088.7,698709.0,715915.7,718694.0,736349.4,744377.3,752793.0,768575.7,772022.7,780225.8,790730.1,787871.5,774200.0,769610.2,762423.3,747132.6,740051.6,732371.9,730097.1,739163.3,735061.2,744674.5,751792.2,756187.7,746767.0,756616.3,755561.6,762015.1,770236.6,773982.0,783994.5,785967.1,800612.5,804243.0,815404.2,826747.0,829141.8,844744.3,859527.2,873356.2,887079.8,903590.7,915913.2,927495.9,931019.6,947174.2,962848.4,972368.0,988504.8,994557.3,1005736.2,1023777.7,1040339.7,1050300.7,1065465.5,1072915.7,1091751.1,1103391.1,1118430.0,1131996.7,1132228.4,1042523.5,1139712.2,1152442.9,1184342.0,1238614.2,1273980.2,1325296.9,1344330.4,1371467.9,1403240.7,1437239.9,1468015.3
 "13000","Georgia",5,SQGDP1,1,"...","Real GDP (millions of chained 2012 dollars)  ","Millions of chained 2012 dollars",442968.3,445971.4,447131.5,452540.3,450526.7,451071.0,453474.6,457056.1,450037.1,454087.7,458100.8,461390.3,450430.3,452091.4,447928.8,432608.0,428282.0,428911.5,428320.0,429449.2,429364.0,430871.0,434698.5,439975.3,439716.1,439654.9,441586.3,445549.6,446654.0,448185.3,448784.1,447435.4,453608.2,452996.7,454851.6,458179.3,462157.1,468677.1,473428.0,475776.8,482476.9,488730.0,491353.8,494168.7,502057.8,504413.9,507874.8,512918.2,518703.2,519767.7,524270.8,532479.6,531596.0,536013.1,542275.9,544533.3,549780.5,556686.4,560984.6,562006.2,551028.0,506655.7,544494.2,548285.2,561223.1,575976.2,577786.3,586183.0,588636.2,587662.5,591868.7,596861.8,600345.3
 "13000","Georgia",5,SQGDP1,2,"...","Chain-type quantity indexes for real GDP ","Quantity index",98.929,99.599,99.859,101.067,100.617,100.738,101.275,102.075,100.507,101.412,102.308,103.043,100.595,100.966,100.037,96.615,95.649,95.789,95.657,95.910,95.891,96.227,97.082,98.260,98.202,98.189,98.620,99.505,99.752,100.094,100.228,99.926,101.305,101.168,101.583,102.326,103.214,104.670,105.731,106.256,107.752,109.149,109.735,110.363,112.125,112.652,113.424,114.551,115.843,116.081,117.086,118.920,118.722,119.709,121.107,121.611,122.783,124.326,125.286,125.514,123.062,113.152,121.603,122.449,125.339,128.634,129.038,130.913,131.461,131.244,132.183,133.298,134.076
 "13000","Georgia",5,SQGDP1,3,"...","Current-dollar GDP (millions of current dollars) ","Millions of current dollars",383249.1,386956.2,390482.4,397463.0,399028.2,403167.1,408141.4,413725.8,411509.0,417384.7,423112.7,426418.6,416620.3,418649.9,419297.8,410942.5,408898.3,409100.2,409151.0,411213.7,411799.0,415065.2,419616.2,425884.7,426676.0,428903.5,433641.7,437394.4,442001.0,446769.9,450437.0,451850.8,460277.5,461258.4,465235.7,472239.8,477591.9,487131.6,495194.9,500398.6,510448.9,519482.2,525015.9,529085.7,539140.5,544626.2,549351.2,557068.8,565025.7,567705.6,575199.6,587177.7,588903.4,598823.2,607713.2,614025.7,623908.2,636074.5,644267.5,647719.7,638859.7,586832.9,634613.1,641397.1,662095.5,687424.7,698415.1,718572.4,734843.1,747535.2,762095.5,778317.8,792151.1
 "15000","Hawaii",8,SQGDP1,1,"...","Real GDP (millions of chained 2012 dollars)  ","Millions of chained 2012 dollars",66097.3,66774.7,67374.0,68249.4,68079.2,68669.1,69149.5,69139.5,69085.4,69427.6,70549.8,71258.7,71000.7,71402.9,70478.0,68961.7,68109.6,68023.6,67634.3,67942.5,68728.3,69123.5,70150.4,70510.2,70544.6,70433.4,70244.4,71364.0,71501.4,71955.9,72214.9,71949.0,73259.9,72764.9,73023.4,73204.7,72819.7,73307.1,73905.3,74017.5,75067.0,75773.2,76100.3,76537.4,76895.9,77135.4,77422.6,77761.6,78552.3,78686.5,79251.0,79300.0,79488.6,80091.8,80020.8,79780.0,78923.8,78928.8,79498.5,79502.4,76310.1,65797.9,68278.7,70050.9,71310.6,74502.0,76530.9,75845.4,74973.0,75083.5,75694.7,75922.0,76524.6
 "15000","Hawaii",8,SQGDP1,2,"...","Chain-type quantity indexes for real GDP ","Quantity index",91.923,92.865,93.698,94.916,94.679,95.499,96.167,96.153,96.078,96.554,98.115,99.101,98.742,99.301,98.015,95.906,94.721,94.602,94.060,94.489,95.582,96.131,97.559,98.060,98.108,97.953,97.690,99.247,99.438,100.070,100.431,100.061,101.884,101.195,101.555,101.807,101.272,101.950,102.781,102.937,104.397,105.379,105.834,106.442,106.941,107.274,107.673,108.144,109.244,109.431,110.216,110.284,110.546,111.385,111.286,110.951,109.761,109.768,110.560,110.565,106.126,91.506,94.956,97.421,99.173,103.611,106.433,105.480,104.266,104.420,105.270,105.586,106.424
 "15000","Hawaii",8,SQGDP1,3,"...","Current-dollar GDP (millions of current dollars) ","Millions of current dollars",55900.0,56858.0,57759.3,58960.4,59483.8,60433.0,61438.3,62030.8,62648.9,63345.2,64892.7,65767.7,65609.1,66107.0,65709.5,65287.1,64737.1,64562.7,64188.7,64710.4,65573.7,66299.4,67501.3,68117.5,68421.6,68635.1,69013.9,70264.9,70855.3,71866.3,72410.1,72489.4,74121.7,73986.7,74655.8,75455.6,75233.1,76274.8,77437.6,78147.7,79894.0,80913.9,81707.0,82406.3,82999.2,83639.9,84150.2,84868.1,86118.7,86674.0,87763.7,88313.3,89058.4,90420.1,90735.7,91109.0,90973.6,91422.9,92524.2,92730.1,89334.1,77205.2,80577.1,83025.6,85331.3,90191.6,94061.7,94799.9,95278.7,96978.9,99351.5,101266.0,103262.4
 "16000","Idaho",7,SQGDP1,1,"...","Real GDP (millions of chained 2012 dollars)  ","Millions of chained 2012 dollars",54984.0,55851.9,56747.8,56588.4,57675.9,58189.5,57011.7,57577.9,57953.6,58222.4,58687.5,59820.1,59894.2,61054.5,60936.6,59352.5,58216.2,56841.1,57223.9,57030.7,57817.4,57957.1,58504.5,58848.0,58007.0,58146.1,58020.4,58731.4,58172.4,58381.6,58659.2,58082.6,59476.4,60354.2,60923.8,61770.5,61708.3,62213.4,62803.7,63090.7,63501.0,62844.0,63041.2,62938.7,64747.1,65294.9,66049.6,65824.6,65867.6,66775.5,67194.2,67926.6,69917.3,70512.3,71136.1,71863.7,73083.7,73827.2,74667.5,75072.0,75726.1,70182.8,76930.1,77743.0,79045.1,78896.8,79557.9,82875.4,83600.5,83427.5,84114.1,84869.4,85665.7
 "16000","Idaho",7,SQGDP1,2,"...","Chain-type quantity indexes for real GDP ","Quantity index",94.273,95.762,97.298,97.024,98.889,99.769,97.750,98.721,99.365,99.826,100.623,102.565,102.692,104.682,104.480,101.764,99.815,97.458,98.114,97.783,99.132,99.371,100.310,100.899,99.457,99.695,99.480,100.699,99.740,100.099,100.575,99.586,101.976,103.481,104.458,105.909,105.803,106.669,107.681,108.173,108.876,107.750,108.088,107.912,111.013,111.952,113.246,112.860,112.934,114.491,115.209,116.464,119.878,120.898,121.967,123.215,125.307,126.581,128.022,128.716,129.837,120.333,131.901,133.295,135.528,135.273,136.407,142.095,143.338,143.042,144.219,145.514,146.879
 "16000","Idaho",7,SQGDP1,3,"...","Current-dollar GDP (millions of current dollars) ","Millions of current dollars",47497.0,48324.1,49347.3,49402.8,50612.9,51293.0,50831.7,51765.5,52804.0,53375.7,54137.5,55420.8,55403.5,56669.4,56946.4,55783.8,54730.1,53503.3,53885.1,54137.7,54950.3,55114.6,55828.1,56457.2,56269.0,56758.1,57097.1,57640.2,57587.0,58164.9,58816.1,58727.8,60557.8,61484.8,62229.3,63071.2,63206.8,64317.7,65075.1,65701.2,65898.7,65629.2,66103.9,65967.9,67562.3,68710.7,69552.0,69524.8,70194.7,71356.5,72066.1,73304.1,75788.6,77016.2,77770.3,79006.6,80763.4,82128.3,83722.6,84774.6,86090.2,79463.6,88217.3,89940.0,92450.3,94190.6,96460.6,102029.6,105798.8,108437.8,110781.2,113168.2,114922.6
 "17000","Illinois",3,SQGDP1,1,"...","Real GDP (millions of chained 2012 dollars)  ","Millions of chained 2012 dollars",685519.3,685960.8,689684.2,689662.0,703368.2,704060.6,703568.9,708312.6,707704.0,710808.8,712608.8,719357.6,708830.7,714308.9,711908.0,691418.3,684670.7,685734.7,687647.8,694590.6,687912.6,695484.1,703516.5,705805.1,705841.7,710480.2,709675.4,719136.2,728820.9,730157.2,726258.6,720359.7,726898.7,722806.0,724327.9,730467.2,728529.4,740200.6,747259.5,748786.5,748243.0,751309.9,755352.4,752114.5,747762.1,748754.5,746744.6,754072.8,747741.4,750465.5,755131.7,758769.2,767440.6,770207.4,774871.1,774263.1,775007.5,774750.5,779650.4,774584.1,757923.8,691519.8,741584.2,746512.4,767548.8,777898.6,780279.4,794516.3,799253.0,794219.2,798475.5,799928.6,800422.8
 "17000","Illinois",3,SQGDP1,2,"...","Chain-type quantity indexes for real GDP ","Quantity index",94.372,94.433,94.946,94.943,96.829,96.925,96.857,97.510,97.426,97.854,98.102,99.031,97.581,98.336,98.005,95.184,94.255,94.402,94.665,95.621,94.702,95.744,96.850,97.165,97.170,97.809,97.698,99.000,100.333,100.517,99.981,99.169,100.069,99.505,99.715,100.560,100.293,101.900,102.872,103.082,103.007,103.429,103.986,103.540,102.941,103.078,102.801,103.810,102.938,103.313,103.955,104.456,105.650,106.031,106.673,106.589,106.692,106.656,107.331,106.633,104.340,95.198,102.090,102.769,105.665,107.090,107.417,109.377,110.029,109.336,109.922,110.122,110.190
 "17000","Illinois",3,SQGDP1,3,"...","Current-dollar GDP (millions of current dollars) ","Millions of current dollars",582315.2,585846.2,593681.0,597405.0,615033.8,621491.5,625751.7,634694.8,640898.7,647286.3,652419.1,659976.4,650988.6,656748.7,660681.2,650211.4,646138.9,646492.8,649142.9,657676.4,652523.5,662942.1,672613.9,677539.9,680955.8,690224.7,695318.5,705024.2,721011.3,727758.5,729198.2,727628.4,737708.8,735411.1,740039.4,751326.6,751153.3,767880.4,780221.4,786169.3,790762.1,798360.8,806568.8,804030.2,800575.2,805839.8,805167.4,816590.5,813314.9,819157.7,829036.5,838144.4,852709.2,863234.7,871193.6,875506.7,880781.3,886457.4,896488.0,894433.7,880974.3,803361.1,867041.7,876394.4,910042.6,935952.8,952562.8,984137.1,1009986.4,1024018.9,1041662.8,1057572.3,1071551.5
 "18000","Indiana",3,SQGDP1,1,"...","Real GDP (millions of chained 2012 dollars)  ","Millions of chained 2012 dollars",287211.6,290265.2,291820.0,292015.9,294718.5,295480.8,296252.6,297999.0,298025.7,303170.3,305942.1,309204.7,307348.6,306737.9,300460.9,289302.8,276448.6,275936.5,278538.7,287159.2,291395.3,296966.3,300583.1,301124.7,298315.5,298568.5,297912.8,301461.4,301597.1,302312.8,300952.2,297193.4,307595.9,304667.8,307995.2,308857.7,312831.5,317865.2,319484.1,316951.4,312883.7,314704.3,313221.5,314195.2,315453.4,318480.5,321320.7,323151.4,322081.2,323505.8,324918.9,329484.6,334624.8,335816.6,337396.6,337470.2,335743.9,337162.6,339127.0,339575.3,336332.9,302558.9,333913.0,336306.7,341620.8,346166.2,345596.3,351580.2,355006.7,352022.4,351779.7,353015.0,353880.1
 "18000","Indiana",3,SQGDP1,2,"...","Chain-type quantity indexes for real GDP ","Quantity index",95.574,96.590,97.107,97.172,98.072,98.325,98.582,99.163,99.172,100.884,101.806,102.892,102.274,102.071,99.982,96.269,91.992,91.822,92.687,95.556,96.966,98.819,100.023,100.203,99.268,99.353,99.134,100.315,100.360,100.599,100.146,98.895,102.357,101.382,102.489,102.777,104.099,105.774,106.313,105.470,104.116,104.722,104.229,104.553,104.971,105.979,106.924,107.533,107.177,107.651,108.121,109.640,111.351,111.747,112.273,112.298,111.723,112.195,112.849,112.998,111.919,100.680,111.114,111.911,113.679,115.191,115.002,116.993,118.133,117.140,117.059,117.470,117.758
 "18000","Indiana",3,SQGDP1,3,"...","Current-dollar GDP (millions of current dollars) ","Millions of current dollars",243862.1,247123.7,250257.5,251438.6,255605.2,258280.1,260850.3,263675.5,266353.5,272795.7,276029.6,278859.3,277801.3,277549.6,276232.9,270571.0,260643.7,259481.2,262361.0,270821.3,274735.9,281428.3,286035.2,288049.2,287457.8,289906.9,292197.2,295862.5,298023.6,301341.9,302567.7,300122.4,311398.0,308324.5,312661.4,316169.9,320818.1,327921.9,332092.6,331000.6,328681.8,332551.9,332796.0,333752.9,334336.7,339219.3,342405.3,346041.5,347058.5,349465.4,353330.1,360550.1,368128.5,372433.2,375220.8,377004.8,376476.6,379786.2,383096.9,385169.4,382937.8,344155.9,381873.5,386159.1,396809.3,409081.4,415653.6,430356.4,444654.4,452422.4,458796.2,467127.9,473352.6
 "19000","Iowa",4,SQGDP1,1,"...","Real GDP (millions of chained 2012 dollars)  ","Millions of chained 2012 dollars",144118.8,144576.1,145571.2,144043.0,145802.3,146800.9,145883.4,147734.8,150013.6,153268.3,153783.2,154382.1,153042.0,152250.4,149299.1,144934.1,143995.3,144840.9,146888.2,149006.8,148155.9,150138.9,150711.8,151587.2,150024.1,150914.7,152095.5,156706.6,158196.8,160271.9,159424.2,156260.6,157953.8,156976.2,158754.6,160238.6,161833.6,166714.0,168976.1,168953.1,170548.1,170919.9,171492.5,171545.5,170765.2,169126.9,170998.7,170665.6,170477.2,171037.0,170036.8,171998.9,173235.8,174084.1,173694.9,173176.1,170447.3,171741.9,175301.6,177397.1,173979.9,159659.9,172700.1,177489.6,184430.3,182618.1,175641.3,176322.1,177421.2,177060.3,177199.1,176679.4,178947.6
 "19000","Iowa",4,SQGDP1,2,"...","Chain-type quantity indexes for real GDP ","Quantity index",90.905,91.193,91.821,90.857,91.967,92.596,92.018,93.185,94.623,96.676,97.001,97.378,96.533,96.034,94.172,91.419,90.827,91.360,92.651,93.988,93.451,94.702,95.063,95.615,94.630,95.191,95.936,98.845,99.785,101.093,100.559,98.563,99.631,99.015,100.136,101.072,102.078,105.157,106.584,106.569,107.575,107.810,108.171,108.204,107.712,106.679,107.860,107.649,107.531,107.884,107.253,108.490,109.271,109.806,109.560,109.233,107.512,108.328,110.574,111.895,109.740,100.707,108.933,111.954,116.332,115.189,110.788,111.217,111.911,111.683,111.770,111.443,112.873
 "19000","Iowa",4,SQGDP1,3,"...","Current-dollar GDP (millions of current dollars) ","Millions of current dollars",122230.8,122820.8,124314.5,123397.6,125734.9,127496.8,127892.4,130461.2,134118.7,137964.6,139262.7,140374.7,139079.1,138538.2,137489.0,135087.5,134576.2,135355.2,137363.5,140283.5,139434.5,141860.3,142959.7,144681.2,144777.1,146636.5,149260.5,153236.4,156232.6,159467.6,160066.6,158386.7,161442.5,160363.1,162577.6,164417.9,166554.4,173197.5,175933.8,176697.9,178465.5,179884.6,181466.0,181381.0,180317.9,179815.2,181913.0,181999.4,183014.6,184125.3,183892.6,187212.6,189717.8,192123.9,191916.5,192308.1,189917.9,192689.4,198167.4,202060.1,200016.9,183027.2,199159.3,205728.1,215596.6,219400.9,214311.5,218132.0,224774.5,230104.3,233467.8,236084.7,241247.6
 "20000","Kansas",4,SQGDP1,1,"...","Real GDP (millions of chained 2012 dollars)  ","Millions of chained 2012 dollars",124051.0,124245.1,124798.9,122704.1,129547.7,130473.2,129955.9,131481.3,135248.5,136847.2,137355.1,138923.6,140367.8,141721.8,140231.4,135826.3,133828.8,133545.6,133955.3,135578.5,132421.8,134726.5,137141.9,138602.7,137725.3,140255.3,139850.6,140486.5,146346.1,143701.7,138890.9,138334.0,140120.2,141187.0,141731.4,143854.9,140392.4,144158.9,147706.8,149118.5,146337.4,148746.8,149641.6,150516.3,150695.9,153390.5,154970.0,155724.9,155419.9,155172.6,155336.8,156129.3,157148.5,158346.5,159837.7,159605.0,158640.1,160104.8,160401.7,160158.1,163507.5,149456.2,160314.0,160115.5,159725.7,162553.7,162695.6,164188.6,165266.0,164225.9,164996.9,165268.5,167712.7
 "20000","Kansas",4,SQGDP1,2,"...","Chain-type quantity indexes for real GDP ","Quantity index",87.472,87.609,87.999,86.522,91.348,92.000,91.636,92.711,95.368,96.495,96.853,97.959,98.977,99.932,98.881,95.775,94.366,94.167,94.456,95.600,93.374,94.999,96.703,97.733,97.114,98.898,98.613,99.061,103.193,101.328,97.936,97.543,98.803,99.555,99.939,101.436,98.995,101.650,104.152,105.148,103.187,104.886,105.516,106.133,106.260,108.160,109.274,109.806,109.591,109.417,109.532,110.091,110.810,111.655,112.706,112.542,111.862,112.894,113.104,112.932,115.294,105.386,113.042,112.902,112.627,114.621,114.721,115.774,116.534,115.800,116.344,116.535,118.259
 "20000","Kansas",4,SQGDP1,3,"...","Current-dollar GDP (millions of current dollars) ","Millions of current dollars",104756.6,105279.0,106565.5,105504.1,112056.3,113708.8,114284.9,116317.6,121054.1,123412.5,124600.7,126447.6,128063.3,130026.8,129788.6,126538.6,124759.6,124455.9,124944.6,127235.6,124589.4,127204.9,130127.6,132443.5,133157.5,136722.1,137593.3,137962.6,144864.5,143181.8,139406.1,139820.4,142458.8,143678.1,144641.0,147154.9,144093.0,148874.0,152978.0,154789.4,151732.5,154889.7,156261.2,156949.4,156626.0,160175.7,161816.8,163185.7,163999.2,164239.2,165265.8,167225.8,169236.1,171892.2,173854.4,174389.1,173989.0,176460.4,177613.3,178194.8,182734.4,166364.5,180048.3,181176.3,183039.0,190202.5,193688.8,198592.0,205050.5,209272.0,212742.0,215617.4,220402.3
 "21000","Kentucky",5,SQGDP1,1,"...","Real GDP (millions of chained 2012 dollars)  ","Millions of chained 2012 dollars",168139.2,170967.1,172424.6,173190.4,175521.3,176473.8,175692.2,174943.3,172852.1,173961.1,174241.5,176574.4,176193.1,177259.3,173240.7,168547.4,166186.7,164827.7,166210.0,169592.3,168935.5,173359.8,176337.4,176487.8,173840.0,174818.6,175330.8,178992.0,178490.7,179113.9,178315.4,176654.9,182528.7,180960.2,181542.6,180991.9,180217.5,182049.5,182139.4,181480.8,181655.9,183361.8,183140.1,183506.2,181195.0,183857.4,185801.0,185606.5,184468.2,185520.2,186156.4,187537.8,186580.9,188249.5,188091.0,188785.2,190556.0,192370.7,193633.8,195327.2,193361.0,174321.8,192693.9,193208.6,195481.6,197455.1,197955.6,200380.8,201437.4,200547.4,201214.4,202302.2,203791.5
 "21000","Kentucky",5,SQGDP1,2,"...","Chain-type quantity indexes for real GDP ","Quantity index",94.384,95.971,96.790,97.219,98.528,99.063,98.624,98.203,97.030,97.652,97.809,99.119,98.905,99.504,97.248,94.613,93.288,92.525,93.301,95.200,94.831,97.315,98.986,99.070,97.584,98.133,98.421,100.476,100.195,100.545,100.096,99.164,102.461,101.581,101.908,101.599,101.164,102.192,102.243,101.873,101.972,102.929,102.805,103.010,101.713,103.207,104.298,104.189,103.550,104.141,104.498,105.273,104.736,105.673,105.584,105.974,106.968,107.986,108.695,109.646,108.542,97.855,108.168,108.457,109.733,110.840,111.121,112.483,113.076,112.576,112.951,113.561,114.397
 "21000","Kentucky",5,SQGDP1,3,"...","Current-dollar GDP (millions of current dollars) ","Millions of current dollars",140967.8,143934.4,146600.5,148541.6,151387.6,153539.2,154272.0,154435.0,154403.6,156666.6,157585.6,159998.9,159793.6,161867.8,160435.8,157438.1,156091.7,155147.5,157225.8,161454.3,161357.3,165752.3,168891.0,169634.1,168132.5,170403.5,172058.3,175753.3,176704.9,178502.3,179052.1,178315.5,184845.2,183411.0,184656.5,185184.7,184832.7,187991.6,189403.9,189707.0,190561.6,193780.5,194437.9,194872.2,192083.7,196171.4,198484.6,199200.1,199106.2,200714.5,202426.5,205241.7,205233.2,208767.4,209167.0,211066.8,213966.7,217263.8,219766.8,222981.7,221906.5,199601.7,222217.4,223736.8,228614.2,234813.2,239182.8,246117.9,253190.8,258293.5,262439.5,267292.7,271993.8
 "22000","Louisiana",5,SQGDP1,1,"...","Real GDP (millions of chained 2012 dollars)  ","Millions of chained 2012 dollars",247839.3,250917.6,246429.1,245906.9,246621.5,246043.3,244566.2,244770.1,233339.3,230236.5,229263.2,228631.8,229226.5,231917.3,232806.9,234652.0,236002.6,234460.5,236374.1,238806.8,244996.8,248058.5,249534.2,244755.2,237067.2,234453.9,232156.4,236225.3,238407.2,239344.6,233435.6,230351.3,229867.2,227188.6,227949.9,228805.4,228593.4,234835.9,238232.2,239758.9,235729.6,233505.1,232551.8,230277.4,228352.8,228008.5,228056.5,229296.3,232183.7,233015.5,234003.0,234204.4,236904.5,237538.5,237502.3,237247.9,237800.9,236743.1,237569.8,236064.5,228455.8,207356.9,220884.5,216989.5,217163.4,222838.7,222078.6,222530.2,217427.2,215768.5,217109.3,218318.4,219052.8
 "22000","Louisiana",5,SQGDP1,2,"...","Chain-type quantity indexes for real GDP ","Quantity index",105.291,106.599,104.692,104.470,104.774,104.528,103.901,103.987,99.131,97.813,97.399,97.131,97.384,98.527,98.905,99.689,100.263,99.607,100.420,101.454,104.084,105.384,106.011,103.981,100.715,99.605,98.629,100.357,101.284,101.682,99.172,97.862,97.656,96.518,96.841,97.205,97.115,99.767,101.210,101.858,100.147,99.201,98.797,97.830,97.013,96.866,96.887,97.413,98.640,98.993,99.413,99.499,100.646,100.915,100.900,100.792,101.027,100.577,100.928,100.289,97.056,88.093,93.840,92.185,92.259,94.670,94.347,94.539,92.371,91.666,92.236,92.750,93.062
 "22000","Louisiana",5,SQGDP1,3,"...","Current-dollar GDP (millions of current dollars) ","Millions of current dollars",192506.0,198324.1,201444.2,206104.5,205690.8,208132.4,208965.0,208306.8,201514.5,202827.9,203178.4,204643.2,208053.3,214948.6,217057.4,209510.3,205180.1,201560.3,203920.9,208966.3,218847.5,224085.2,229040.9,229262.1,227083.3,229374.3,229594.2,233728.1,236763.8,238130.5,234401.8,232242.7,231818.3,228835.3,230416.6,232259.7,233108.8,240492.1,244771.4,244576.8,237729.1,236990.6,235201.1,230533.3,225064.2,226215.2,226803.0,230280.3,236353.0,238650.4,242843.1,247007.2,253333.2,256959.3,258057.1,258361.7,257458.7,256101.2,255344.8,253023.0,242533.1,217572.4,235243.4,234762.1,242526.6,256704.8,263244.1,271809.7,272699.1,281047.1,284650.4,287320.6,289945.1
 "23000","Maine",1,SQGDP1,1,"...","Real GDP (millions of chained 2012 dollars)  ","Millions of chained 2012 dollars",54479.3,54801.7,54956.6,55470.0,55405.9,55684.8,55324.8,55378.1,54892.2,55510.0,55586.9,55450.5,55298.8,55209.3,54718.8,53388.6,52928.4,53385.3,53938.5,54268.2,54050.2,54345.3,54657.7,54166.8,53756.1,53599.3,53472.0,54328.6,54022.0,54308.0,53710.0,52678.9,53464.3,52889.5,53115.3,53487.2,53404.5,53887.3,54229.0,54630.7,53828.5,54413.2,54488.2,54973.2,54977.2,55630.8,55574.2,56079.2,56208.4,56046.9,56584.1,57038.1,57682.7,58108.2,58457.5,58151.1,58882.1,59025.4,59791.4,60514.5,60361.4,56312.8,60724.8,62126.8,62452.2,63374.6,63875.6,64675.9,64601.5,64399.7,64844.4,65216.6,65473.7
 "23000","Maine",1,SQGDP1,2,"...","Chain-type quantity indexes for real GDP ","Quantity index",101.490,102.090,102.379,103.335,103.216,103.735,103.065,103.164,102.259,103.410,103.553,103.299,103.016,102.849,101.936,99.458,98.600,99.451,100.482,101.096,100.690,101.240,101.822,100.907,100.142,99.850,99.613,101.209,100.638,101.170,100.056,98.136,99.599,98.528,98.949,99.641,99.487,100.387,101.023,101.772,100.277,101.366,101.506,102.410,102.417,103.635,103.529,104.470,104.711,104.410,105.411,106.256,107.457,108.250,108.901,108.330,109.691,109.959,111.385,112.733,112.447,104.905,113.124,115.736,116.342,118.061,118.994,120.485,120.346,119.970,120.799,121.492,121.971
 "23000","Maine",1,SQGDP1,3,"...","Current-dollar GDP (millions of current dollars) ","Millions of current dollars",46324.2,46781.7,47226.2,47982.1,48388.1,49023.5,49206.3,49563.9,49651.1,50509.4,50847.1,50829.6,50754.0,50775.7,50889.9,50433.2,50315.2,50820.9,51438.5,51920.7,51734.5,52235.6,52676.5,52378.2,52169.8,52250.6,52526.9,53354.6,53453.5,54151.6,53893.1,53220.6,54322.1,53930.1,54443.1,55185.1,55211.7,56071.7,56779.9,57579.9,57043.3,57966.9,58412.1,59103.0,59239.9,60298.7,60350.8,61128.2,61577.0,61584.9,62487.6,63364.9,64428.1,65428.1,66002.0,66050.3,67270.3,67877.6,69193.8,70420.1,70840.8,66232.0,71974.5,73912.8,74956.1,77167.2,78827.6,80902.3,82352.3,83514.4,85187.2,86936.1,88257.8
 "24000","Maryland",2,SQGDP1,1,"...","Real GDP (millions of chained 2012 dollars)  ","Millions of chained 2012 dollars",296104.9,299499.2,304913.3,306125.2,304842.7,305007.2,306216.0,307110.4,303858.1,306963.1,306385.5,309816.6,313558.2,317016.2,316132.9,312323.0,308138.9,309761.4,311803.9,315664.6,320015.2,323965.5,326402.7,331095.2,329525.4,332809.8,333042.9,334370.8,334960.0,331560.7,333661.1,329912.2,334297.8,332763.7,334474.8,335539.4,335102.1,339734.1,342581.1,341001.2,345663.3,346588.1,348800.5,351555.2,355809.1,358933.1,361442.7,364142.9,363424.3,364590.2,366846.0,369957.1,366856.3,368519.5,368436.1,368097.7,364881.0,368231.4,369344.7,369768.6,360145.3,334847.0,356775.6,357768.0,368282.1,365495.6,368244.1,372262.5,368399.8,367554.3,369230.5,369534.6,370145.5
 "24000","Maryland",2,SQGDP1,2,"...","Chain-type quantity indexes for real GDP ","Quantity index",89.048,90.069,91.697,92.061,91.676,91.725,92.089,92.358,91.379,92.313,92.140,93.171,94.297,95.336,95.071,93.925,92.667,93.155,93.769,94.930,96.238,97.426,98.159,99.570,99.098,100.086,100.156,100.556,100.733,99.710,100.342,99.215,100.534,100.072,100.587,100.907,100.775,102.168,103.025,102.550,103.952,104.230,104.895,105.723,107.003,107.942,108.697,109.509,109.293,109.643,110.322,111.257,110.325,110.825,110.800,110.698,109.731,110.738,111.073,111.201,108.307,100.699,107.293,107.592,110.754,109.916,110.742,111.951,110.789,110.535,111.039,111.130,111.314
 "24000","Maryland",2,SQGDP1,3,"...","Current-dollar GDP (millions of current dollars) ","Millions of current dollars",254961.3,259272.5,265714.9,268451.4,270096.8,272466.8,275610.3,278407.4,278092.9,282503.5,283701.4,287564.5,291560.4,295312.8,296941.4,297786.2,295671.7,297391.8,299535.6,303811.7,307997.8,313050.7,316123.0,321741.7,321133.2,325853.6,328294.4,329843.7,332291.9,330946.7,334541.6,332313.8,338189.8,337924.2,341117.9,345078.5,345118.3,351625.1,356929.4,357372.7,364691.1,367225.6,371570.0,375425.5,380862.8,386079.3,389723.2,394268.3,394712.6,397248.4,401628.3,407038.6,405811.3,410849.8,412253.8,414333.8,413818.0,419443.0,423004.6,425219.6,417257.3,389283.0,417168.2,420015.6,436059.3,436960.6,445660.4,457039.5,459380.5,465635.4,474424.4,481308.1,488115.8
 "25000","Massachusetts",1,SQGDP1,1,"...","Real GDP (millions of chained 2012 dollars)  ","Millions of chained 2012 dollars",383214.4,384392.9,389005.8,390600.7,393070.0,395014.2,393542.7,400516.5,399634.0,403314.8,408509.3,414226.5,416127.1,420634.7,415624.0,407293.7,405263.0,404884.5,407451.0,411279.7,416892.0,423669.9,430721.4,431887.6,426040.2,439222.5,432740.7,439974.7,440127.1,443687.8,444914.2,442938.5,442613.3,442737.1,446548.9,447596.8,442835.2,447318.4,454755.2,461366.9,463496.5,468617.9,467518.8,472610.4,470642.9,473992.3,479256.3,477504.6,476325.4,479771.5,485071.0,490065.8,496467.4,501189.9,503551.8,504956.7,510381.5,512748.8,515787.7,517765.4,516216.1,469194.2,500082.5,514511.0,520143.7,530568.1,537050.8,544645.6,543416.9,539880.6,544117.0,548072.4,551530.9
 "25000","Massachusetts",1,SQGDP1,2,"...","Chain-type quantity indexes for real GDP ","Quantity index",86.521,86.787,87.828,88.188,88.746,89.185,88.852,90.427,90.228,91.059,92.232,93.522,93.952,94.969,93.838,91.957,91.499,91.413,91.993,92.857,94.124,95.654,97.247,97.510,96.190,99.166,97.702,99.336,99.370,100.174,100.451,100.005,99.931,99.959,100.820,101.057,99.982,100.994,102.673,104.166,104.646,105.803,105.555,106.704,106.260,107.016,108.205,107.809,107.543,108.321,109.517,110.645,112.090,113.157,113.690,114.007,115.232,115.766,116.452,116.899,116.549,105.933,112.907,116.164,117.436,119.790,121.253,122.968,122.690,121.892,122.849,123.742,124.522
 "25000","Massachusetts",1,SQGDP1,3,"...","Current-dollar GDP (millions of current dollars) ","Millions of current dollars",336268.1,338958.0,344919.0,347827.6,353125.7,357826.8,358608.4,367519.1,370009.1,375029.1,381619.2,387418.9,389409.2,393467.9,391543.0,388693.5,388348.1,387989.4,390671.2,395010.6,400544.4,408703.1,416457.2,418839.7,414300.3,429135.9,425556.8,433098.9,436320.5,442564.2,446257.8,446525.2,448675.7,450705.9,456748.1,461155.1,457454.6,464399.0,475229.0,484791.6,490415.3,498544.3,499976.6,506469.1,505926.1,512563.1,519824.2,520236.9,520660.5,526191.6,534570.0,542609.8,552525.7,562080.7,566621.6,570989.2,580651.2,587112.6,593587.4,598266.0,601156.5,547353.3,586572.3,605519.2,616883.0,634034.5,648518.3,665892.8,673975.8,679121.7,693130.5,707338.3,721876.2
 "26000","Michigan",3,SQGDP1,1,"...","Real GDP (millions of chained 2012 dollars)  ","Millions of chained 2012 dollars",457543.9,458905.7,455627.9,456473.4,451470.7,452234.2,449695.0,446014.1,449892.4,449090.6,448578.8,440210.8,432787.5,428695.0,417634.4,404778.9,379136.5,381300.5,382593.6,389529.7,389897.7,403080.1,412366.4,411523.2,412078.0,410979.4,412332.9,423947.1,422047.5,422794.3,423642.4,422280.5,427903.0,427098.9,429535.0,430413.5,427505.7,434565.9,437823.0,437357.9,440203.6,443599.2,445313.7,446208.4,447036.4,453264.3,453219.5,455780.7,454425.8,456943.6,457622.9,461463.8,466551.3,468072.7,467649.4,463964.3,464485.1,465850.2,469360.9,468731.7,461865.4,406391.9,461198.3,464365.7,469497.8,485125.0,484788.4,487700.9,490748.1,488661.1,490719.9,491143.0,493222.9
 "26000","Michigan",3,SQGDP1,2,"...","Chain-type quantity indexes for real GDP ","Quantity index",108.245,108.568,107.792,107.992,106.809,106.989,106.389,105.518,106.435,106.246,106.124,104.145,102.389,101.420,98.804,95.762,89.696,90.208,90.514,92.155,92.242,95.360,97.557,97.358,97.489,97.229,97.549,100.297,99.848,100.024,100.225,99.903,101.233,101.043,101.619,101.827,101.139,102.809,103.580,103.470,104.143,104.946,105.352,105.564,105.760,107.233,107.222,107.828,107.508,108.103,108.264,109.173,110.376,110.736,110.636,109.764,109.888,110.211,111.041,110.892,109.268,96.144,109.110,109.859,111.073,114.771,114.691,115.380,116.101,115.607,116.094,116.194,116.686
 "26000","Michigan",3,SQGDP1,3,"...","Current-dollar GDP (millions of current dollars) ","Millions of current dollars",398881.4,401052.9,399824.6,401316.5,399424.0,402587.0,402949.3,402515.6,410282.9,411448.6,412388.3,404341.7,396779.3,393562.5,387787.4,383554.5,363413.5,366646.4,368782.8,376092.4,375725.8,388936.3,398038.6,397471.2,399005.9,399612.8,403872.9,415727.2,417615.0,421818.4,425245.1,426086.3,433696.7,434350.6,438684.9,442365.5,440378.2,450078.2,456766.6,459869.8,467004.1,473765.1,478523.9,480640.2,481994.7,491267.7,491577.3,496216.3,496473.7,500277.1,502819.6,508951.2,516170.5,521525.7,522440.7,520843.5,524681.2,529492.6,536396.7,538297.5,533848.3,470156.6,536414.9,540001.3,548451.3,572086.5,578360.6,589925.0,605464.0,615407.9,626679.6,635230.7,645293.2
 "27000","Minnesota",4,SQGDP1,1,"...","Real GDP (millions of chained 2012 dollars)  ","Millions of chained 2012 dollars",281852.6,283117.0,288035.3,285542.9,285415.2,287334.2,282496.4,282282.0,282063.0,286921.1,286994.2,289218.5,289988.0,289875.2,292005.2,281814.2,276441.7,275939.2,276599.7,280995.8,280242.7,284438.3,288558.8,295320.7,290670.7,295739.8,293239.9,295482.2,297973.3,298056.9,299165.6,298117.4,301068.7,302988.7,308266.3,309622.0,309035.2,313840.3,317541.0,315948.9,318594.9,317362.4,318761.2,320934.4,320479.4,321655.3,326836.3,327150.2,328947.8,327108.3,325164.4,328712.3,332970.5,336235.3,338978.6,339384.7,337487.5,339308.7,342364.7,343067.7,337282.4,309700.2,331040.1,335935.5,339113.7,348488.9,346693.2,350521.5,349908.0,348770.4,350741.2,351838.6,353719.6
 "27000","Minnesota",4,SQGDP1,2,"...","Chain-type quantity indexes for real GDP ","Quantity index",94.477,94.901,96.550,95.714,95.672,96.315,94.693,94.621,94.548,96.176,96.201,96.946,97.204,97.167,97.880,94.464,92.664,92.495,92.717,94.190,93.938,95.344,96.725,98.992,97.433,99.132,98.294,99.046,99.881,99.909,100.281,99.929,100.919,101.562,103.331,103.786,103.589,105.200,106.440,105.906,106.793,106.380,106.849,107.578,107.425,107.819,109.556,109.661,110.264,109.647,108.996,110.185,111.612,112.706,113.626,113.762,113.126,113.737,114.761,114.997,113.057,103.812,110.965,112.606,113.671,116.814,116.212,117.495,117.290,116.908,117.569,117.937,118.567
 "27000","Minnesota",4,SQGDP1,3,"...","Current-dollar GDP (millions of current dollars) ","Millions of current dollars",240976.4,243192.1,249169.3,248184.4,250030.7,253896.0,251752.4,253504.6,256326.2,262174.3,263589.6,266162.4,266789.8,266941.6,271208.8,264742.3,260608.5,260233.7,261130.8,266382.8,266131.0,271067.0,275935.1,283792.2,281345.0,288354.4,288202.2,290255.8,295192.1,297012.2,300114.5,300994.4,305602.7,307963.4,314183.0,316756.5,316868.9,323787.2,329157.7,329191.7,333289.1,333551.3,336426.5,338853.7,338349.6,341401.8,347370.6,349121.2,352921.8,352181.5,351845.1,357711.4,364352.5,371075.7,375107.1,377509.8,377114.3,381702.4,387175.4,389834.1,385626.1,353217.3,380553.2,387860.9,395290.0,412229.5,415875.7,426439.2,434830.4,442528.3,450742.6,457896.8,464987.4
 "28000","Mississippi",5,SQGDP1,1,"...","Real GDP (millions of chained 2012 dollars)  ","Millions of chained 2012 dollars",95489.6,95713.4,96370.4,99709.2,97659.0,99204.4,99260.5,99899.4,99369.3,99175.0,100794.7,101508.0,101668.2,103094.0,102232.3,100116.0,98800.6,98276.4,97584.5,97341.1,97911.0,98787.8,99191.0,98514.4,97639.3,98056.1,98376.9,99990.8,101522.1,101321.9,100335.7,98614.1,100908.0,99261.0,101267.9,99887.9,99408.8,101090.9,100392.0,100242.8,99985.4,100502.7,100780.7,100660.9,101619.0,101140.2,100976.9,101285.0,101967.5,100978.8,100965.7,101069.1,100849.2,101405.4,100860.4,100375.6,100004.5,100214.1,101231.3,102481.5,102637.9,93612.0,102849.8,103007.9,103755.6,104810.9,104449.7,104397.6,104742.8,104455.1,104277.1,104666.1,105117.2
 "28000","Mississippi",5,SQGDP1,2,"...","Chain-type quantity indexes for real GDP ","Quantity index",95.063,95.286,95.940,99.264,97.223,98.762,98.817,99.453,98.926,98.732,100.345,101.055,101.214,102.634,101.776,99.669,98.359,97.838,97.149,96.907,97.474,98.347,98.748,98.075,97.203,97.618,97.938,99.544,101.069,100.870,99.888,98.174,100.458,98.818,100.816,99.442,98.965,100.640,99.944,99.795,99.539,100.054,100.331,100.211,101.165,100.689,100.526,100.833,101.512,100.528,100.515,100.618,100.399,100.953,100.410,99.928,99.558,99.767,100.779,102.024,102.180,93.194,102.391,102.548,103.292,104.343,103.983,103.931,104.275,103.989,103.812,104.199,104.648
 "28000","Mississippi",5,SQGDP1,3,"...","Current-dollar GDP (millions of current dollars) ","Millions of current dollars",80481.2,81043.4,82347.8,85921.6,84831.5,86854.1,87806.4,88905.8,89507.4,90090.7,92098.3,93069.2,93482.3,95273.0,95361.4,93941.2,92592.5,91803.8,91218.0,91554.6,92520.0,93869.8,94738.6,94644.1,94477.7,95530.6,96650.7,98213.1,100438.2,101000.9,100738.3,99616.4,102399.5,100989.2,103490.2,102605.2,102552.2,104953.4,104719.4,104976.0,104902.0,105862.3,106554.3,106339.8,107040.6,107134.8,107077.9,107912.2,109473.5,108856.6,109526.7,110546.3,111122.0,112701.8,112459.1,112523.8,112569.7,113187.3,114769.8,116410.7,116774.8,106367.7,118044.8,119306.5,122390.7,126653.3,128869.9,131316.7,134848.6,138156.3,139866.8,142087.2,143796.5
 "29000","Missouri",4,SQGDP1,1,"...","Real GDP (millions of chained 2012 dollars)  ","Millions of chained 2012 dollars",263559.7,265589.6,266296.0,267495.1,267349.1,269138.0,266414.0,265983.3,262968.8,267235.4,269020.9,271539.5,271435.9,276199.4,271150.9,274958.7,266397.5,265754.6,267289.8,267897.7,270177.0,270818.3,271277.7,270658.6,267150.4,268193.6,268086.8,270704.4,272673.0,272339.6,270765.7,270362.3,275137.9,274044.6,274517.5,274697.1,271224.3,275190.8,278362.0,279545.6,279367.1,279819.1,279702.3,277194.9,278546.2,278223.6,278576.5,281090.2,279402.0,281021.2,281466.1,283124.1,282020.5,284918.0,285534.7,285687.8,288322.9,289665.3,292273.4,292216.5,288830.3,266048.3,286515.9,289622.0,291959.7,296052.5,296322.7,298414.3,300810.2,299283.7,300582.9,302028.4,303980.6
 "29000","Missouri",4,SQGDP1,2,"...","Chain-type quantity indexes for real GDP ","Quantity index",97.063,97.810,98.071,98.512,98.458,99.117,98.114,97.955,96.845,98.417,99.074,100.002,99.963,101.718,99.859,101.261,98.108,97.871,98.437,98.660,99.500,99.736,99.905,99.677,98.385,98.769,98.730,99.694,100.419,100.296,99.717,99.568,101.327,100.924,101.098,101.164,99.886,101.346,102.514,102.950,102.884,103.051,103.008,102.084,102.582,102.463,102.593,103.519,102.897,103.493,103.657,104.268,103.862,104.929,105.156,105.212,106.183,106.677,107.637,107.616,106.369,97.979,105.517,106.661,107.522,109.029,109.129,109.899,110.781,110.219,110.698,111.230,111.949
 "29000","Missouri",4,SQGDP1,3,"...","Current-dollar GDP (millions of current dollars) ","Millions of current dollars",224184.5,226887.9,229152.5,231660.1,233502.3,237227.5,236782.1,238032.0,238019.6,243486.3,246448.5,249370.8,249643.9,254521.0,252490.2,259528.0,252589.9,251844.0,253661.1,255175.7,257797.6,259623.2,260754.5,261089.2,258673.6,261128.2,262960.1,265506.4,269668.6,271405.2,271870.1,273196.7,279521.2,279152.4,280759.9,282850.6,279894.0,285741.8,290728.3,293665.6,295141.1,297247.7,298744.0,296584.5,298473.4,299823.3,300715.7,304645.6,304200.1,306806.3,308785.4,312217.5,312542.0,318287.7,319862.6,321921.9,326732.3,330528.6,335462.4,337220.1,335789.9,309241.4,335456.2,340512.2,346501.8,356346.3,361730.3,369709.4,380398.6,386397.3,392934.7,399994.2,406936.0
 "30000","Montana",7,SQGDP1,1,"...","Real GDP (millions of chained 2012 dollars)  ","Millions of chained 2012 dollars",37305.0,37141.6,37281.1,37768.0,37951.3,38388.5,38843.5,39126.9,40046.9,40484.9,40459.5,40761.9,40844.6,40705.2,40492.1,39842.6,39748.7,39281.1,39671.6,39352.2,40465.3,40653.4,40874.7,41181.6,41585.6,41692.8,41665.4,42559.0,42465.2,42189.0,42366.2,42343.1,42852.0,42846.3,43022.7,43152.0,43256.3,43737.8,43990.3,44332.1,45453.2,45617.1,45656.7,44856.0,44460.9,43884.2,44228.5,45173.6,45675.8,46273.8,46110.7,45836.8,46697.2,46688.6,46453.7,46497.0,46678.0,46539.6,47171.8,47155.5,46849.0,44159.2,47814.1,48179.4,48378.2,48684.8,48869.4,49972.5,49718.2,49585.7,49772.5,49932.5,50661.7
 "30000","Montana",7,SQGDP1,2,"...","Chain-type quantity indexes for real GDP ","Quantity index",88.106,87.720,88.050,89.200,89.633,90.665,91.740,92.409,94.582,95.617,95.557,96.271,96.466,96.137,95.634,94.100,93.878,92.774,93.696,92.942,95.570,96.015,96.537,97.262,98.216,98.469,98.405,100.515,100.294,99.641,100.060,100.005,101.207,101.194,101.610,101.916,102.162,103.299,103.896,104.703,107.351,107.738,107.831,105.940,105.007,103.645,104.458,106.690,107.876,109.289,108.904,108.257,110.289,110.268,109.714,109.816,110.243,109.917,111.410,111.371,110.647,104.295,112.927,113.789,114.259,114.983,115.419,118.024,117.424,117.111,117.552,117.930,119.652
 "30000","Montana",7,SQGDP1,3,"...","Current-dollar GDP (millions of current dollars) ","Millions of current dollars",30279.8,30394.2,30975.6,31853.5,32153.5,32815.6,33617.6,34077.7,35376.8,36158.7,36419.3,36978.2,37177.5,37560.6,37602.8,36558.7,36197.5,35795.5,36270.3,36487.7,37821.4,37997.7,38425.6,39099.5,40149.7,40783.2,41096.6,41950.8,42194.1,42018.6,42430.4,42720.3,43481.0,43523.5,43856.9,43890.2,44258.4,45152.7,45482.4,45815.3,46489.1,47030.9,46996.3,45899.9,45044.0,44906.7,45388.7,46624.2,47701.9,48576.4,48765.9,49091.4,50536.8,51029.1,50933.4,51168.4,51346.7,51403.4,52330.5,52621.2,52282.0,48561.9,53683.6,54895.9,56142.6,57807.1,59141.8,61707.9,63044.0,64757.4,65735.5,66521.3,67784.9
 "31000","Nebraska",4,SQGDP1,1,"...","Real GDP (millions of chained 2012 dollars)  ","Millions of chained 2012 dollars",87583.0,88616.5,89764.4,91272.4,90564.2,93668.4,91423.0,91675.3,93596.2,93600.0,93420.0,95027.2,94502.9,95855.2,94416.6,90587.1,93353.7,92830.2,94031.2,95695.2,95415.0,97621.2,98262.4,98566.0,102166.3,102142.4,101617.6,104423.2,102270.5,103657.7,102398.1,102577.4,105109.8,104500.3,104822.1,104287.9,106608.4,108198.2,108136.7,108803.7,110248.8,111564.3,111970.3,111822.4,111123.9,111774.2,113042.3,114505.7,112986.2,114051.3,114154.1,115384.1,116964.4,116344.4,116459.0,117403.9,116811.1,117510.4,119333.5,120759.9,119303.3,111597.6,119738.9,121926.3,120744.5,122711.6,122550.7,122537.7,124031.1,123486.2,123850.1,122790.9,126412.5
 "31000","Nebraska",4,SQGDP1,2,"...","Chain-type quantity indexes for real GDP ","Quantity index",85.259,86.265,87.382,88.850,88.161,91.183,88.997,89.243,91.113,91.116,90.941,92.506,91.995,93.312,91.911,88.183,90.876,90.367,91.536,93.156,92.883,95.031,95.655,95.950,99.455,99.432,98.921,101.652,99.557,100.907,99.681,99.855,102.321,101.727,102.041,101.520,103.779,105.327,105.267,105.917,107.323,108.604,108.999,108.855,108.175,108.808,110.043,111.467,109.988,111.025,111.125,112.322,113.861,113.257,113.369,114.288,113.711,114.392,116.167,117.555,116.137,108.636,116.561,118.691,117.540,119.455,119.299,119.286,120.740,120.209,120.564,119.532,123.058
 "31000","Nebraska",4,SQGDP1,3,"...","Current-dollar GDP (millions of current dollars) ","Millions of current dollars",72723.1,73808.5,75071.6,76654.6,76680.7,79887.1,78881.8,79805.7,82623.3,83221.8,83765.4,85728.8,85380.7,86877.2,86415.2,83838.7,86249.8,85594.7,86649.6,88987.6,88861.0,91365.9,92485.1,93534.1,98557.9,99235.2,99802.4,102088.9,100934.2,103118.4,102802.0,104049.2,107677.2,106984.1,107480.3,106901.3,109549.4,112380.8,112303.5,113550.0,114881.8,116613.3,117454.4,117108.9,116116.9,117394.1,118686.9,120385.8,119774.7,121318.9,121905.2,123907.5,126269.2,126518.2,126760.9,128513.5,128393.0,130029.2,133194.4,135851.0,135539.7,126158.1,136467.7,140157.7,140140.6,146066.9,148455.1,150479.0,157030.0,161259.6,163886.2,164632.3,170144.9
 "32000","Nevada",8,SQGDP1,1,"...","Real GDP (millions of chained 2012 dollars)  ","Millions of chained 2012 dollars",134532.2,138422.9,137939.9,139140.2,141661.2,143630.9,142844.5,143731.6,143240.3,143140.2,143931.9,146115.9,142860.7,141017.4,140158.6,135780.3,131114.6,128196.5,126762.4,126891.5,127340.9,129455.6,131024.2,131492.8,129875.6,131865.7,130521.4,130528.7,130239.5,129619.7,129255.3,128137.1,129895.5,128798.7,129452.1,130737.3,130015.2,130135.1,130961.5,132477.6,134062.0,136171.9,137033.7,138121.9,138070.8,138500.2,141800.9,141952.9,143961.8,144988.5,146925.5,146066.4,149168.1,149753.1,150458.9,152411.9,154866.9,155909.4,157766.3,159293.9,157147.1,132382.1,147506.8,148934.1,152028.4,158620.1,162356.1,165264.7,163894.1,164287.4,165741.9,167896.9,170133.6
 "32000","Nevada",8,SQGDP1,2,"...","Chain-type quantity indexes for real GDP ","Quantity index",104.036,107.045,106.671,107.600,109.549,111.072,110.464,111.150,110.770,110.693,111.305,112.994,110.477,109.051,108.387,105.001,101.393,99.137,98.028,98.128,98.475,100.110,101.323,101.686,100.435,101.974,100.935,100.940,100.717,100.237,99.955,99.091,100.451,99.602,100.108,101.102,100.543,100.636,101.275,102.447,103.673,105.304,105.971,106.812,106.773,107.105,109.657,109.775,111.328,112.122,113.620,112.956,115.354,115.807,116.353,117.863,119.761,120.568,122.003,123.185,121.525,102.373,114.070,115.173,117.566,122.664,125.553,127.802,126.742,127.046,128.171,129.838,131.567
 "32000","Nevada",8,SQGDP1,3,"...","Current-dollar GDP (millions of current dollars) ","Millions of current dollars",111843.1,116165.0,117129.1,119527.5,122857.9,125828.5,126311.5,128395.2,129441.4,130305.9,132038.2,134697.9,131830.1,130992.2,131333.4,128282.4,124395.0,121789.5,120742.2,121581.7,122270.6,124136.6,125714.4,126556.1,125653.6,128566.1,127980.3,128511.5,129349.7,129373.2,129542.7,128986.1,131300.0,130850.3,132274.5,133920.9,133562.6,134745.3,136605.6,139121.1,141468.9,144791.1,146326.6,147877.2,148050.1,149981.8,154216.5,155113.1,158047.3,159620.6,162392.9,162551.5,167164.4,169148.3,170782.7,173935.1,177843.1,180561.4,183666.6,186674.2,184773.4,154422.0,174249.7,176805.4,181809.2,191636.7,198600.8,205899.9,208428.9,213409.5,218188.5,223644.1,228929.6
 "33000","New Hampshire",1,SQGDP1,1,"...","Real GDP (millions of chained 2012 dollars)  ","Millions of chained 2012 dollars",64678.5,65058.8,65251.9,65148.2,65820.3,65796.2,66388.8,68507.5,66183.4,67681.2,66653.9,66896.0,66947.5,66525.1,65851.6,64092.3,64151.4,64111.6,65846.9,65983.9,65817.6,67533.6,67586.5,67565.3,66603.4,67646.0,67362.6,68624.6,67891.7,68192.7,68676.6,69231.4,69131.8,68813.7,69085.7,69289.9,68741.5,70257.8,70198.3,71657.2,70546.3,71998.9,72008.4,73616.1,72992.2,73600.7,74073.1,73622.7,73611.2,73334.9,74548.6,74396.2,75448.6,75414.1,75645.7,75223.5,77160.5,76712.6,76756.0,76647.1,77494.8,70274.6,77056.3,78884.8,79001.1,83106.2,83544.8,86292.9,83076.4,82558.0,82936.7,83446.6,83715.5
 "33000","New Hampshire",1,SQGDP1,2,"...","Chain-type quantity indexes for real GDP ","Quantity index",94.424,94.979,95.261,95.109,96.091,96.056,96.921,100.014,96.621,98.807,97.308,97.661,97.736,97.120,96.136,93.568,93.654,93.596,96.130,96.330,96.087,98.592,98.669,98.638,97.234,98.756,98.342,100.185,99.115,99.554,100.261,101.071,100.925,100.461,100.858,101.156,100.355,102.569,102.482,104.612,102.990,105.111,105.125,107.472,106.561,107.449,108.139,107.481,107.465,107.061,108.833,108.611,110.147,110.097,110.435,109.818,112.646,111.992,112.056,111.897,113.134,102.593,112.494,115.164,115.333,121.326,121.967,125.979,121.283,120.526,121.079,121.823,122.216
 "33000","New Hampshire",1,SQGDP1,3,"...","Current-dollar GDP (millions of current dollars) ","Millions of current dollars",56222.1,56782.3,57276.7,57529.5,58644.2,59049.2,60034.2,62340.5,60797.1,62467.8,61786.7,62076.9,62118.7,61836.0,61760.0,61086.2,61561.6,61610.9,63358.7,63560.2,63357.3,65195.3,65346.0,65475.7,64732.3,66068.2,66262.9,67549.2,67319.4,68064.4,68839.8,69768.7,70006.4,69985.7,70624.8,71287.9,70883.2,72798.2,73170.1,75129.4,74430.9,76299.6,76663.1,78518.3,78025.9,79076.7,79724.4,79533.5,79750.8,79694.7,81353.9,81592.6,83145.3,83773.9,84297.1,84263.0,86928.3,87012.8,87558.9,87852.7,89554.7,81432.0,89978.4,92385.5,93225.9,99145.2,100842.9,105479.1,103235.1,104172.5,106048.6,108201.2,109985.4
 "34000","New Jersey",2,SQGDP1,1,"...","Real GDP (millions of chained 2012 dollars)  ","Millions of chained 2012 dollars",502553.8,506024.0,511267.4,511733.6,513554.5,519363.7,515626.8,518180.5,512404.9,519973.0,521115.2,530100.3,539518.0,540760.8,536584.9,521141.9,508252.8,503039.0,506216.7,509894.5,513801.9,513224.9,515724.7,512920.3,503916.8,506948.3,506070.4,513480.5,518159.0,516381.9,520562.4,513680.1,526767.2,522309.0,522143.4,523683.7,519694.3,522217.4,523532.0,523222.2,527694.4,530518.1,531457.6,530144.9,535255.2,533957.9,535544.4,535463.6,532816.4,536889.0,539904.9,540703.9,546114.1,548108.8,551326.5,554688.7,555174.5,558323.5,562684.5,562412.5,556862.9,497580.7,541270.0,545581.5,559072.4,563421.3,567906.5,577172.6,579620.4,578197.6,583732.2,585266.7,586763.3
 "34000","New Jersey",2,SQGDP1,2,"...","Chain-type quantity indexes for real GDP ","Quantity index",97.169,97.840,98.854,98.944,99.296,100.419,99.697,100.190,99.074,100.537,100.758,102.495,104.316,104.556,103.749,100.763,98.271,97.263,97.877,98.588,99.344,99.232,99.716,99.173,97.432,98.019,97.849,99.282,100.186,99.843,100.651,99.320,101.851,100.989,100.957,101.254,100.483,100.971,101.225,101.165,102.030,102.576,102.758,102.504,103.492,103.241,103.548,103.532,103.020,103.808,104.391,104.545,105.591,105.977,106.599,107.249,107.343,107.952,108.795,108.743,107.670,96.207,104.655,105.488,108.097,108.938,109.805,111.597,112.070,111.795,112.865,113.162,113.451
 "34000","New Jersey",2,SQGDP1,3,"...","Current-dollar GDP (millions of current dollars) ","Millions of current dollars",427365.4,432273.2,440082.2,443226.0,448963.6,458588.6,458935.4,463885.0,463743.3,473327.8,476823.9,485576.5,495442.6,497256.9,499515.2,492694.0,483644.7,478404.2,482011.4,485775.1,489825.5,491519.3,495253.1,494451.7,487799.7,494139.4,497243.6,504680.6,513255.1,514889.1,522276.0,518363.1,533914.9,531037.8,533123.6,538634.9,535654.2,540941.0,545950.7,548825.3,557467.4,562865.5,566496.2,566106.2,572780.6,573824.9,576475.7,578922.7,578303.8,584721.6,591275.8,595382.8,604258.6,611496.0,616732.4,623939.2,627717.2,635261.6,642958.6,644584.4,641645.3,573908.6,628463.3,636326.4,659425.6,673577.8,688689.4,710090.9,726277.1,737654.4,753042.0,764715.3,776923.1
 "35000","New Mexico",6,SQGDP1,1,"...","Real GDP (millions of chained 2012 dollars)  ","Millions of chained 2012 dollars",84403.3,84572.2,83546.3,83615.9,85828.6,85960.5,86041.9,86402.7,86206.9,86846.0,87363.4,86538.6,85719.9,86022.8,86674.3,89443.8,89021.6,87713.0,87820.6,87724.6,86859.0,86955.2,87348.8,89277.9,86222.1,87445.4,87719.9,88984.3,88267.5,89160.0,87783.9,86489.5,86851.0,86596.7,86573.6,87405.1,87062.8,88264.3,89562.8,91074.8,90364.3,89656.1,89558.8,89226.0,89614.2,89265.5,88787.5,88938.2,88528.1,88773.9,89282.8,89266.7,89931.8,90804.1,91189.2,91809.4,92668.0,94177.9,96095.0,96648.8,96699.5,87891.1,92675.2,92719.3,92692.4,92652.9,93601.6,95553.3,94307.1,93750.5,94739.4,95856.7,96532.5
 "35000","New Mexico",6,SQGDP1,2,"...","Chain-type quantity indexes for real GDP ","Quantity index",95.994,96.186,95.020,95.099,97.615,97.766,97.858,98.268,98.046,98.773,99.361,98.423,97.492,97.836,98.577,101.727,101.247,99.759,99.881,99.772,98.787,98.897,99.344,101.538,98.063,99.454,99.766,101.205,100.389,101.404,99.839,98.367,98.778,98.489,98.463,99.408,99.019,100.386,101.863,103.582,102.774,101.969,101.858,101.479,101.921,101.524,100.981,101.152,100.686,100.965,101.544,101.526,102.282,103.274,103.712,104.418,105.394,107.111,109.292,109.922,109.979,99.961,105.402,105.452,105.422,105.377,106.456,108.676,107.258,106.625,107.750,109.021,109.789
 "35000","New Mexico",6,SQGDP1,3,"...","Current-dollar GDP (millions of current dollars) ","Millions of current dollars",72669.1,73483.7,74032.8,75460.1,76907.9,77379.4,77904.4,78249.9,78825.9,80460.3,81718.6,82194.4,82555.9,85291.9,85960.0,84945.7,82844.5,81612.0,82124.2,83265.4,83570.2,83603.9,84365.0,86907.1,84984.4,87150.1,87541.0,88575.8,88174.0,88777.5,87716.9,87032.5,88057.8,88332.6,88953.4,89683.6,90141.0,91901.0,93093.2,93607.6,90625.8,90857.7,90265.3,89348.5,88690.9,89778.0,89837.6,90771.2,91242.4,91669.7,92512.4,93669.8,95279.4,97021.4,97969.8,98801.5,99447.2,101302.2,103191.5,104169.1,103167.0,91713.4,99206.7,101072.8,104052.3,107025.4,110711.8,116541.7,118291.5,122358.8,123818.6,123990.5,124479.6
 "36000","New York",2,SQGDP1,1,"...","Real GDP (millions of chained 2012 dollars)  ","Millions of chained 2012 dollars",1152076.7,1162884.7,1173856.0,1186746.8,1204862.9,1196722.4,1190282.6,1205239.7,1242197.9,1203375.7,1198486.5,1190198.5,1204105.5,1192565.4,1195925.9,1167726.6,1182189.0,1232685.3,1246469.8,1261345.1,1276676.0,1295317.0,1275895.6,1261978.5,1288607.0,1274458.6,1270084.6,1284958.2,1304965.1,1323662.2,1335349.2,1348957.5,1315692.4,1324703.1,1331775.0,1345334.7,1337404.1,1346698.6,1360167.7,1369371.2,1366210.5,1380773.9,1382066.0,1365521.5,1403156.6,1408836.5,1398333.0,1402596.0,1415084.2,1405950.9,1414753.6,1440659.6,1443916.0,1459048.4,1470488.9,1460076.4,1485313.9,1504078.5,1506282.5,1507658.7,1489185.1,1347704.9,1442509.1,1450628.9,1471477.6,1504178.3,1525423.5,1558037.6,1556072.2,1558885.5,1568540.1,1568677.2,1573685.6
 "36000","New York",2,SQGDP1,2,"...","Chain-type quantity indexes for real GDP ","Quantity index",86.738,87.551,88.377,89.348,90.712,90.099,89.614,90.740,93.523,90.600,90.232,89.608,90.655,89.786,90.039,87.916,89.005,92.806,93.844,94.964,96.118,97.522,96.060,95.012,97.017,95.951,95.622,96.742,98.248,99.656,100.536,101.560,99.056,99.734,100.267,101.288,100.690,101.390,102.404,103.097,102.859,103.956,104.053,102.807,105.641,106.068,105.278,105.599,106.539,105.851,106.514,108.464,108.709,109.849,110.710,109.926,111.826,113.239,113.405,113.509,112.118,101.466,108.604,109.215,110.785,113.247,114.846,117.301,117.154,117.365,118.092,118.103,118.480
 "36000","New York",2,SQGDP1,3,"...","Current-dollar GDP (millions of current dollars) ","Millions of current dollars",992854.3,1007577.9,1023170.7,1040547.3,1065797.0,1069826.2,1071071.5,1093923.6,1139735.6,1111408.9,1114888.4,1111493.1,1125434.2,1113503.8,1122835.5,1104590.7,1115297.2,1159539.7,1172972.6,1192515.7,1212281.1,1239431.8,1225133.3,1217272.5,1245779.2,1239973.0,1244390.3,1260280.6,1292014.6,1319126.3,1339392.5,1362400.6,1337603.4,1354773.5,1371706.0,1398033.1,1398650.6,1418894.7,1443978.6,1462169.5,1469160.0,1492987.1,1501956.7,1486406.9,1535235.7,1554001.6,1551177.3,1565001.8,1585015.7,1584316.3,1604164.0,1645103.6,1662780.3,1696117.2,1717135.5,1714612.6,1752964.6,1789074.0,1801318.7,1807306.8,1802166.7,1630557.5,1755695.5,1774798.9,1817678.7,1877356.0,1923471.8,1986679.6,2008813.4,2034912.3,2070557.7,2098435.6,2135672.0
 "37000","North Carolina",5,SQGDP1,1,"...","Real GDP (millions of chained 2012 dollars)  ","Millions of chained 2012 dollars",405614.5,406017.2,410065.7,414318.2,431596.0,434108.1,433750.2,437382.5,440263.7,437636.7,436759.7,441180.3,451921.7,455308.2,452823.6,442098.4,423268.9,428470.1,434806.2,441275.9,433891.4,436132.7,437480.3,443841.6,441838.1,447062.0,441491.5,442763.2,448736.3,443792.8,445554.4,442297.8,447524.2,448971.4,454909.9,456819.3,459640.0,460118.2,464182.8,465071.3,472330.5,475687.2,476293.5,476075.1,480088.1,479327.9,482965.0,489494.6,492575.9,492728.7,495281.9,500298.5,498603.2,502248.8,501868.4,503539.3,506751.7,510250.2,515076.9,519260.5,517199.1,474916.8,514459.9,520056.7,531416.3,538422.9,542333.1,555562.7,557783.2,556844.3,559515.8,563897.1,565241.5
 "37000","North Carolina",5,SQGDP1,2,"...","Chain-type quantity indexes for real GDP ","Quantity index",91.130,91.220,92.130,93.085,96.967,97.531,97.451,98.267,98.914,98.324,98.127,99.120,101.534,102.295,101.736,99.327,95.096,96.265,97.688,99.142,97.483,97.986,98.289,99.718,99.268,100.442,99.190,99.476,100.818,99.707,100.103,99.371,100.546,100.871,102.205,102.634,103.268,103.375,104.288,104.488,106.119,106.873,107.009,106.960,107.862,107.691,108.508,109.975,110.668,110.702,111.275,112.403,112.022,112.841,112.755,113.131,113.852,114.638,115.723,116.663,116.200,106.700,115.584,116.842,119.394,120.968,121.847,124.819,125.318,125.107,125.707,126.691,126.993
 "37000","North Carolina",5,SQGDP1,3,"...","Current-dollar GDP (millions of current dollars) ","Millions of current dollars",350051.8,351230.7,357570.2,363026.1,380845.7,386724.1,388991.0,393539.4,399963.6,400372.2,400746.2,404881.7,415758.3,418899.0,422507.8,418008.6,402769.5,407179.4,413947.4,420726.9,413761.4,418039.2,420370.5,427939.2,426881.7,434189.0,432304.8,433515.4,442890.2,441916.5,447960.3,447614.3,454847.2,457111.4,465204.6,471912.5,475814.0,479200.7,487121.2,490629.3,501311.0,508250.3,512580.4,513573.2,519043.5,521726.3,526829.4,536519.9,542335.8,543712.4,549729.5,558310.9,559344.7,567858.7,569371.1,574770.2,581977.3,590122.0,598969.3,607015.5,609207.4,559804.2,609187.8,617464.3,636439.1,652732.4,666480.1,692831.5,709209.3,723163.4,735924.3,751992.5,762865.6
 "38000","North Dakota",4,SQGDP1,1,"...","Real GDP (millions of chained 2012 dollars)  ","Millions of chained 2012 dollars",29298.3,29377.3,29250.8,29454.5,30090.9,30746.6,30605.9,30917.1,31400.0,31759.0,32108.0,32822.0,33781.9,34073.3,34634.3,34536.3,34991.5,34791.7,35600.9,35593.5,36387.4,37616.7,38372.0,39292.7,39760.1,41052.5,42564.2,45986.3,48908.6,52014.3,53066.3,53341.0,51557.8,52286.4,53600.7,54124.6,55310.1,57509.5,58579.8,59760.7,58399.2,56284.2,55886.4,55600.0,54066.5,52456.7,52704.0,52671.1,53233.3,54541.8,54478.1,54495.1,55366.0,55921.6,56396.0,55973.3,56160.9,56452.6,56594.7,56333.2,56253.2,51736.6,53492.7,53131.7,53625.5,53898.7,54135.8,53554.2,52831.6,52741.2,53415.8,53513.0,55095.0
 "38000","North Dakota",4,SQGDP1,2,"...","Chain-type quantity indexes for real GDP ","Quantity index",56.525,56.677,56.433,56.826,58.054,59.319,59.048,59.648,60.580,61.272,61.946,63.323,65.175,65.737,66.819,66.631,67.509,67.123,68.685,68.670,70.202,72.574,74.031,75.807,76.709,79.202,82.119,88.721,94.359,100.351,102.380,102.910,99.470,100.876,103.411,104.422,106.709,110.952,113.017,115.296,112.669,108.588,107.821,107.268,104.310,101.204,101.681,101.618,102.702,105.227,105.104,105.137,106.817,107.889,108.804,107.989,108.351,108.913,109.188,108.683,108.529,99.815,103.203,102.506,103.459,103.986,104.444,103.322,101.927,101.753,103.054,103.242,106.294
 "38000","North Dakota",4,SQGDP1,3,"...","Current-dollar GDP (millions of current dollars) ","Millions of current dollars",24442.2,24593.8,24693.7,25070.3,25736.6,26436.7,26665.1,27164.2,28058.7,28667.2,29296.8,30279.0,31229.3,31905.0,32535.9,31827.6,31773.3,31652.7,32430.8,33047.2,34096.2,35173.4,36089.5,37345.5,38574.8,40388.1,42081.7,45306.0,48721.5,51569.7,53022.3,54016.7,52790.9,53694.6,55361.8,55236.6,57228.5,60165.9,61050.3,61260.4,57488.3,56469.2,55492.0,54538.1,51838.7,51462.7,52054.6,52600.8,54125.6,55473.4,55430.1,56549.7,58130.8,59237.1,60102.9,59523.9,58897.3,59465.5,59220.2,59214.0,57542.3,50257.4,54254.4,55637.6,58894.3,62504.3,65273.4,67566.4,69932.9,74744.6,75169.3,73221.5,73866.0
 "39000","Ohio",3,SQGDP1,1,"...","Real GDP (millions of chained 2012 dollars)  ","Millions of chained 2012 dollars",540875.9,544850.9,548967.3,549180.8,545872.8,546946.3,545511.0,543686.6,546321.3,546289.6,547574.0,546732.4,546235.3,547619.8,538687.4,515953.9,514971.9,508011.4,508916.7,512405.8,514935.1,521021.5,528119.6,531841.2,533753.3,537977.4,541898.5,551091.5,544820.3,547796.3,547000.2,543343.8,552516.8,552102.8,557266.7,562955.7,563073.5,572742.7,580227.1,580668.4,577230.6,579208.4,577316.9,581653.6,578825.6,583061.9,585958.7,587939.3,590770.4,593711.0,595436.7,594626.0,593829.8,595618.9,599926.1,602327.2,606905.1,611108.6,616757.2,618234.4,608669.9,552493.3,603832.5,611578.8,617796.0,627586.2,629811.9,641954.1,639198.7,637360.7,639223.6,639856.9,641991.1
 "39000","Ohio",3,SQGDP1,2,"...","Chain-type quantity indexes for real GDP ","Quantity index",99.109,99.837,100.591,100.630,100.024,100.221,99.958,99.624,100.106,100.101,100.336,100.182,100.091,100.344,98.708,94.542,94.362,93.087,93.253,93.892,94.355,95.471,96.771,97.453,97.804,98.578,99.296,100.981,99.831,100.377,100.231,99.561,101.242,101.166,102.112,103.155,103.176,104.948,106.319,106.400,105.770,106.133,105.786,106.581,106.062,106.839,107.370,107.732,108.251,108.790,109.106,108.958,108.812,109.140,109.929,110.369,111.208,111.978,113.013,113.284,111.531,101.237,110.645,112.064,113.203,114.997,115.405,117.630,117.125,116.788,117.130,117.246,117.637
 "39000","Ohio",3,SQGDP1,3,"...","Current-dollar GDP (millions of current dollars) ","Millions of current dollars",460649.0,466001.7,472983.6,475932.2,477147.4,482527.3,484933.0,486344.6,493738.8,496806.7,500235.8,500264.6,500567.6,502761.4,499619.7,484729.0,485621.8,478462.7,480150.1,484889.7,488376.2,496834.5,505466.3,511384.4,515875.4,523662.2,531907.2,541315.0,539255.8,546223.1,549189.9,548291.8,559736.7,560521.1,567981.6,577890.2,579409.6,592476.9,603948.0,606729.1,605471.3,610885.7,611441.6,616279.3,613307.1,621833.1,626314.2,631606.9,637855.0,643208.2,648985.7,652498.4,656046.5,663944.5,671120.9,677350.4,685133.1,693980.2,702799.6,706754.5,699105.2,633038.7,696653.2,708732.9,724727.7,748376.8,762918.5,790445.9,802978.4,817626.8,829593.6,840480.1,852902.6
 "40000","Oklahoma",6,SQGDP1,1,"...","Real GDP (millions of chained 2012 dollars)  ","Millions of chained 2012 dollars",143227.5,144419.3,143920.5,142317.3,158117.7,152160.0,150636.6,150516.5,152798.9,155499.0,158241.1,158339.1,158301.8,161462.9,162257.5,167525.8,162994.7,159707.7,160332.1,157332.0,157299.4,160786.2,162066.3,162104.8,160403.9,164432.1,168264.0,172208.8,173909.1,175597.6,174494.3,175496.6,177213.9,176263.0,176681.7,180636.9,181783.4,186038.8,193371.2,196246.6,197496.8,194216.4,198073.1,198501.2,195112.9,193384.0,192349.5,191254.1,192200.7,194805.6,194595.1,194467.3,195248.3,196578.4,197700.8,200285.4,199653.6,199926.6,202903.2,202162.6,199196.3,183394.4,195221.3,192129.8,194233.1,194128.9,191043.1,193515.0,190164.4,189412.1,191961.4,194014.4,195208.1
 "40000","Oklahoma",6,SQGDP1,2,"...","Chain-type quantity indexes for real GDP ","Quantity index",81.903,82.585,82.299,81.383,90.418,87.011,86.140,86.071,87.376,88.920,90.488,90.544,90.523,92.331,92.785,95.798,93.207,91.327,91.684,89.969,89.950,91.944,92.676,92.698,91.725,94.029,96.220,98.476,99.448,100.414,99.783,100.356,101.338,100.794,101.033,103.295,103.951,106.384,110.577,112.221,112.936,111.061,113.266,113.511,111.573,110.585,109.993,109.367,109.908,111.397,111.277,111.204,111.651,112.411,113.053,114.531,114.170,114.326,116.028,115.604,113.908,104.872,111.635,109.867,111.070,111.010,109.246,110.659,108.743,108.313,109.771,110.945,111.628
 "40000","Oklahoma",6,SQGDP1,3,"...","Current-dollar GDP (millions of current dollars) ","Millions of current dollars",121349.8,123777.1,126736.2,128463.3,140992.6,136669.3,136242.7,135841.5,139275.4,144028.4,148201.3,151503.2,154895.0,164647.5,165019.6,158492.7,148683.2,144876.1,146349.5,146623.5,150164.2,153425.3,155877.3,157683.0,158697.9,165263.0,168959.9,172022.5,173950.2,174506.3,174260.4,176780.8,180231.8,180755.8,183127.0,186664.3,191077.0,196293.0,201385.7,197770.8,188681.7,186373.4,187137.4,185069.9,178529.6,181188.6,181917.0,183342.4,187064.8,190037.3,190721.0,194388.9,198012.0,201634.8,204408.0,206795.2,203832.1,204110.7,205016.8,203810.6,196883.3,176588.7,192852.9,193929.8,204088.8,212814.7,216446.7,227994.8,231584.4,242302.6,244906.3,243343.9,243350.4
 "41000","Oregon",8,SQGDP1,1,"...","Real GDP (millions of chained 2012 dollars)  ","Millions of chained 2012 dollars",156860.6,157099.8,158541.6,160151.8,164997.2,165009.7,166508.8,167913.1,165278.9,167422.5,170354.5,172844.7,173488.5,175453.3,175372.4,170079.5,167694.5,164978.1,164889.7,164546.5,168990.0,168019.9,169620.2,170306.0,173462.5,173687.4,172484.1,175692.9,175871.0,175595.7,175089.1,171888.1,174347.4,174850.1,176490.9,178046.8,177320.9,180402.0,183127.8,184031.6,187512.6,188693.3,191591.6,191988.7,196414.7,197346.3,198035.1,200521.2,201828.6,204421.9,206307.8,209537.7,212227.5,213785.5,216476.3,217120.9,217500.9,218191.9,220157.4,222501.8,221376.7,203537.3,218088.4,219972.1,223980.4,226780.1,227437.1,233718.7,233502.6,232587.9,234942.3,238191.8,240426.0
 "41000","Oregon",8,SQGDP1,2,"...","Chain-type quantity indexes for real GDP ","Quantity index",89.834,89.971,90.797,91.719,94.494,94.501,95.360,96.164,94.655,95.883,97.562,98.988,99.357,100.482,100.436,97.405,96.039,94.483,94.433,94.236,96.781,96.225,97.142,97.535,99.342,99.471,98.782,100.620,100.722,100.564,100.274,98.441,99.849,100.137,101.077,101.968,101.552,103.317,104.878,105.395,107.389,108.065,109.725,109.952,112.487,113.021,113.415,114.839,115.588,117.073,118.153,120.003,121.543,122.435,123.976,124.346,124.563,124.959,126.085,127.427,126.783,116.566,124.900,125.978,128.274,129.877,130.254,133.851,133.727,133.204,134.552,136.413,137.692
 "41000","Oregon",8,SQGDP1,3,"...","Current-dollar GDP (millions of current dollars) ","Millions of current dollars",141762.5,142295.6,144159.9,145813.1,151229.4,151987.9,154432.8,156722.4,155605.9,157940.3,161211.0,163583.5,163912.7,165673.1,166478.4,163637.6,161788.1,158986.8,158770.7,158883.7,163255.0,162814.5,164742.3,165736.9,169414.9,170136.9,169998.8,172973.0,174351.4,175184.4,175561.2,173346.8,176898.0,177996.1,180369.1,182847.5,182531.0,186849.4,190531.1,192571.1,197022.3,199028.2,202943.2,203644.6,208482.6,210537.1,211421.0,214782.7,217327.4,220848.5,223832.7,228397.7,232320.5,235772.1,239313.1,241049.0,242857.1,245027.8,248600.9,252446.5,252865.3,232806.5,251365.3,254829.6,261832.4,268855.0,273317.2,284758.9,290176.7,294324.8,301689.0,310311.5,316593.2
 "42000","Pennsylvania",2,SQGDP1,1,"...","Real GDP (millions of chained 2012 dollars)  ","Millions of chained 2012 dollars",588074.8,592847.9,598342.4,600155.3,591567.8,595622.2,599524.9,602162.1,605914.8,611075.4,621664.1,630585.2,629858.6,639262.5,632397.6,617712.8,606215.2,605160.1,607545.7,621670.7,616360.6,624928.4,633030.7,636585.5,627642.8,635417.4,638814.6,646581.2,646900.5,649620.0,650691.3,644491.6,651793.4,654649.8,656465.5,660808.0,658669.3,667370.3,674954.4,677578.5,681668.5,682275.1,681854.9,684065.8,685221.1,686226.4,691450.6,690539.4,689260.2,691862.1,698695.6,699648.5,699846.4,702143.7,706537.5,707583.8,709027.9,713563.3,718536.4,719115.1,708225.7,633368.0,687974.9,694260.9,700244.2,708188.4,710466.4,724993.3,723032.4,721324.2,727015.7,732770.1,736260.9
 "42000","Pennsylvania",2,SQGDP1,2,"...","Chain-type quantity indexes for real GDP ","Quantity index",90.763,91.499,92.347,92.627,91.302,91.928,92.530,92.937,93.516,94.313,95.947,97.324,97.212,98.663,97.603,95.337,93.562,93.400,93.768,95.948,95.128,96.451,97.701,98.250,96.870,98.069,98.594,99.792,99.842,100.261,100.427,99.470,100.597,101.038,101.318,101.988,101.658,103.001,104.172,104.577,105.208,105.301,105.237,105.578,105.756,105.911,106.718,106.577,106.379,106.781,107.836,107.983,108.013,108.368,109.046,109.208,109.430,110.130,110.898,110.987,109.307,97.753,106.181,107.151,108.075,109.301,109.652,111.894,111.592,111.328,112.207,113.095,113.634
 "42000","Pennsylvania",2,SQGDP1,3,"...","Current-dollar GDP (millions of current dollars) ","Millions of current dollars",500807.4,507458.6,516558.6,522101.0,519399.8,528087.3,535995.6,541613.5,550859.5,559243.9,571887.2,581336.5,581997.2,592384.7,592329.1,585387.5,577364.9,576358.2,579881.5,594974.6,590889.5,601125.4,610578.4,616353.9,610520.2,622117.8,629445.2,637195.7,641584.3,647656.2,652646.9,649816.0,660425.4,665443.2,670007.2,678400.4,678505.8,690745.6,701835.0,705484.0,709728.5,714130.6,715545.5,717406.8,717945.6,723679.2,730956.5,733666.5,735817.4,740488.8,751740.8,757716.8,762362.2,771285.5,778782.2,783479.7,787927.1,797406.9,805317.2,808904.2,799361.3,712624.1,780989.3,793478.2,811598.5,834007.8,849913.3,882466.3,897583.5,915423.8,931717.1,947630.8,961945.6
 "44000","Rhode Island",1,SQGDP1,1,"...","Real GDP (millions of chained 2012 dollars)  ","Millions of chained 2012 dollars",50513.3,51300.2,51431.3,52233.9,51900.4,53154.0,53709.1,52834.7,52444.6,51521.5,51239.7,50670.4,50997.4,50764.9,50384.8,50153.6,49326.3,49765.6,50275.2,50650.2,50696.0,51267.4,51672.9,51694.9,50477.7,51741.9,51352.1,51546.9,51713.6,51745.5,51631.9,51241.1,52095.8,51619.2,51936.1,51992.3,52074.8,52123.3,52202.0,52773.4,52630.8,52908.6,52652.4,53084.5,52347.2,52769.2,53461.7,53032.4,52294.2,52526.4,53172.0,52774.7,52526.9,52621.5,52347.2,52717.5,53455.3,53389.5,53279.4,53521.5,52990.8,47834.2,52235.6,53003.9,52818.7,54858.9,54877.3,55869.2,55217.8,55294.8,55541.8,55598.9,55608.0
 "44000","Rhode Island",1,SQGDP1,2,"...","Chain-type quantity indexes for real GDP ","Quantity index",97.926,99.452,99.706,101.262,100.615,103.046,104.122,102.427,101.670,99.881,99.334,98.231,98.865,98.414,97.677,97.229,95.625,96.477,97.465,98.192,98.280,99.388,100.174,100.217,97.857,100.308,99.552,99.930,100.253,100.315,100.095,99.337,100.994,100.070,100.685,100.793,100.953,101.047,101.200,102.308,102.031,102.570,102.073,102.911,101.482,102.300,103.642,102.810,101.379,101.829,103.080,102.310,101.830,102.013,101.481,102.199,103.630,103.502,103.289,103.758,102.729,92.732,101.265,102.755,102.396,106.351,106.386,108.309,107.047,107.196,107.675,107.785,107.803
 "44000","Rhode Island",1,SQGDP1,3,"...","Current-dollar GDP (millions of current dollars) ","Millions of current dollars",43230.5,44158.3,44569.6,45538.1,45715.2,47257.0,48125.0,47720.3,47853.9,47274.1,47307.6,46927.5,47289.1,47127.8,47127.8,47565.1,46978.9,47420.0,47955.3,48454.5,48570.4,49346.4,49881.1,50075.5,49039.1,50530.6,50508.6,50746.1,51277.6,51623.1,51769.4,51662.0,52814.7,52559.8,53152.8,53609.0,53834.0,54190.9,54637.6,55576.2,55800.3,56380.5,56395.1,56987.3,56363.3,57145.5,58059.2,57845.9,57248.9,57725.4,58741.4,58624.2,58712.2,59294.5,59200.0,59956.5,61160.4,61476.5,61701.9,62232.5,62129.0,56239.4,61807.6,62906.5,63247.7,66400.3,67250.6,69384.8,69643.3,70759.5,72054.6,73151.4,74093.5
 "45000","South Carolina",5,SQGDP1,1,"...","Real GDP (millions of chained 2012 dollars)  ","Millions of chained 2012 dollars",168167.0,169187.0,169777.8,170822.2,172902.3,173113.4,173024.6,174443.3,174930.5,177782.7,179947.7,181237.5,178486.2,179270.7,177217.8,171295.5,168763.1,167752.4,168424.7,170467.0,170063.4,171853.5,172800.4,173806.7,174490.2,176848.3,175789.1,177205.2,178844.1,177831.9,177543.1,176253.4,179962.7,178980.5,181874.0,182708.9,182879.9,186502.3,187265.9,187299.5,189194.9,190853.5,193517.9,194513.1,195759.5,197491.2,198554.3,200217.7,201682.8,202099.6,202440.0,203827.2,205120.1,206758.1,207593.0,208933.5,211107.0,211455.5,214257.7,216130.9,210301.6,195335.2,213350.3,213949.1,216766.4,221140.1,221640.7,224632.6,225761.2,225457.3,226715.9,227746.1,228305.7
 "45000","South Carolina",5,SQGDP1,2,"...","Chain-type quantity indexes for real GDP ","Quantity index",94.679,95.253,95.586,96.174,97.345,97.464,97.414,98.213,98.487,100.093,101.312,102.038,100.489,100.930,99.775,96.440,95.015,94.446,94.824,95.974,95.747,96.754,97.288,97.854,98.239,99.567,98.970,99.768,100.690,100.120,99.958,99.232,101.320,100.767,102.396,102.866,102.962,105.002,105.432,105.451,106.518,107.452,108.952,109.512,110.214,111.189,111.787,112.724,113.549,113.783,113.975,114.756,115.484,116.406,116.876,117.631,118.854,119.051,120.628,121.683,118.401,109.975,120.117,120.455,122.041,124.503,124.785,126.469,127.105,126.934,127.642,128.222,128.537
 "45000","South Carolina",5,SQGDP1,3,"...","Current-dollar GDP (millions of current dollars) ","Millions of current dollars",143076.4,144455.5,146092.7,147990.1,151321.7,152798.8,154093.1,156377.3,158430.7,161948.2,164668.0,165938.5,163614.4,164634.8,164800.3,162495.2,161572.2,160607.8,161449.4,163624.6,163087.4,165462.3,166741.0,168149.3,169265.5,172338.3,172645.5,174051.1,176868.5,177338.2,178248.0,178018.0,182639.5,182372.4,186285.4,188738.9,189404.7,194084.6,196306.2,197615.2,201236.3,204010.6,208210.2,209809.6,211448.7,214490.7,215903.9,218637.6,221071.1,222086.4,223598.0,226311.2,228886.2,232518.0,234319.6,237281.9,241349.4,243279.7,247970.5,251349.1,246255.1,229446.4,252175.1,253561.4,259158.2,267640.8,272146.8,280264.0,287065.0,292932.0,298960.7,304564.2,308926.6
 "46000","South Dakota",4,SQGDP1,1,"...","Real GDP (millions of chained 2012 dollars)  ","Millions of chained 2012 dollars",35847.9,35651.3,35865.2,36004.5,36296.9,36556.0,36410.9,36139.5,37813.6,37968.4,37503.8,37737.9,39922.4,39450.5,39046.7,37903.4,39425.1,39862.4,40486.8,40174.8,39594.2,39775.3,40870.3,41238.6,42049.0,42614.6,42789.2,44745.2,44728.7,44563.0,42261.3,44053.0,43989.2,44147.5,44218.3,44234.5,45215.6,45290.3,44724.4,44155.6,45028.8,45216.7,45585.1,46827.5,45401.1,45745.2,46617.9,46539.7,46857.7,46103.9,45411.6,44730.1,46817.1,46218.0,46235.2,45930.8,46365.7,46273.0,46850.7,47112.8,47332.1,45063.5,48277.3,48936.6,49114.3,49673.7,49523.8,49920.1,50132.2,49921.7,49864.2,49318.6,50520.7
 "46000","South Dakota",4,SQGDP1,2,"...","Chain-type quantity indexes for real GDP ","Quantity index",81.655,81.207,81.695,82.012,82.678,83.268,82.938,82.320,86.133,86.485,85.427,85.960,90.936,89.861,88.942,86.337,89.804,90.800,92.222,91.511,90.189,90.601,93.095,93.934,95.780,97.069,97.466,101.922,101.884,101.507,96.264,100.345,100.200,100.560,100.722,100.759,102.993,103.164,101.874,100.579,102.568,102.996,103.835,106.665,103.416,104.200,106.188,106.009,106.734,105.017,103.440,101.887,106.641,105.277,105.316,104.622,105.613,105.402,106.718,107.315,107.814,102.647,109.967,111.469,111.874,113.148,112.807,113.709,114.192,113.713,113.582,112.339,115.077
 "46000","South Dakota",4,SQGDP1,3,"...","Current-dollar GDP (millions of current dollars) ","Millions of current dollars",30867.4,30748.5,31056.0,31317.6,31855.5,32343.2,32582.0,32677.2,34676.8,35094.6,34995.6,35525.0,37518.1,37033.7,36597.7,35262.7,35959.8,36190.0,36629.9,36951.9,36693.1,37127.9,38434.5,39154.4,40546.0,41384.5,41989.1,43648.7,44208.7,44318.0,42376.2,44703.1,45176.6,45321.9,45524.2,45421.5,46686.6,47358.2,46728.2,46368.5,47108.9,47542.3,48164.3,49465.2,47950.3,48786.0,49877.1,49992.4,50929.2,50440.6,49944.4,49615.8,52367.4,52197.9,52304.1,52327.9,53083.9,53391.9,54504.3,55025.1,55616.5,52316.9,56713.0,58078.5,59020.8,61559.2,62468.2,63690.6,65964.0,67489.3,68326.5,68502.9,70315.7
 "47000","Tennessee",5,SQGDP1,1,"...","Real GDP (millions of chained 2012 dollars)  ","Millions of chained 2012 dollars",265145.2,266672.9,270176.9,271571.7,273436.5,275810.2,274295.9,275974.2,269551.8,271695.2,273751.4,277897.7,276748.3,277366.0,276294.8,267875.1,265580.3,264034.9,263354.0,265979.4,266920.2,267546.7,268414.3,270917.9,272163.1,275778.4,277827.8,281823.7,284450.7,287689.4,286248.3,286977.4,290856.7,288127.3,289602.5,290592.0,291026.8,293801.3,295472.7,296219.6,300344.6,304598.4,306366.6,306627.1,307457.6,307914.9,310764.6,314435.8,316454.8,317441.8,319006.1,322952.7,321650.1,322769.9,325182.1,324564.1,328581.6,329960.1,333396.5,332768.1,334634.1,295265.0,329028.3,334888.6,346070.8,349444.0,352803.5,361526.3,364843.3,365145.3,368614.0,372501.7,375763.4
 "47000","Tennessee",5,SQGDP1,2,"...","Chain-type quantity indexes for real GDP ","Quantity index",92.598,93.131,94.355,94.842,95.493,96.322,95.793,96.379,94.136,94.885,95.603,97.051,96.650,96.865,96.491,93.551,92.750,92.210,91.972,92.889,93.217,93.436,93.739,94.614,95.048,96.311,97.027,98.422,99.340,100.471,99.967,100.222,101.577,100.624,101.139,101.484,101.636,102.605,103.189,103.450,104.890,106.376,106.993,107.084,107.374,107.534,108.529,109.811,110.517,110.861,111.408,112.786,112.331,112.722,113.564,113.349,114.752,115.233,116.433,116.214,116.865,103.116,114.908,116.954,120.859,122.038,123.211,126.257,127.415,127.521,128.732,130.090,131.229
 "47000","Tennessee",5,SQGDP1,3,"...","Current-dollar GDP (millions of current dollars) ","Millions of current dollars",227330.2,229396.6,233685.1,236122.1,239569.9,243566.9,244136.6,247062.1,243755.2,247115.4,249955.7,253943.3,253230.2,254391.3,256490.7,252855.6,252551.0,251259.3,251296.0,254224.9,255253.9,256782.9,258035.0,261032.0,263046.6,268001.1,271961.4,276247.9,281241.5,286905.2,287425.2,289793.9,295031.0,293120.1,296056.9,299243.0,299850.3,304617.4,308659.4,311485.5,318009.3,324676.4,328626.3,329864.2,331589.5,333875.1,337438.9,342752.2,346227.9,348019.4,351460.6,357646.8,357654.6,361934.4,365634.6,366998.3,373661.0,377898.4,383656.9,385297.7,390390.8,344887.6,386450.3,394299.8,410321.3,420391.3,430229.4,447559.8,461010.0,469937.6,480049.7,492022.9,502663.6
 "48000","Texas",6,SQGDP1,1,"...","Real GDP (millions of chained 2012 dollars)  ","Millions of chained 2012 dollars",1139658.4,1135433.3,1137918.6,1152484.7,1201785.0,1221094.9,1234618.7,1256690.6,1264535.4,1289259.4,1292203.3,1298772.7,1280086.4,1275240.7,1276586.2,1296441.3,1283018.0,1268738.0,1274100.7,1283324.8,1297028.9,1303407.7,1314966.9,1324445.8,1333041.2,1348910.1,1352294.3,1380155.9,1400141.9,1414739.4,1421653.5,1448185.6,1462155.5,1478834.3,1495674.9,1502135.8,1487194.1,1517509.6,1546682.4,1567082.4,1606817.9,1590408.4,1608819.7,1617560.7,1616602.1,1615121.6,1622154.3,1625938.6,1639506.6,1649350.3,1664705.0,1684251.4,1704304.3,1724470.8,1735998.8,1748442.2,1753036.9,1762172.9,1794129.8,1809786.0,1790727.8,1657126.2,1766666.4,1775727.5,1794614.3,1809123.4,1815623.2,1840893.4,1843354.1,1851811.8,1888869.4,1921276.0,1935410.8
 "48000","Texas",6,SQGDP1,2,"...","Chain-type quantity indexes for real GDP ","Quantity index",80.191,79.894,80.069,81.094,84.562,85.921,86.873,88.426,88.978,90.718,90.925,91.387,90.072,89.731,89.826,91.223,90.278,89.274,89.651,90.300,91.264,91.713,92.526,93.193,93.798,94.915,95.153,97.113,98.520,99.547,100.033,101.900,102.883,104.057,105.242,105.696,104.645,106.778,108.831,110.266,113.062,111.908,113.203,113.818,113.751,113.647,114.141,114.408,115.362,116.055,117.135,118.511,119.922,121.341,122.152,123.027,123.351,123.994,126.242,127.344,126.003,116.602,124.310,124.947,126.276,127.297,127.755,129.533,129.706,130.301,132.909,135.189,136.183
 "48000","Texas",6,SQGDP1,3,"...","Current-dollar GDP (millions of current dollars) ","Millions of current dollars",968505.2,975780.1,1001395.2,1035329.3,1071297.6,1096286.6,1114116.8,1131089.6,1149379.1,1188694.1,1201116.2,1225182.9,1228946.7,1263934.7,1264957.2,1219340.9,1173961.8,1153427.4,1162798.7,1188242.7,1223263.6,1232018.4,1252740.9,1275814.8,1303586.3,1340245.0,1348558.1,1372948.1,1397505.5,1407203.6,1422024.7,1457986.7,1480600.7,1504689.6,1533953.0,1541539.0,1543903.2,1581236.8,1602329.8,1589728.1,1576808.8,1571265.7,1575692.5,1570226.5,1548784.5,1571899.9,1587579.6,1607795.5,1638433.6,1652848.4,1678203.8,1723451.4,1764065.6,1804332.8,1827160.0,1842028.5,1835028.1,1848510.8,1869142.2,1882349.9,1835659.5,1663638.0,1810327.0,1850108.9,1932766.2,2014190.1,2079874.7,2180243.2,2247573.3,2354455.1,2402236.8,2419573.6,2436345.6
 "49000","Utah",7,SQGDP1,1,"...","Real GDP (millions of chained 2012 dollars)  ","Millions of chained 2012 dollars",107245.4,108775.0,110924.6,113240.8,115939.5,117552.1,119222.9,121214.9,121062.3,124186.0,124527.8,125565.3,123900.2,125776.2,125159.4,122066.3,122338.1,121350.5,121070.2,120966.7,122391.0,122292.9,124251.7,126673.3,126829.7,128250.2,128106.1,128784.0,129955.2,129341.0,128746.7,130007.2,131892.7,132488.7,134162.1,133908.1,135672.4,136830.9,137255.1,138216.4,139958.3,141148.5,142016.2,143759.1,145673.6,146493.8,148858.0,150823.9,150708.5,152769.6,156235.0,159319.9,161625.1,164255.7,165988.1,166619.5,170693.7,169826.4,173266.6,174366.9,173889.8,167403.9,177742.7,180782.4,183595.1,185676.0,186798.9,191570.2,191283.7,190744.2,191925.9,193906.9,194709.0
 "49000","Utah",7,SQGDP1,2,"...","Chain-type quantity indexes for real GDP ","Quantity index",82.807,83.988,85.648,87.436,89.520,90.765,92.055,93.593,93.475,95.887,96.151,96.952,95.667,97.115,96.639,94.251,94.460,93.698,93.482,93.402,94.501,94.426,95.938,97.808,97.929,99.025,98.914,99.438,100.342,99.868,99.409,100.382,101.838,102.298,103.590,103.394,104.756,105.651,105.978,106.720,108.065,108.984,109.654,111.000,112.478,113.112,114.937,116.455,116.366,117.957,120.633,123.015,124.795,126.826,128.164,128.651,131.797,131.127,133.784,134.633,134.265,129.257,137.240,139.587,141.759,143.365,144.232,147.916,147.695,147.279,148.191,149.721,150.340
 "49000","Utah",7,SQGDP1,3,"...","Current-dollar GDP (millions of current dollars) ","Millions of current dollars",91655.9,93596.9,96508.9,99658.8,102830.6,105366.3,107714.9,110237.3,111153.9,114858.5,115845.1,117396.2,116157.9,118620.4,118614.7,115322.7,114846.1,113509.9,113440.1,114145.6,116383.5,116819.7,119234.0,122242.0,123234.6,125661.1,126310.4,127053.8,129079.6,129035.0,129025.8,130909.6,133362.7,134422.1,136800.1,137216.6,139570.1,141655.3,142978.9,144396.2,146212.0,148557.2,149985.2,151859.1,153767.0,156060.0,159186.8,162295.5,163014.5,165831.6,170489.5,175264.0,179124.0,183846.9,186588.1,188270.9,193563.5,193791.5,198394.9,200405.5,200477.5,191793.1,205741.3,210521.7,216376.6,221965.5,226516.9,236502.1,240864.2,245830.9,250412.2,255598.1,259290.8
 "50000","Vermont",1,SQGDP1,1,"...","Real GDP (millions of chained 2012 dollars)  ","Millions of chained 2012 dollars",26990.1,26867.8,26986.5,27137.9,27388.1,27220.2,27110.0,26796.9,26609.9,26805.9,27029.9,27101.0,27833.2,27898.7,27879.2,27422.4,27067.1,26942.4,27260.3,27618.1,27818.0,28354.3,28745.0,28697.7,28570.5,28923.8,28881.6,29678.2,29313.9,29657.3,29300.7,28693.1,28917.6,28721.9,28464.4,28622.1,28370.8,28707.2,29182.9,29387.9,29054.7,29051.5,29204.6,29165.4,29358.5,29319.3,29505.3,29449.5,29463.3,29413.1,29543.0,29543.2,29623.1,29723.0,29568.4,29494.4,29907.7,29722.7,30020.1,30112.2,30158.3,26863.4,29444.5,29792.3,30094.0,30402.8,30582.1,31108.3,31310.4,31297.5,31401.0,31572.1,31610.9
 "50000","Vermont",1,SQGDP1,2,"...","Chain-type quantity indexes for real GDP ","Quantity index",92.301,91.883,92.289,92.807,93.662,93.088,92.711,91.641,91.001,91.671,92.438,92.681,95.185,95.409,95.342,93.780,92.565,92.138,93.226,94.449,95.133,96.967,98.303,98.141,97.706,98.914,98.770,101.494,100.248,101.423,100.203,98.125,98.893,98.224,97.343,97.883,97.023,98.174,99.800,100.502,99.362,99.351,99.875,99.741,100.401,100.267,100.903,100.712,100.759,100.588,101.032,101.033,101.306,101.647,101.119,100.866,102.279,101.646,102.664,102.978,103.136,91.868,100.695,101.885,102.916,103.972,104.585,106.385,107.076,107.032,107.386,107.971,108.104
 "50000","Vermont",1,SQGDP1,3,"...","Current-dollar GDP (millions of current dollars) ","Millions of current dollars",23452.1,23421.2,23647.8,23913.4,24319.8,24312.8,24408.5,24285.0,24359.9,24672.2,25018.7,25140.0,25820.0,25938.0,26153.7,26085.3,25890.7,25800.2,26136.3,26569.5,26754.8,27325.8,27758.2,27787.6,27788.3,28260.1,28421.7,29204.5,29053.7,29591.5,29379.9,28939.9,29331.6,29251.7,29130.9,29444.0,29279.5,29805.9,30458.4,30853.7,30657.1,30800.9,31127.3,31147.7,31386.1,31550.5,31820.1,31888.0,32056.1,32088.7,32366.1,32553.6,32808.1,33164.1,33093.7,33201.4,33874.0,33874.6,34441.1,34733.5,35048.2,31281.2,34590.4,35154.6,35829.4,36661.7,37369.2,38554.9,39538.6,40248.6,40942.7,41738.3,42239.4
 "51000","Virginia",5,SQGDP1,1,"...","Real GDP (millions of chained 2012 dollars)  ","Millions of chained 2012 dollars",405352.9,410991.4,415922.1,416072.1,420969.4,420095.8,419481.9,418935.4,420943.2,422438.1,427118.7,429258.2,428421.1,433356.5,434679.4,428409.8,423533.7,426434.8,427958.6,432668.7,434464.0,440949.7,443955.7,445600.1,441902.7,443714.1,443944.5,447590.7,445803.9,445903.3,447012.7,445174.6,450785.6,448344.1,448799.0,448326.3,444797.9,447586.3,448557.4,449770.8,451208.8,455536.1,457213.6,456691.0,455504.8,458204.1,460873.7,465280.7,463105.5,465620.4,468479.2,472242.9,474382.4,477004.9,480104.9,480168.6,484484.5,485794.0,492687.7,493830.0,489002.6,453483.3,482661.5,490490.0,496829.7,501883.3,506619.0,516071.8,511784.3,510601.8,513355.0,516043.9,517363.5
 "51000","Virginia",5,SQGDP1,2,"...","Chain-type quantity indexes for real GDP ","Quantity index",90.892,92.156,93.262,93.295,94.393,94.197,94.060,93.937,94.387,94.723,95.772,96.252,96.064,97.171,97.468,96.062,94.968,95.619,95.961,97.017,97.419,98.873,99.548,99.916,99.087,99.493,99.545,100.363,99.962,99.984,100.233,99.821,101.079,100.532,100.634,100.528,99.736,100.362,100.579,100.851,101.174,102.144,102.520,102.403,102.137,102.742,103.341,104.329,103.841,104.405,105.046,105.890,106.370,106.958,107.653,107.667,108.635,108.929,110.475,110.731,109.648,101.684,108.226,109.982,111.403,112.537,113.598,115.718,114.757,114.491,115.109,115.712,116.008
 "51000","Virginia",5,SQGDP1,3,"...","Current-dollar GDP (millions of current dollars) ","Millions of current dollars",348876.7,355582.9,362632.8,365186.5,372800.3,375299.9,377465.1,379377.7,384918.5,388765.4,395194.9,397920.6,398000.3,403635.1,408750.5,408153.7,406184.0,409357.3,411461.9,416866.6,418706.7,426462.6,430039.6,432760.7,430027.7,433571.1,436602.6,440519.7,441572.4,444776.8,448600.7,448944.6,456522.0,455409.3,457623.3,461007.3,458072.3,463363.9,467632.6,471658.4,476016.8,483114.4,487682.1,488332.6,488108.5,493740.7,497726.2,504509.0,503892.6,507731.1,513169.9,519666.2,524538.0,531273.9,536405.3,539408.8,548094.6,552448.9,563263.9,567250.1,565892.6,525777.8,562664.7,573635.4,585372.0,596718.8,609013.3,628726.0,633880.9,642755.1,654573.4,666360.9,676734.1
 "53000","Washington",8,SQGDP1,1,"...","Real GDP (millions of chained 2012 dollars)  ","Millions of chained 2012 dollars",336337.3,340084.4,339120.4,346169.7,350512.6,351494.8,353237.7,357808.9,360083.4,370587.8,377662.9,384388.3,379560.8,383294.1,386803.5,375501.4,368500.5,369138.4,369025.4,373882.1,373940.5,381051.7,383631.4,385334.2,385050.9,386071.0,385998.0,393861.0,398993.5,400721.0,403485.7,398922.2,408392.8,407894.3,413763.8,413444.6,417182.0,420773.2,429450.7,430464.6,435616.1,441170.4,445843.6,445178.2,455746.8,453467.5,457156.1,466684.7,472062.2,476239.3,485000.0,494726.7,507062.5,511980.4,521121.1,519952.3,528055.6,528075.3,534990.3,541480.5,542706.3,509713.1,552802.0,550202.8,565174.8,575469.8,575027.3,584844.1,577715.1,578519.7,583581.3,588870.4,593496.5
 "53000","Washington",8,SQGDP1,2,"...","Chain-type quantity indexes for real GDP ","Quantity index",83.973,84.908,84.668,86.428,87.512,87.757,88.192,89.334,89.902,92.524,94.291,95.970,94.764,95.697,96.573,93.751,92.003,92.162,92.134,93.347,93.361,95.137,95.781,96.206,96.135,96.390,96.372,98.335,99.616,100.048,100.738,99.598,101.963,101.838,103.304,103.224,104.157,105.054,107.220,107.474,108.760,110.146,111.313,111.147,113.786,113.217,114.138,116.517,117.859,118.902,121.089,123.518,126.598,127.826,130.108,129.816,131.839,131.844,133.570,135.191,135.497,127.259,138.017,137.368,141.107,143.677,143.566,146.017,144.237,144.438,145.702,147.023,148.178
 "53000","Washington",8,SQGDP1,3,"...","Current-dollar GDP (millions of current dollars) ","Millions of current dollars",287547.6,292316.2,293460.5,301379.6,307950.6,311377.5,315564.3,322168.5,327561.0,338922.9,347331.8,354281.2,350203.5,354175.3,360115.4,354682.1,349424.3,349917.7,349959.6,355678.6,356272.7,364862.2,368781.9,372074.2,374002.3,377051.8,379621.0,387624.2,395410.5,399945.0,404652.6,402114.2,413912.4,414997.5,422764.3,424695.3,429419.3,435640.1,446928.1,450604.4,457749.9,465354.0,472109.2,471545.8,482608.7,482090.8,486253.1,498147.9,506007.0,512108.4,523278.5,536244.3,551192.3,560994.4,571976.8,573092.1,585316.1,588672.6,598882.3,608056.2,613676.2,576558.7,630611.9,631029.7,652913.3,674363.5,681364.2,701316.8,705408.5,717336.2,731690.7,747618.7,761414.9
 "54000","West Virginia",5,SQGDP1,1,"...","Real GDP (millions of chained 2012 dollars)  ","Millions of chained 2012 dollars",65341.8,66167.6,65491.4,65712.8,66583.1,66945.9,66904.8,67011.9,66603.2,66999.8,67443.6,67429.7,67405.9,68246.0,68670.8,69612.8,69367.1,68231.2,67415.3,67753.5,67289.4,68671.3,70530.0,70123.3,68941.4,70436.0,70595.9,71471.8,70892.1,71193.9,70028.5,69174.4,70595.6,70416.9,70428.6,70759.4,69447.0,70602.5,70949.5,71130.7,70921.6,70755.7,70552.5,70422.3,70475.9,69895.7,69925.3,69748.5,71545.4,71117.5,71492.0,71547.7,72031.9,73092.9,73879.9,73677.0,72387.6,72585.7,73012.6,72547.7,72709.9,66410.5,71330.2,71326.3,71199.7,71156.3,71112.1,71904.8,70877.6,71130.2,71840.3,72761.4,72805.3
 "54000","West Virginia",5,SQGDP1,2,"...","Chain-type quantity indexes for real GDP ","Quantity index",92.918,94.092,93.130,93.445,94.683,95.199,95.140,95.293,94.712,95.275,95.907,95.887,95.853,97.048,97.652,98.991,98.642,97.027,95.866,96.347,95.687,97.652,100.295,99.717,98.036,100.162,100.389,101.635,100.810,101.239,99.582,98.368,100.389,100.135,100.151,100.622,98.755,100.399,100.892,101.150,100.852,100.616,100.328,100.142,100.219,99.394,99.436,99.184,101.739,101.131,101.663,101.743,102.431,103.940,105.059,104.771,102.937,103.219,103.826,103.165,103.395,94.438,101.433,101.428,101.248,101.186,101.123,102.251,100.790,101.149,102.159,103.469,103.531
 "54000","West Virginia",5,SQGDP1,3,"...","Current-dollar GDP (millions of current dollars) ","Millions of current dollars",51947.4,53077.9,53725.7,55219.0,55987.2,56927.8,57477.8,57647.2,57981.2,59109.3,59803.9,60199.4,60325.2,62664.7,64056.6,63732.7,63589.1,63153.5,63170.2,64490.0,64570.3,65283.5,67051.9,67088.9,66874.4,69427.2,69854.2,70780.5,70723.6,70918.3,70082.6,69564.3,71184.2,71214.3,71630.3,71897.2,71304.6,72919.5,73434.9,72933.8,71162.0,71962.2,71393.5,70756.5,69794.4,70675.0,71288.0,71940.3,74600.8,74108.4,74694.5,75876.8,77161.0,78964.2,80359.4,80287.0,78475.7,79192.6,79709.2,79924.9,79164.3,69835.7,77801.1,79390.6,81858.4,84023.2,85919.3,89936.0,91498.0,96723.7,97403.8,96728.1,96012.2
 "55000","Wisconsin",3,SQGDP1,1,"...","Real GDP (millions of chained 2012 dollars)  ","Millions of chained 2012 dollars",261144.0,263150.4,266338.0,264162.0,267734.4,268156.5,268477.0,268617.8,268832.6,269463.8,270768.7,270669.4,268392.0,269644.2,267264.2,261207.3,255384.8,257171.4,259541.8,262946.9,262217.8,265202.6,268475.0,271427.8,269737.2,271863.8,273837.5,275814.4,278670.0,278550.6,276109.4,275098.5,277216.7,276695.2,278106.9,280041.0,279115.5,284671.9,285733.2,286403.9,287242.2,288980.0,289567.7,290518.1,290669.1,291545.2,293539.2,291927.6,290879.1,290115.7,293229.9,293466.1,297785.8,297405.5,299852.1,301207.0,301679.0,303440.2,303781.9,305775.0,299309.1,274801.0,297161.2,301148.2,301697.0,305501.5,306510.1,312161.0,312366.2,310909.7,311355.9,312176.7,313120.7
 "55000","Wisconsin",3,SQGDP1,2,"...","Chain-type quantity indexes for real GDP ","Quantity index",94.239,94.963,96.114,95.328,96.618,96.770,96.886,96.936,97.014,97.242,97.713,97.677,96.855,97.307,96.448,94.262,92.161,92.806,93.661,94.890,94.627,95.704,96.885,97.951,97.340,98.108,98.820,99.534,100.564,100.521,99.640,99.275,100.040,99.851,100.361,101.059,100.725,102.730,103.113,103.355,103.657,104.285,104.497,104.840,104.894,105.210,105.930,105.348,104.970,104.694,105.818,105.903,107.462,107.325,108.208,108.697,108.867,109.503,109.626,110.345,108.012,99.168,107.237,108.676,108.874,110.247,110.611,112.650,112.724,112.198,112.359,112.656,112.996
 "55000","Wisconsin",3,SQGDP1,3,"...","Current-dollar GDP (millions of current dollars) ","Millions of current dollars",223596.3,226004.8,230243.7,229343.0,234306.9,236663.7,238888.5,240418.2,243192.4,245230.5,247412.7,247522.3,245540.2,247012.7,247999.2,246706.0,243398.3,245382.9,248144.3,251914.4,250933.0,254616.9,258286.4,261895.3,261358.9,264748.5,268774.7,270575.3,275468.0,277546.2,277304.2,278110.0,281854.9,282055.0,284636.6,288536.9,288094.0,295521.7,298417.7,300750.6,303173.5,306929.5,309291.1,310637.6,310948.8,313716.1,316137.5,315490.6,315619.7,315384.0,320207.4,322030.4,328275.6,330392.2,334008.8,337317.8,339570.2,343990.6,346459.6,350925.3,346338.7,318138.3,346036.3,351851.0,355264.9,364768.5,371058.8,383352.8,392030.7,398850.0,404703.8,411581.6,417301.0
 "56000","Wyoming",7,SQGDP1,1,"...","Real GDP (millions of chained 2012 dollars)  ","Millions of chained 2012 dollars",33407.1,34028.5,33065.6,33434.8,35812.4,37271.1,38626.6,39543.7,40073.4,40549.5,40652.2,41253.9,41601.8,41808.4,42409.8,45652.8,45030.2,41896.7,40378.4,38880.3,39445.9,40063.2,40517.5,40200.0,39567.3,39644.0,39565.5,40295.0,39489.8,39508.9,38339.9,38083.1,39059.0,38544.0,38692.7,39102.6,38787.7,39313.5,39804.0,40332.5,41067.7,39970.4,40523.4,40111.1,39924.7,38295.4,37562.0,36972.8,37162.5,37796.7,37545.3,37582.1,37913.4,38072.0,38114.5,38220.6,38041.9,38095.1,38724.8,38924.8,38411.0,34787.3,36185.8,35690.3,36417.6,36362.8,36354.5,36465.2,36341.1,35899.8,36369.9,36773.4,37005.2
 "56000","Wyoming",7,SQGDP1,2,"...","Chain-type quantity indexes for real GDP ","Quantity index",85.978,87.577,85.099,86.049,92.168,95.923,99.411,101.771,103.135,104.360,104.624,106.173,107.068,107.600,109.148,117.494,115.892,107.827,103.920,100.064,101.520,103.108,104.278,103.461,101.832,102.029,101.827,103.705,101.633,101.682,98.673,98.012,100.524,99.199,99.581,100.636,99.826,101.179,102.441,103.802,105.694,102.870,104.293,103.232,102.752,98.559,96.671,95.155,95.643,97.275,96.628,96.723,97.576,97.984,98.093,98.366,97.906,98.043,99.664,100.179,98.856,89.530,93.129,91.854,93.726,93.585,93.564,93.848,93.529,92.393,93.603,94.642,95.238
 "56000","Wyoming",7,SQGDP1,3,"...","Current-dollar GDP (millions of current dollars) ","Millions of current dollars",25825.4,26952.1,27787.8,29739.8,30757.6,32357.2,33788.4,34058.1,34979.3,36580.6,37171.2,39072.0,40703.1,44255.6,44724.4,41594.1,38426.7,35848.6,35255.1,35477.5,37439.5,37248.0,37861.2,38174.2,38780.9,40041.0,39777.8,40405.8,39782.7,39216.3,38214.6,38208.0,39385.4,39017.8,39462.3,39293.6,39665.6,40508.8,40788.3,40279.7,38897.2,38717.5,38586.0,37506.9,36141.5,35943.2,35713.6,35717.5,36477.8,37003.1,36788.4,37653.4,38543.2,39099.7,39492.4,39551.2,38844.4,39101.6,39585.8,40180.4,38795.7,33335.2,36303.0,36887.6,39221.9,40753.5,42016.3,44049.1,45693.3,48043.5,48336.2,47657.0,47419.6
 "91000","New England",1,SQGDP1,1,"...","Real GDP (millions of chained 2012 dollars)  ","Millions of chained 2012 dollars",816364.8,820449.6,825512.8,831836.9,842446.3,843529.9,842812.9,853927.8,857612.6,862701.7,867517.5,871116.8,886839.5,886271.7,869254.7,843201.2,845578.2,843150.0,848337.2,854606.5,858726.2,870653.3,878865.8,876901.0,862707.9,880754.0,871752.5,883491.2,883998.9,889042.8,888934.7,885347.3,883228.1,880118.3,885519.0,886463.4,876975.1,886849.0,897715.2,909637.1,911838.7,920517.4,918161.5,926113.9,923889.6,928255.7,934532.4,933562.7,931340.8,938464.1,947403.5,952591.7,960392.4,963935.4,970476.9,970343.0,981245.3,983229.2,987176.2,990138.3,980202.2,891056.9,956708.4,978438.8,985357.6,1008944.2,1017894.8,1033154.7,1031577.5,1024370.5,1031315.3,1036455.5,1040673.4
 "91000","New England",1,SQGDP1,2,"...","Chain-type quantity indexes for real GDP ","Quantity index",92.054,92.515,93.086,93.799,94.995,95.117,95.036,96.290,96.705,97.279,97.822,98.228,100.001,99.937,98.018,95.080,95.348,95.074,95.659,96.366,96.831,98.176,99.102,98.880,97.280,99.315,98.300,99.623,99.681,100.249,100.237,99.833,99.594,99.243,99.852,99.959,98.889,100.002,101.227,102.572,102.820,103.799,103.533,104.430,104.179,104.671,105.379,105.270,105.019,105.822,106.830,107.415,108.295,108.694,109.432,109.417,110.646,110.870,111.315,111.649,110.529,100.477,107.879,110.330,111.110,113.770,114.779,116.500,116.322,115.509,116.292,116.872,117.347
 "91000","New England",1,SQGDP1,3,"...","Current-dollar GDP (millions of current dollars) ","Millions of current dollars",707483.9,714199.2,722993.3,732210.2,748089.9,755668.8,759941.8,774846.8,785452.0,794330.9,802609.6,807365.9,822858.5,822707.9,814698.2,801356.5,807661.0,805879.4,811814.7,819619.3,823676.7,838397.2,848168.6,849000.5,837867.1,859916.1,857098.3,869259.0,876197.1,886722.9,891551.6,892852.1,895667.1,896372.1,906399.5,913995.6,906750.1,921746.6,939079.4,956946.3,965820.1,980026.3,982463.7,992780.1,993208.5,1003756.6,1013271.8,1016431.4,1017086.6,1028384.0,1043067.6,1054077.4,1068603.3,1081004.9,1091927.6,1097191.3,1115747.1,1125346.4,1135983.8,1144294.1,1142440.7,1040655.6,1124268.2,1153597.6,1170914.8,1210096.4,1234412.8,1268730.4,1286078.0,1295723.4,1321188.9,1345679.3,1369554.6
 "92000","Mideast",2,SQGDP1,1,"...","Real GDP (millions of chained 2012 dollars)  ","Millions of chained 2012 dollars",2696918.7,2718333.5,2745157.7,2768640.0,2775351.1,2777738.5,2773436.9,2792067.3,2826225.3,2804730.5,2812347.5,2824273.8,2851942.5,2855086.8,2847095.4,2783729.0,2771597.0,2818779.9,2839864.6,2875362.7,2896155.5,2927232.0,2921769.0,2914940.2,2923080.7,2924278.8,2923576.8,2954255.1,2980645.3,2996590.8,3014726.9,3009598.2,3000621.8,3005718.0,3016781.7,3040239.9,3027534.3,3054664.0,3082003.9,3093186.8,3104547.6,3125741.1,3127107.4,3113756.4,3162761.3,3171469.5,3168689.6,3175137.6,3181922.6,3178972.0,3202168.9,3232995.0,3239898.2,3262704.8,3284529.8,3277434.5,3302042.4,3333718.4,3347655.7,3350939.3,3304674.2,2992587.9,3215101.8,3236363.8,3287735.8,3333600.2,3366624.2,3429016.9,3423723.9,3422591.1,3445766.7,3454350.6,3465582.6
 "92000","Mideast",2,SQGDP1,2,"...","Chain-type quantity indexes for real GDP ","Quantity index",89.886,90.599,91.493,92.276,92.500,92.579,92.436,93.057,94.195,93.479,93.733,94.130,95.052,95.157,94.891,92.779,92.375,93.947,94.650,95.833,96.526,97.562,97.380,97.152,97.423,97.463,97.440,98.462,99.342,99.873,100.478,100.307,100.008,100.178,100.546,101.328,100.905,101.809,102.720,103.093,103.471,104.178,104.223,103.778,105.412,105.702,105.609,105.824,106.050,105.952,106.725,107.752,107.983,108.743,109.470,109.234,110.054,111.109,111.574,111.683,110.141,99.740,107.156,107.865,109.577,111.106,112.206,114.286,114.109,114.072,114.844,115.130,115.504
 "92000","Mideast",2,SQGDP1,3,"...","Current-dollar GDP (millions of current dollars) ","Millions of current dollars",2310721.3,2341484.3,2381194.5,2417107.1,2445645.0,2472225.6,2486389.5,2521605.8,2579535.1,2576351.1,2599676.4,2618217.3,2648414.9,2653128.1,2667406.8,2635847.4,2628985.1,2670360.0,2693163.9,2735824.5,2762778.4,2808560.0,2811890.9,2817041.1,2833938.2,2852781.7,2872063.1,2904317.4,2953442.2,2987592.5,3023803.1,3036723.5,3044419.3,3063491.7,3091739.0,3140789.1,3140923.1,3188472.0,3238450.6,3265912.1,3295908.6,3335405.2,3351985.8,3341944.2,3404502.6,3436728.7,3447171.9,3472212.5,3493553.6,3506062.8,3551965.3,3609277.9,3642272.1,3700210.4,3739547.0,3751764.1,3799560.6,3860839.5,3894971.1,3910513.2,3884715.4,3517507.7,3804094.3,3849576.2,3952281.9,4054591.9,4144854.4,4278269.3,4336992.2,4401026.6,4481038.2,4547810.9,4622796.9
 "93000","Great Lakes",3,SQGDP1,1,"...","Real GDP (millions of chained 2012 dollars)  ","Millions of chained 2012 dollars",2232741.8,2243550.7,2252737.2,2251787.5,2263356.0,2267086.2,2263697.6,2264788.0,2270975.5,2278949.6,2285528.8,2286107.9,2263454.3,2266938.2,2235996.5,2162776.2,2110504.0,2108049.7,2117111.0,2146522.6,2146252.5,2181740.4,2213073.0,2221714.9,2219728.7,2229873.1,2235665.3,2271451.5,2275951.2,2281612.2,2273964.1,2258278.1,2292131.3,2283369.8,2297210.0,2312700.0,2310972.9,2349985.6,2370512.7,2370180.3,2365836.6,2377821.0,2380809.5,2384692.0,2379776.8,2395151.4,2400785.2,2412886.4,2405876.4,2414721.0,2426319.8,2437798.1,2460235.0,2467119.0,2479669.7,2479169.7,2483745.4,2492253.6,2508672.5,2506875.1,2463962.8,2227660.7,2437484.0,2459715.9,2498112.2,2542113.3,2546723.6,2587621.2,2596258.9,2582848.7,2591224.4,2595801.2,2602294.3
 "93000","Great Lakes",3,SQGDP1,2,"...","Chain-type quantity indexes for real GDP ","Quantity index",98.253,98.728,99.132,99.091,99.600,99.764,99.615,99.663,99.935,100.286,100.575,100.601,99.604,99.757,98.396,95.174,92.873,92.765,93.164,94.458,94.447,96.008,97.387,97.767,97.680,98.126,98.381,99.956,100.154,100.403,100.067,99.376,100.866,100.480,101.090,101.771,101.695,103.412,104.315,104.301,104.109,104.637,104.768,104.939,104.723,105.399,105.647,106.180,105.871,106.261,106.771,107.276,108.263,108.566,109.119,109.097,109.298,109.672,110.395,110.316,108.428,98.029,107.262,108.241,109.930,111.867,112.069,113.869,114.249,113.659,114.028,114.229,114.515
 "93000","Great Lakes",3,SQGDP1,3,"...","Current-dollar GDP (millions of current dollars) ","Millions of current dollars",1909304.0,1926029.3,1946990.5,1955435.3,1981517.3,2001549.6,2013372.7,2027648.8,2054466.3,2073567.8,2088485.5,2090964.2,2071676.9,2077635.0,2072320.3,2035771.8,1999216.1,1996466.0,2008581.1,2041394.1,2042294.4,2084758.0,2120440.3,2136339.9,2144653.8,2168155.0,2192070.6,2228504.2,2251373.7,2274688.0,2283505.1,2280238.8,2324395.2,2320662.3,2344004.0,2376289.1,2379853.2,2433879.1,2471446.2,2484519.4,2495092.8,2522493.0,2538621.4,2545340.2,2541162.5,2571876.0,2581601.6,2605945.9,2610321.8,2627492.4,2654379.3,2682174.5,2721330.2,2751530.3,2773984.8,2788023.4,2806642.3,2833706.9,2865240.9,2875580.5,2843204.3,2568850.6,2828019.7,2863138.6,2935295.8,3030265.9,3080554.2,3178217.2,3255114.0,3308326.1,3361436.0,3411992.6,3460400.9
 "94000","Plains",4,SQGDP1,1,"...","Real GDP (millions of chained 2012 dollars)  ","Millions of chained 2012 dollars",966607.6,971451.1,979879.3,976775.7,985296.4,994875.2,983361.1,986360.0,993190.6,1007710.6,1010267.4,1019680.3,1023080.6,1029485.3,1020970.5,1000895.5,988593.6,987662.3,994883.6,1004997.6,1002519.6,1015203.9,1025206.3,1035244.3,1029480.5,1040879.4,1040228.2,1058521.0,1071115.4,1074612.5,1065962.0,1063030.1,1074927.6,1076132.3,1085915.8,1091045.9,1089583.9,1110887.4,1124036.4,1126295.6,1128554.9,1129987.3,1133095.2,1134456.0,1131238.6,1132622.3,1143981.6,1148601.1,1147542.7,1149185.2,1146175.9,1154692.2,1164609.1,1172160.6,1177206.2,1177238.3,1174383.4,1181171.8,1193258.1,1197187.7,1186465.2,1093316.7,1172442.0,1187683.4,1199288.1,1216475.4,1207896.8,1215684.4,1220619.5,1215718.9,1220891.8,1221618.7,1236673.0
 "94000","Plains",4,SQGDP1,2,"...","Chain-type quantity indexes for real GDP ","Quantity index",90.449,90.902,91.691,91.400,92.198,93.094,92.016,92.297,92.936,94.295,94.534,95.415,95.733,96.332,95.536,93.657,92.506,92.419,93.095,94.041,93.809,94.996,95.932,96.871,96.332,97.399,97.338,99.049,100.228,100.555,99.746,99.471,100.585,100.697,101.613,102.093,101.956,103.949,105.180,105.391,105.603,105.737,106.028,106.155,105.854,105.983,107.046,107.478,107.379,107.533,107.252,108.048,108.976,109.683,110.155,110.158,109.891,110.526,111.657,112.025,111.022,102.305,109.709,111.136,112.221,113.830,113.027,113.756,114.217,113.759,114.243,114.311,115.720
 "94000","Plains",4,SQGDP1,3,"...","Current-dollar GDP (millions of current dollars) ","Millions of current dollars",820181.1,827330.6,840023.1,841788.7,855597.0,870996.2,868840.6,877962.6,894877.4,914021.3,921959.3,933888.3,937704.3,945843.4,946525.3,936825.4,926517.0,925326.2,932810.3,948064.3,947602.9,963422.7,976785.9,992040.0,995631.9,1013848.9,1021889.2,1038004.9,1059822.2,1070072.9,1069657.8,1075167.1,1094669.7,1097157.6,1110527.8,1118739.4,1120874.8,1151505.3,1168879.8,1175523.6,1178107.2,1186198.1,1194008.4,1194880.9,1189672.9,1198858.8,1212434.8,1221930.8,1228965.3,1234585.2,1237068.6,1254440.2,1272615.8,1291332.6,1299908.5,1306494.3,1308127.7,1324267.4,1345337.4,1357399.2,1352865.7,1240582.7,1342652.1,1369151.3,1398483.0,1448309.7,1461803.1,1494608.6,1537981.1,1571795.4,1597269.2,1615949.7,1647899.9
 "95000","Southeast",5,SQGDP1,1,"...","Real GDP (millions of chained 2012 dollars)  ","Millions of chained 2012 dollars",3355714.3,3382437.8,3408794.2,3427045.0,3465386.4,3477060.2,3475798.2,3495522.3,3466083.3,3480152.3,3501140.6,3518234.4,3491796.5,3504308.4,3475975.6,3388989.0,3340451.9,3330470.4,3337359.4,3368735.4,3363757.4,3398553.6,3425939.5,3439728.9,3409659.8,3430570.0,3421253.3,3455951.1,3469964.8,3469542.1,3466144.3,3447848.7,3498852.9,3486559.2,3511429.7,3521428.1,3519961.9,3560129.9,3586278.7,3600264.0,3623189.9,3657264.3,3674108.0,3683516.9,3695200.1,3714923.2,3743413.5,3773446.4,3799249.2,3806912.8,3827627.6,3866219.1,3880020.6,3898683.7,3922683.4,3929245.4,3959792.2,3978450.4,4014028.3,4031326.2,3994489.3,3659059.3,3965369.8,3993801.8,4064830.3,4144134.8,4173442.8,4250022.1,4247986.4,4245003.0,4272822.7,4306400.9,4328611.2
 "95000","Southeast",5,SQGDP1,2,"...","Chain-type quantity indexes for real GDP ","Quantity index",96.891,97.663,98.424,98.951,100.058,100.395,100.359,100.928,100.078,100.484,101.090,101.584,100.821,101.182,100.364,97.852,96.451,96.163,96.361,97.267,97.124,98.128,98.919,99.317,98.449,99.053,98.784,99.786,100.190,100.178,100.080,99.552,101.024,100.669,101.388,101.676,101.634,102.794,103.549,103.952,104.614,105.598,106.085,106.356,106.694,107.263,108.086,108.953,109.698,109.919,110.517,111.632,112.030,112.569,113.262,113.451,114.333,114.872,115.899,116.399,115.335,105.650,114.494,115.315,117.366,119.656,120.502,122.713,122.655,122.568,123.372,124.341,124.982
 "95000","Southeast",5,SQGDP1,3,"...","Current-dollar GDP (millions of current dollars) ","Millions of current dollars",2853346.4,2890637.4,2940796.8,2980209.0,3036110.2,3073716.4,3098036.5,3132807.6,3139508.8,3174077.4,3209552.4,3232760.4,3216081.2,3240937.2,3247760.3,3195198.0,3159362.2,3147745.5,3160545.5,3202347.1,3206027.8,3252464.9,3289102.1,3316690.1,3303748.3,3346399.7,3362089.0,3397182.6,3435871.7,3458843.5,3478635.6,3480149.0,3546770.5,3544271.8,3585723.5,3621271.4,3629475.0,3692318.8,3742823.8,3774847.9,3814606.7,3871648.5,3908138.1,3922698.2,3937046.6,3981862.1,4020384.4,4071892.2,4119910.1,4140716.0,4185842.0,4254504.7,4293559.0,4350280.7,4391393.5,4423555.9,4481709.8,4529929.0,4591564.5,4630646.9,4612699.4,4223292.6,4611363.9,4666057.9,4800110.0,4964412.1,5074108.5,5251259.6,5352881.4,5461186.8,5565912.4,5679890.6,5773293.9
 "96000","Southwest",6,SQGDP1,1,"...","Real GDP (millions of chained 2012 dollars)  ","Millions of chained 2012 dollars",1623716.9,1625216.1,1630851.3,1644498.7,1716863.0,1730965.8,1746219.8,1771926.7,1782684.1,1813739.9,1823451.8,1829015.8,1809022.2,1807391.5,1807191.2,1825215.5,1797141.2,1772924.2,1776457.1,1785732.1,1796174.5,1810374.2,1826388.1,1840758.4,1843181.1,1865269.3,1873705.9,1912164.8,1933291.9,1951655.8,1955061.4,1981669.9,1998904.6,2014220.1,2032467.2,2045358.9,2031397.3,2068264.4,2107984.0,2132151.9,2175850.1,2156846.1,2177814.5,2190018.1,2188411.6,2188257.9,2197805.5,2201597.5,2220361.1,2234787.8,2256221.4,2277419.9,2303447.4,2326449.1,2342132.2,2358953.4,2367210.0,2380860.4,2421978.3,2440682.6,2416621.5,2240840.6,2388825.5,2402286.7,2424556.4,2444122.7,2452163.9,2490398.6,2486172.7,2491512.0,2535496.8,2573892.6,2592273.7
 "96000","Southwest",6,SQGDP1,2,"...","Chain-type quantity indexes for real GDP ","Quantity index",83.037,83.113,83.402,84.100,87.800,88.521,89.302,90.616,91.166,92.755,93.251,93.536,92.513,92.430,92.420,93.341,91.906,90.667,90.848,91.322,91.856,92.582,93.401,94.136,94.260,95.390,95.821,97.788,98.868,99.808,99.982,101.342,102.224,103.007,103.940,104.599,103.885,105.771,107.802,109.038,111.273,110.301,111.373,111.997,111.915,111.907,112.396,112.590,113.549,114.287,115.383,116.467,117.798,118.974,119.776,120.637,121.059,121.757,123.860,124.816,123.586,114.596,122.164,122.853,123.992,124.992,125.403,127.359,127.143,127.416,129.665,131.629,132.569
 "96000","Southwest",6,SQGDP1,3,"...","Current-dollar GDP (millions of current dollars) ","Millions of current dollars",1383171.7,1398593.5,1433651.3,1473229.1,1529583.1,1553175.1,1576059.8,1597987.9,1623485.0,1673168.6,1695612.3,1723881.7,1730947.4,1779235.0,1780268.1,1720241.3,1655243.3,1625076.3,1634654.2,1665532.4,1702587.8,1718830.6,1745840.7,1776786.7,1803643.2,1851592.5,1866531.5,1900427.9,1928703.8,1942092.3,1955635.5,1995247.4,2024766.7,2050653.9,2085394.8,2100139.8,2108609.2,2155719.7,2186722.8,2172082.0,2151998.5,2147426.7,2152474.1,2148027.0,2121844.1,2154265.8,2175649.4,2200681.1,2241828.4,2262668.5,2296792.6,2350961.2,2403537.3,2452899.4,2483612.0,2504978.3,2501307.1,2522524.3,2553402.3,2572251.6,2517616.5,2291782.5,2491062.1,2542975.9,2643736.9,2747841.6,2830237.9,2965040.7,3043846.4,3172718.8,3234615.5,3259054.0,3283934.3
 "97000","Rocky Mountain",7,SQGDP1,1,"...","Real GDP (millions of chained 2012 dollars)  ","Millions of chained 2012 dollars",483760.9,487797.9,491178.9,491540.7,504258.4,506823.8,512736.9,515526.2,520312.4,528613.1,531932.2,540508.3,536588.3,541885.8,541151.6,535460.8,532630.5,522117.9,522787.9,521425.8,524424.5,526458.6,532564.8,540168.2,536467.5,538788.4,538742.2,544281.8,545255.3,546334.4,544562.5,547271.3,556791.8,558224.4,564092.5,568201.8,571473.6,577816.0,584339.5,592415.2,599694.9,600872.5,604609.8,607132.0,609956.1,610485.8,617745.4,623624.5,624768.1,631244.1,639651.2,647365.2,655961.5,661638.2,666118.6,671156.4,679966.1,685105.9,698253.0,700435.2,700065.1,651683.5,697172.4,702165.6,715776.9,723014.7,727419.0,744609.0,747354.3,744141.3,749987.2,755857.1,760247.1
 "97000","Rocky Mountain",7,SQGDP1,2,"...","Chain-type quantity indexes for real GDP ","Quantity index",88.624,89.364,89.983,90.050,92.379,92.849,93.933,94.444,95.320,96.841,97.449,99.020,98.302,99.273,99.138,98.096,97.577,95.651,95.774,95.524,96.074,96.446,97.565,98.958,98.280,98.705,98.697,99.712,99.890,100.088,99.763,100.259,102.003,102.266,103.341,104.094,104.693,105.855,107.050,108.530,109.863,110.079,110.764,111.226,111.743,111.840,113.170,114.247,114.457,115.643,117.183,118.596,120.171,121.211,122.032,122.955,124.569,125.510,127.919,128.319,128.251,119.387,127.721,128.636,131.129,132.455,133.262,136.411,136.914,136.326,137.397,138.472,139.276
 "97000","Rocky Mountain",7,SQGDP1,3,"...","Current-dollar GDP (millions of current dollars) ","Millions of current dollars",412099.9,418713.6,427837.6,434283.9,446118.7,452188.5,461100.3,465457.2,474836.8,487101.8,493682.5,505892.9,505399.0,518735.0,520304.4,504744.0,496986.6,487031.4,489456.8,493392.6,500534.8,502553.3,510302.2,520907.2,522581.7,530106.3,532612.4,537773.8,542257.5,544471.3,545360.8,551333.8,564042.2,567549.5,576488.9,581536.6,588507.7,598781.6,606653.0,613080.5,614290.3,620255.2,623850.7,624825.1,624466.0,632191.7,642357.0,652770.7,658893.5,667637.2,679518.8,694155.8,708673.4,721333.0,729201.3,737406.3,748153.9,758060.1,774498.0,780385.2,780101.7,718995.4,779999.5,792946.0,820719.8,844603.8,864339.3,903107.6,927214.4,947898.0,964605.6,978447.7,991443.8
 "98000","Far West",8,SQGDP1,1,"...","Real GDP (millions of chained 2012 dollars)  ","Millions of chained 2012 dollars",2635035.3,2661391.7,2688337.7,2716225.1,2771201.4,2769457.5,2783954.4,2804704.6,2798821.9,2831020.7,2861248.1,2903850.3,2864488.2,2909655.2,2912164.2,2824233.6,2807342.0,2776975.1,2767681.7,2781558.4,2807409.0,2826068.2,2840214.8,2887249.1,2875927.6,2882785.0,2871837.1,2897347.5,2931775.9,2937655.5,2951126.8,2970401.0,2981611.1,2995829.2,3032268.8,3086835.0,3067078.3,3099756.9,3152959.6,3161233.7,3219372.5,3258773.9,3270984.1,3276087.4,3329037.3,3327643.3,3369899.9,3397847.9,3429973.5,3475180.8,3530362.7,3583970.6,3605379.5,3644854.4,3684558.8,3697988.0,3715843.5,3755583.5,3787820.6,3829629.8,3778009.9,3457038.7,3735682.0,3786922.9,3866272.8,3945229.3,3987723.4,4054190.6,3970172.3,3966829.6,4004556.4,4033489.0,4052025.5
 "98000","Far West",8,SQGDP1,2,"...","Chain-type quantity indexes for real GDP ","Quantity index",89.392,90.286,91.200,92.146,94.011,93.952,94.444,95.148,94.948,96.040,97.066,98.511,97.176,98.708,98.793,95.810,95.237,94.207,93.892,94.362,95.239,95.872,96.352,97.948,97.564,97.796,97.425,98.290,99.458,99.658,100.115,100.769,101.149,101.631,102.868,104.719,104.048,105.157,106.962,107.243,109.215,110.552,110.966,111.139,112.935,112.888,114.321,115.270,116.359,117.893,119.765,121.584,122.310,123.649,124.996,125.452,126.057,127.406,128.499,129.917,128.166,117.278,126.730,128.469,131.161,133.839,135.281,137.536,134.685,134.572,135.852,136.833,137.462
 "98000","Far West",8,SQGDP1,3,"...","Current-dollar GDP (millions of current dollars) ","Millions of current dollars",2292138.1,2327173.7,2369349.1,2409884.6,2474439.6,2491650.0,2523658.9,2557680.2,2578172.6,2623923.1,2666554.9,2714868.0,2685000.9,2737534.9,2757452.4,2683312.1,2661962.4,2626503.1,2618640.2,2643505.6,2678344.8,2708943.4,2733904.8,2793213.5,2799593.4,2823647.6,2830748.8,2855465.6,2908225.8,2929763.9,2958623.0,2994346.6,3021738.8,3046292.3,3096555.6,3167009.1,3155426.3,3206671.6,3275497.8,3295692.4,3362493.5,3418803.5,3443659.0,3450013.1,3505328.5,3522942.7,3573167.1,3617351.3,3669570.6,3729359.6,3804876.0,3883898.6,3924396.9,3998004.5,4051456.1,4082607.8,4122267.6,4188840.1,4241325.1,4303512.3,4268275.0,3900053.2,4247588.5,4330813.2,4460992.1,4612612.7,4721738.5,4868069.2,4857960.7,4944817.9,5050871.3,5148335.3,5229436.8
"Note: See the included footnote file."
"SQGDP1: State quarterly gross domestic product (GDP) summary "
"Last updated: June 30, 2023-- new statistics for 2023:Q1."
"U.S. Bureau of Economic Analysis"
